Frecuencia_Hz,PSD_dBm
95000000.0,-92.52571233346708
95004882.8125,-92.6263824861918
95009765.625,-92.51039272016314
95014648.4375,-92.54108245078874
95019531.25,-92.60679953549132
95024414.0625,-92.67450912886423
95029296.875,-92.75105467711455
95034179.6875,-92.6168439017315
95039062.5,-92.59566199809302
95043945.3125,-92.64662820825242
95048828.125,-92.66500059648274
95053710.9375,-92.64906319088146
95058593.75,-92.69401936772516
95063476.5625,-92.67632908415524
95068359.375,-92.6524317689817
95073242.1875,-92.70597938221218
95078125.0,-92.73657741031565
95083007.8125,-92.71125098340087
95087890.625,-92.72444796852852
95092773.4375,-92.67132192152692
95097656.25,-92.69700530571282
95102539.0625,-92.63296919672516
95107421.875,-92.80223324968216
95112304.6875,-92.90304349650197
95117187.5,-92.83585926771536
95122070.3125,-92.85424019346189
95126953.125,-92.79997637956566
95131835.9375,-92.73605912678462
95136718.75,-92.77639505800897
95141601.5625,-92.81813052739253
95146484.375,-92.83226668446054
95151367.1875,-92.87005580552449
95156250.0,-92.88270678252039
95161132.8125,-92.95683054864526
95166015.625,-92.99065413828063
95170898.4375,-92.9534235501441
95175781.25,-93.00763799545416
95180664.0625,-92.91065860246917
95185546.875,-92.91660855340922
95190429.6875,-92.90001739797219
95195312.5,-92.91529491066956
95200195.3125,-92.97277954887392
95205078.125,-93.03337741277966
95209960.9375,-92.95482407555252
95214843.75,-92.92953447181688
95219726.5625,-92.89052272935515
95224609.375,-92.98335453710166
95229492.1875,-92.92974794118535
95234375.0,-92.87278530717305
95239257.8125,-93.0170681675101
95244140.625,-92.90548777273321
95249023.4375,-93.00238343504529
95253906.25,-93.00854587207664
95258789.0625,-92.93883282114743
95263671.875,-92.8764916889362
95268554.6875,-92.92103345715336
95273437.5,-93.07813661614
95278320.3125,-92.92530074564615
95283203.125,-92.95145441895392
95288085.9375,-92.96970904914548
95292968.75,-92.96610790713564
95297851.5625,-92.93574684999643
95302734.375,-92.94881262410604
95307617.1875,-92.95736241621461
95312500.0,-92.8400101945746
95317382.8125,-93.08341132202386
95322265.625,-93.06082669522513
95327148.4375,-93.00300090052752
95332031.25,-92.94612374996137
95336914.0625,-92.88643175311853
95341796.875,-93.0078274442645
95346679.6875,-92.97417941752133
95351562.5,-92.78471358053613
95356445.3125,-93.02656707200816
95361328.125,-92.94110627728
95366210.9375,-92.9040143751065
95371093.75,-92.99422530156014
95375976.5625,-92.9700845366875
95380859.375,-92.95714801758339
95385742.1875,-92.86546287738986
95390625.0,-92.95044062870889
95395507.8125,-92.99744299164388
95400390.625,-92.86144072406654
95405273.4375,-93.10322553016499
95410156.25,-92.98509882624762
95415039.0625,-93.0508628400147
95419921.875,-93.00988294362199
95424804.6875,-92.97706353645572
95429687.5,-93.01095884001654
95434570.3125,-92.89938767077393
95439453.125,-92.98852939675984
95444335.9375,-92.90077415287803
95449218.75,-92.99878390679268
95454101.5625,-93.03492871799543
95458984.375,-92.993083034781
95463867.1875,-92.92437607951345
95468750.0,-92.98358843856428
95473632.8125,-92.88718607935775
95478515.625,-93.01812532336004
95483398.4375,-92.97084601047342
95488281.25,-92.93221548120533
95493164.0625,-92.94372460525469
95498046.875,-92.72935011503276
95502929.6875,-92.89987314475832
95507812.5,-92.85238834358691
95512695.3125,-92.93122281115453
95517578.125,-92.80179012064988
95522460.9375,-92.74436383436782
95527343.75,-92.63246483391444
95532226.5625,-92.67804911007542
95537109.375,-92.70119431721321
95541992.1875,-92.64153485756293
95546875.0,-92.63065345417093
95551757.8125,-92.60570298461971
95556640.625,-92.56413532943691
95561523.4375,-92.54534593932394
95566406.25,-92.38719472778547
95571289.0625,-92.49772994331482
95576171.875,-92.34577497758124
95581054.6875,-92.28919172994321
95585937.5,-92.30827600931318
95590820.3125,-92.22167755319245
95595703.125,-92.11648837151463
95600585.9375,-92.09206315850844
95605468.75,-92.22675061341357
95610351.5625,-92.310301390055
95615234.375,-92.22259911031173
95620117.1875,-92.28111411359063
95625000.0,-92.32151973605397
95629882.8125,-92.17042423268316
95634765.625,-91.99778011304241
95639648.4375,-91.88903718715852
95644531.25,-91.74960049253212
95649414.0625,-91.51485094251095
95654296.875,-91.26857468405831
95659179.6875,-91.05316284414815
95664062.5,-90.58244270862139
95668945.3125,-89.98142359717474
95673828.125,-89.61700427505642
95678710.9375,-89.30672508036889
95683593.75,-89.03923074697025
95688476.5625,-88.47137867110195
95693359.375,-87.26906724353509
95698242.1875,-84.425081255912
95703125.0,-84.22965051342342
95708007.8125,-86.19486556871593
95712890.625,-87.86905103263683
95717773.4375,-88.34142758933407
95722656.25,-88.86934970022449
95727539.0625,-89.51650790869246
95732421.875,-90.44236896673698
95737304.6875,-91.02686357608223
95742187.5,-91.31182022898236
95747070.3125,-91.67528733537631
95751953.125,-91.89772033383034
95756835.9375,-92.04981691186543
95761718.75,-92.36713833582328
95766601.5625,-92.5987852886683
95771484.375,-92.6846144334558
95776367.1875,-92.7861479005372
95781250.0,-92.87820799779212
95786132.8125,-92.88692578237769
95791015.625,-92.94944463920271
95795898.4375,-92.83508552103268
95800781.25,-92.9040619983453
95805664.0625,-92.91787515795843
95810546.875,-93.08429970398396
95815429.6875,-92.9390188474049
95820312.5,-93.01911492494341
95825195.3125,-92.8331016074597
95830078.125,-92.86432913757676
95834960.9375,-92.87147797879487
95839843.75,-92.9503377197295
95844726.5625,-92.88765932539582
95849609.375,-92.83937519614261
95854492.1875,-92.75804424383006
95859375.0,-92.76241030660017
95864257.8125,-92.75599557622621
95869140.625,-92.78785813142375
95874023.4375,-92.86249007020987
95878906.25,-92.81513613787644
95883789.0625,-92.78719326255074
95888671.875,-92.75676331774824
95893554.6875,-92.80765746296385
95898437.5,-92.73781818462152
95903320.3125,-92.75547453503674
95908203.125,-92.74953285168544
95913085.9375,-92.78459066218548
95917968.75,-92.78748903813266
95922851.5625,-92.80987781151859
95927734.375,-92.85030880578114
95932617.1875,-92.8644674269396
95937500.0,-92.89397161103739
95942382.8125,-92.95018003618645
95947265.625,-92.86660038562337
95952148.4375,-92.9901705847985
95957031.25,-93.0823799290892
95961914.0625,-92.99505973861363
95966796.875,-92.98745414079471
95971679.6875,-92.96130073694638
95976562.5,-92.87199644902762
95981445.3125,-92.90787910518782
95986328.125,-92.97617417757809
95991210.9375,-93.00269808655497
95996093.75,-92.90219482058194
96000976.5625,-92.98488646774618
96005859.375,-92.9217650862866
96010742.1875,-93.00162034149861
96015625.0,-92.85133496393124
96020507.8125,-92.98042706961124
96025390.625,-92.98581074200195
96030273.4375,-92.9676493280856
96035156.25,-92.9069414642467
96040039.0625,-92.99868986887961
96044921.875,-92.85353573090106
96049804.6875,-92.89710419402707
96054687.5,-92.95229353353156
96059570.3125,-92.85939847476979
96064453.125,-92.9298873801618
96069335.9375,-92.86851452831428
96074218.75,-92.90454997177042
96079101.5625,-93.0479084070968
96083984.375,-93.03003702177898
96088867.1875,-92.93389040881831
96093750.0,-92.9185192905974
96098632.8125,-92.97934382764407
96103515.625,-92.668769320353
96108398.4375,-92.85791554704704
96113281.25,-92.96388831937483
96118164.0625,-92.87281490023611
96123046.875,-92.90230589486188
96127929.6875,-92.89770771263608
96132812.5,-92.91656470437258
96137695.3125,-92.7867549932252
96142578.125,-92.91125526740186
96147460.9375,-92.93772000304281
96152343.75,-92.87389079088524
96157226.5625,-92.87135895720272
96162109.375,-92.74212130857788
96166992.1875,-92.8243045831639
96171875.0,-92.98823886018744
96176757.8125,-92.76959443995838
96181640.625,-92.87538368724535
96186523.4375,-92.90328500689483
96191406.25,-92.89119785039264
96196289.0625,-92.90555940314357
96201171.875,-92.77829159279355
96206054.6875,-92.93047044650632
96210937.5,-92.7769347231698
96215820.3125,-92.77892918638122
96220703.125,-92.71655762854172
96225585.9375,-92.67565502500142
96230468.75,-92.54622987179556
96235351.5625,-92.55290428012992
96240234.375,-92.66685131507859
96245117.1875,-92.64797540636317
96250000.0,-92.46734497433704
96254882.8125,-92.54564394168645
96259765.625,-92.452594327322
96264648.4375,-92.22786683300347
96269531.25,-92.12826188724927
96274414.0625,-92.03464844146274
96279296.875,-91.97114185907881
96284179.6875,-91.63454701312259
96289062.5,-91.48150265406093
96293945.3125,-91.56656885035198
96298828.125,-91.66496637181493
96303710.9375,-91.80012619318794
96308593.75,-92.15601701190079
96313476.5625,-92.4857641741595
96318359.375,-92.69262202739236
96323242.1875,-92.79102300734388
96328125.0,-92.81021248863846
96333007.8125,-92.81267112165091
96337890.625,-92.77744895912005
96342773.4375,-92.82662649914039
96347656.25,-92.80603863520713
96352539.0625,-92.78444587511979
96357421.875,-92.86938617985231
96362304.6875,-92.73969133540396
96367187.5,-92.67167232335001
96372070.3125,-92.69777366571233
96376953.125,-92.72801383706039
96381835.9375,-92.65896858650788
96386718.75,-92.61808412642304
96391601.5625,-92.75531765591828
96396484.375,-92.69460345306757
96401367.1875,-92.71545045997468
96406250.0,-92.68334941645551
96411132.8125,-92.6863358264365
96416015.625,-92.79466992721018
96420898.4375,-92.60227847227566
96425781.25,-92.63806824043641
96430664.0625,-92.67395568780171
96435546.875,-92.72551218782317
96440429.6875,-92.68159720802845
96445312.5,-92.77182304132256
96450195.3125,-92.71056271310843
96455078.125,-92.75732130925869
96459960.9375,-92.83957469874048
96464843.75,-92.78694576194226
96469726.5625,-92.68895774371916
96474609.375,-92.87820938025737
96479492.1875,-92.90533722840956
96484375.0,-92.9238595674384
96489257.8125,-92.85284920491105
96494140.625,-92.75023300348994
96499023.4375,-92.91741695666349
96503906.25,-92.85649496460667
96508789.0625,-92.82723910751159
96513671.875,-92.90763986840165
96518554.6875,-92.83126493058523
96523437.5,-92.85043836365764
96528320.3125,-92.87223608494159
96533203.125,-92.94259872678327
96538085.9375,-92.80891264206949
96542968.75,-92.86324986211582
96547851.5625,-92.9353697243534
96552734.375,-92.83666767089065
96557617.1875,-92.83368216141378
96562500.0,-92.87058608489596
96567382.8125,-92.80638653878663
96572265.625,-92.88203830267767
96577148.4375,-92.93511083804336
96582031.25,-92.93773573790955
96586914.0625,-92.89411444090533
96591796.875,-92.7173687511835
96596679.6875,-92.88545656666247
96601562.5,-92.97667256723935
96606445.3125,-92.79589523071343
96611328.125,-92.90702087226566
96616210.9375,-92.90622387831473
96621093.75,-92.90383663181751
96625976.5625,-92.89750383160009
96630859.375,-92.81927651973993
96635742.1875,-92.87250089226228
96640625.0,-92.85145219865566
96645507.8125,-92.85992727246412
96650390.625,-92.7836683739306
96655273.4375,-92.95513043288113
96660156.25,-92.84840195767882
96665039.0625,-92.97178184075318
96669921.875,-92.82704243544293
96674804.6875,-92.74873648414007
96679687.5,-92.80299523718543
96684570.3125,-92.85160529244482
96689453.125,-92.8551929096833
96694335.9375,-93.02729597185814
96699218.75,-92.98086697703161
96704101.5625,-92.88236073122337
96708984.375,-92.88105841133938
96713867.1875,-92.97712955818747
96718750.0,-92.87712735669527
96723632.8125,-92.84833689117539
96728515.625,-92.86517218334401
96733398.4375,-92.8408818311666
96738281.25,-92.98666147205134
96743164.0625,-92.91495298007123
96748046.875,-92.88564203070362
96752929.6875,-92.94995806748881
96757812.5,-92.84321454125683
96762695.3125,-92.79405303547134
96767578.125,-92.88208935257933
96772460.9375,-92.87414420237698
96777343.75,-92.85358614850392
96782226.5625,-92.88604263890662
96787109.375,-92.86389522299424
96791992.1875,-92.9561620660082
96796875.0,-92.87498992982484
96801757.8125,-92.8731007085837
96806640.625,-92.91396322094226
96811523.4375,-92.85694448378783
96816406.25,-92.88303488751708
96821289.0625,-92.77792451349771
96826171.875,-92.87089339850704
96831054.6875,-92.84939802782537
96835937.5,-92.73524852542025
96840820.3125,-92.89379162877214
96845703.125,-92.83107950803367
96850585.9375,-92.83271742519557
96855468.75,-92.88766693454403
96860351.5625,-92.85337117417339
96865234.375,-92.94846997210593
96870117.1875,-92.86155286169193
96875000.0,-92.78338555871122
96879882.8125,-92.85505718870982
96884765.625,-92.94485078956905
96889648.4375,-92.80338013080387
96894531.25,-92.77909349141854
96899414.0625,-92.77922161572911
96904296.875,-92.71958811415871
96909179.6875,-92.77611380317134
96914062.5,-92.71218781652487
96918945.3125,-92.71453360756581
96923828.125,-92.80443241983167
96928710.9375,-92.68723825041593
96933593.75,-92.6551955470137
96938476.5625,-92.75012867108617
96943359.375,-92.65408058967768
96948242.1875,-92.65826871653604
96953125.0,-92.61902274932146
96958007.8125,-92.52803879562961
96962890.625,-92.46203429501657
96967773.4375,-92.54893778882294
96972656.25,-92.25477990213147
96977539.0625,-92.42997570856039
96982421.875,-92.36702478242947
96987304.6875,-92.28523734569387
96992187.5,-92.24940265111448
96997070.3125,-92.3345503526865
97001953.125,-92.14988137870327
97006835.9375,-92.26835947640376
97011718.75,-92.31772699084314
97016601.5625,-92.33509931451687
97021484.375,-92.31491669360776
97026367.1875,-92.39446337862682
97031250.0,-92.48592289702205
97036132.8125,-92.42068489447854
97041015.625,-92.55424678994467
97045898.4375,-92.52734799012691
97050781.25,-92.60218239770523
97055664.0625,-92.58710194482941
97060546.875,-92.68041678441384
97065429.6875,-92.83681517922798
97070312.5,-92.80094731710687
97075195.3125,-92.73898654373386
97080078.125,-92.68708872379185
97084960.9375,-92.88970801512397
97089843.75,-92.85982374669462
97094726.5625,-92.771815538423
97099609.375,-92.88882120934434
97104492.1875,-92.86405526816179
97109375.0,-92.91240738310765
97114257.8125,-92.89752697659355
97119140.625,-92.84643079046856
97124023.4375,-92.82643257962644
97128906.25,-92.86189806155133
97133789.0625,-92.83360208782784
97138671.875,-92.78858147174526
97143554.6875,-92.90376738013072
97148437.5,-92.9170005615884
97153320.3125,-92.85587761622656
97158203.125,-92.74802900265547
97163085.9375,-92.77862830505808
97167968.75,-92.85117584320926
97172851.5625,-92.78289223063953
97177734.375,-92.85005090135411
97182617.1875,-92.80342409415255
97187500.0,-92.9084732655283
97192382.8125,-92.77842436906161
97197265.625,-92.9557593432865
97202148.4375,-92.71282630240285
97207031.25,-92.92253986296348
97211914.0625,-92.90653573219737
97216796.875,-92.99369342486526
97221679.6875,-92.90154479906818
97226562.5,-92.78777812512166
97231445.3125,-92.91121198934036
97236328.125,-92.87256889065102
97241210.9375,-92.8900212425088
97246093.75,-92.85857497482425
97250976.5625,-92.86032867395258
97255859.375,-92.83350218032035
97260742.1875,-92.78863837447324
97265625.0,-92.94461362699084
97270507.8125,-92.86377546533541
97275390.625,-92.91061604303502
97280273.4375,-92.84744198328974
97285156.25,-92.90503505565061
97290039.0625,-92.91308571412065
97294921.875,-92.80923174508447
97299804.6875,-92.86790293862285
97304687.5,-92.89997753251322
97309570.3125,-92.87226555286065
97314453.125,-92.90324328423185
97319335.9375,-92.79986912088407
97324218.75,-92.85888245092804
97329101.5625,-92.82524834918536
97333984.375,-92.9243831756823
97338867.1875,-92.90108087774138
97343750.0,-92.87809540079962
97348632.8125,-92.791305055659
97353515.625,-92.81759425104522
97358398.4375,-92.75237298545329
97363281.25,-92.88092233334754
97368164.0625,-92.82330444687292
97373046.875,-92.92741705133048
97377929.6875,-92.79044232676492
97382812.5,-92.92877842412926
97387695.3125,-92.89708141557293
97392578.125,-92.88854498372118
97397460.9375,-92.81263015749016
97402343.75,-92.86196714583883
97407226.5625,-92.99458874168329
97412109.375,-92.81187966987466
97416992.1875,-92.85709186593581
97421875.0,-92.96409568298708
97426757.8125,-92.93829071027409
97431640.625,-92.8436574134069
97436523.4375,-92.81824199504365
97441406.25,-92.96156227053538
97446289.0625,-92.91919981979456
97451171.875,-92.85696362966218
97456054.6875,-92.88593483368285
97460937.5,-92.78608809315222
97465820.3125,-92.84570578745837
97470703.125,-92.873757845174
97475585.9375,-92.88080831613536
97480468.75,-92.92335215724745
97485351.5625,-92.86958260979594
97490234.375,-92.87100006170374
97495117.1875,-92.89104924573056
97500000.0,-92.94812414537591
97504882.8125,-92.79866334520361
97509765.625,-92.87270711913874
97514648.4375,-92.91252608702129
97519531.25,-92.79303763241845
97524414.0625,-92.97331582633973
97529296.875,-92.84895544025622
97534179.6875,-92.82869752873074
97539062.5,-92.79411773999635
97543945.3125,-92.88915867750643
97548828.125,-92.85538132524925
97553710.9375,-92.78246172658382
97558593.75,-92.85585894314784
97563476.5625,-92.92525346023871
97568359.375,-92.7984004169902
97573242.1875,-92.7462245924402
97578125.0,-92.74555423145262
97583007.8125,-92.89603896965983
97587890.625,-92.75120148881669
97592773.4375,-92.7918517292112
97597656.25,-92.85821300455498
97602539.0625,-92.77040265502552
97607421.875,-92.8138016516532
97612304.6875,-92.8948051561182
97617187.5,-92.7596717875374
97622070.3125,-92.76953066315858
97626953.125,-92.92878500546482
97631835.9375,-92.84322161605868
97636718.75,-92.83668986783141
97641601.5625,-92.73222150916871
97646484.375,-92.88116395440818
97651367.1875,-92.77943632289413
97656250.0,-92.77148327108728
97661132.8125,-92.83695038908769
97666015.625,-92.78958605946912
97670898.4375,-92.78760590932669
97675781.25,-92.83597574703344
97680664.0625,-92.80677315165565
97685546.875,-92.79190228744756
97690429.6875,-92.94003314139312
97695312.5,-92.82353655515638
97700195.3125,-92.81845229710058
97705078.125,-92.82090751916621
97709960.9375,-92.79122501847144
97714843.75,-92.75640814861046
97719726.5625,-92.93503789388205
97724609.375,-92.78306260446388
97729492.1875,-92.69933967866808
97734375.0,-92.88874913065402
97739257.8125,-92.86301927072032
97744140.625,-92.85443084015878
97749023.4375,-92.93552395500296
97753906.25,-92.82085163503075
97758789.0625,-92.88541855644166
97763671.875,-92.89712037911673
97768554.6875,-92.81307945980242
97773437.5,-92.8974901616003
97778320.3125,-92.9094088094688
97783203.125,-92.89142973980765
97788085.9375,-92.87421317222106
97792968.75,-92.8976967997036
97797851.5625,-92.91947948623957
97802734.375,-92.92413968596571
97807617.1875,-92.89603315531619
97812500.0,-92.9152704132951
97817382.8125,-92.78346113586974
97822265.625,-92.9249125807313
97827148.4375,-92.88904538370412
97832031.25,-92.73251823912918
97836914.0625,-92.97173505704527
97841796.875,-92.97764186021405
97846679.6875,-92.86686676556252
97851562.5,-92.90659211446905
97856445.3125,-93.00551364303831
97861328.125,-92.83391680317618
97866210.9375,-92.85511138781433
97871093.75,-92.95571539593999
97875976.5625,-92.86360642696724
97880859.375,-92.96802311340065
97885742.1875,-92.91935065910073
97890625.0,-92.86208497251232
97895507.8125,-92.91204861400146
97900390.625,-92.89469237842377
97905273.4375,-92.85322984660169
97910156.25,-92.84510609913326
97915039.0625,-92.83767065988312
97919921.875,-93.04397749725862
97924804.6875,-92.92164442842326
97929687.5,-92.867659674783
97934570.3125,-92.90327356011989
97939453.125,-92.82897559109858
97944335.9375,-92.88763848182651
97949218.75,-92.9798168641396
97954101.5625,-92.95090154412168
97958984.375,-92.95473464223485
97963867.1875,-92.74727528001179
97968750.0,-92.95125881870138
97973632.8125,-92.85997681955473
97978515.625,-92.87124284188815
97983398.4375,-92.876739589657
97988281.25,-92.77524297576971
97993164.0625,-92.93582903559926
97998046.875,-92.8381444925304
98002929.6875,-92.94370046707004
98007812.5,-92.9759387339542
98012695.3125,-92.94828726697239
98017578.125,-92.93693281911177
98022460.9375,-92.90659241147156
98027343.75,-92.92279205468515
98032226.5625,-92.8958466626776
98037109.375,-92.92150227627278
98041992.1875,-92.85446514771164
98046875.0,-92.99409216915527
98051757.8125,-92.9105355980885
98056640.625,-92.86632660540991
98061523.4375,-92.86619935777199
98066406.25,-92.9526933123129
98071289.0625,-92.88979547905265
98076171.875,-92.86616864215065
98081054.6875,-92.83790415056117
98085937.5,-92.8312160866565
98090820.3125,-92.7789012070225
98095703.125,-92.8177569654089
98100585.9375,-92.94356203041545
98105468.75,-92.8626188568069
98110351.5625,-92.83748480365699
98115234.375,-92.88986188423928
98120117.1875,-92.73318651075078
98125000.0,-92.75319202839924
98129882.8125,-92.9207091240117
98134765.625,-92.94136602786375
98139648.4375,-92.91472056736549
98144531.25,-92.82293823004542
98149414.0625,-92.86109227957746
98154296.875,-92.97028782509503
98159179.6875,-92.87746117202576
98164062.5,-92.81910597466288
98168945.3125,-92.9761757965768
98173828.125,-92.91363001976973
98178710.9375,-92.83900910121997
98183593.75,-92.9419547443351
98188476.5625,-92.90488539464971
98193359.375,-92.93713882750765
98198242.1875,-92.85059969507785
98203125.0,-92.94164491022715
98208007.8125,-92.94911915576199
98212890.625,-92.95418699788607
98217773.4375,-92.83401728340951
98222656.25,-92.83708555382651
98227539.0625,-92.93982248794592
98232421.875,-92.98222479479935
98237304.6875,-92.93741711357393
98242187.5,-93.03101526114921
98247070.3125,-92.90143968017992
98251953.125,-92.84734603018197
98256835.9375,-92.94470277442241
98261718.75,-92.78713754051736
98266601.5625,-92.76039394529056
98271484.375,-92.90092577294186
98276367.1875,-92.90116035169152
98281250.0,-92.87597448634361
98286132.8125,-92.84768927802082
98291015.625,-92.81177455170885
98295898.4375,-92.90948703655499
98300781.25,-92.82832000916599
98305664.0625,-92.89792862607734
98310546.875,-92.71684059171324
98315429.6875,-92.62361371984835
98320312.5,-92.6973999291742
98325195.3125,-92.56042909397732
98330078.125,-92.52597828093866
98334960.9375,-92.35794158401961
98339843.75,-92.45124254151204
98344726.5625,-92.3390395365937
98349609.375,-92.19579421818227
98354492.1875,-92.1386303280101
98359375.0,-92.00302413287787
98364257.8125,-91.85159153223088
98369140.625,-91.76163952339496
98374023.4375,-91.67673195438394
98378906.25,-91.56123054072657
98383789.0625,-91.37464255982798
98388671.875,-91.33245359178531
98393554.6875,-91.29943975079578
98398437.5,-91.16180224756718
98403320.3125,-91.38281581999672
98408203.125,-91.26994268857129
98413085.9375,-91.44168080589563
98417968.75,-91.54319021614211
98422851.5625,-91.5130180083404
98427734.375,-91.69968256111997
98432617.1875,-91.7479577827662
98437500.0,-91.82870312329251
98442382.8125,-91.89239100784795
98447265.625,-91.85913724166767
98452148.4375,-92.27807250709051
98457031.25,-92.29974052938672
98461914.0625,-92.29874242685744
98466796.875,-92.40251626890358
98471679.6875,-92.44486546759896
98476562.5,-92.63634204526565
98481445.3125,-92.63008788803103
98486328.125,-92.73032974745843
98491210.9375,-92.73177967043557
98496093.75,-92.82330783960575
98500976.5625,-92.86444699762131
98505859.375,-92.79065494415681
98510742.1875,-92.81759365497612
98515625.0,-92.79183173775033
98520507.8125,-92.8956901160017
98525390.625,-92.91582652342942
98530273.4375,-92.9848490180785
98535156.25,-92.80625074298814
98540039.0625,-92.9255843652017
98544921.875,-92.9044419426101
98549804.6875,-92.97662193967611
98554687.5,-92.91417849377535
98559570.3125,-93.00960909321194
98564453.125,-93.00320549129589
98569335.9375,-92.87520935194118
98574218.75,-92.84504765552293
98579101.5625,-92.92539727797669
98583984.375,-92.79265193225743
98588867.1875,-92.96077619958373
98593750.0,-92.85863179156169
98598632.8125,-92.82883417756358
98603515.625,-92.85143112939318
98608398.4375,-92.85811779979522
98613281.25,-92.92300161694823
98618164.0625,-92.87072473957053
98623046.875,-92.84654284136005
98627929.6875,-92.86743706944938
98632812.5,-92.9251376559348
98637695.3125,-92.83775067175145
98642578.125,-92.93021419649415
98647460.9375,-92.88020014587565
98652343.75,-92.79015254471551
98657226.5625,-92.92666899894715
98662109.375,-93.0357552938589
98666992.1875,-92.84535870183373
98671875.0,-93.00243469270532
98676757.8125,-92.93199930354598
98681640.625,-92.99639268815355
98686523.4375,-92.87272274776402
98691406.25,-92.93495328476573
98696289.0625,-93.0038234326181
98701171.875,-92.86238175075854
98706054.6875,-92.7861801076451
98710937.5,-92.88535384071292
98715820.3125,-92.94218080633931
98720703.125,-92.87774386146114
98725585.9375,-92.90911589199939
98730468.75,-92.81540096460307
98735351.5625,-92.87336387822188
98740234.375,-92.89248564684169
98745117.1875,-92.92721029487882
98750000.0,-92.91357676022707
98754882.8125,-92.99456088158044
98759765.625,-92.87752239397852
98764648.4375,-92.96077903501069
98769531.25,-92.96219365789281
98774414.0625,-92.84809830989369
98779296.875,-93.01613846889117
98784179.6875,-92.95997347718716
98789062.5,-92.97770555429236
98793945.3125,-92.95099040235124
98798828.125,-92.96086383992778
98803710.9375,-92.94311380950404
98808593.75,-93.03064138314599
98813476.5625,-93.01380754377956
98818359.375,-92.88199730149506
98823242.1875,-93.02648039052374
98828125.0,-93.02903109979519
98833007.8125,-92.98965358243132
98837890.625,-92.81189912112649
98842773.4375,-92.94141040056883
98847656.25,-92.83242650504658
98852539.0625,-92.88192820360169
98857421.875,-92.8768935940843
98862304.6875,-92.88858940592911
98867187.5,-92.84523080424594
98872070.3125,-92.93729287104233
98876953.125,-92.85852689148436
98881835.9375,-92.81886217417076
98886718.75,-92.91092412717856
98891601.5625,-92.884054617548
98896484.375,-92.8062693755763
98901367.1875,-92.97207092649037
98906250.0,-92.8800995776395
98911132.8125,-92.83513849149867
98916015.625,-92.82790820738467
98920898.4375,-92.7506634453442
98925781.25,-92.7260202791536
98930664.0625,-92.72616376333957
98935546.875,-92.6255234719377
98940429.6875,-92.64766382942707
98945312.5,-92.68843201979675
98950195.3125,-92.63902404414262
98955078.125,-92.7244667375015
98959960.9375,-92.71527808918614
98964843.75,-92.66649425652994
98969726.5625,-92.49146367605786
98974609.375,-92.71986834877623
98979492.1875,-92.6704297165364
98984375.0,-92.66260769016313
98989257.8125,-92.65190584002931
98994140.625,-92.58842225233084
98999023.4375,-92.53998860946598
99003906.25,-92.48534851607826
99008789.0625,-92.35093123786953
99013671.875,-92.3842716312817
99018554.6875,-92.37558565361385
99023437.5,-92.3345269662475
99028320.3125,-92.2687596853475
99033203.125,-92.50792083893359
99038085.9375,-92.45007601704825
99042968.75,-92.37475525368671
99047851.5625,-92.4453309230226
99052734.375,-92.40528007497122
99057617.1875,-92.61916453054852
99062500.0,-92.50665346281195
99067382.8125,-92.50883461954805
99072265.625,-92.5958247664741
99077148.4375,-92.60868705246361
99082031.25,-92.6767631089638
99086914.0625,-92.69887876126364
99091796.875,-92.89689677094262
99096679.6875,-92.82586798409926
99101562.5,-92.78388856862983
99106445.3125,-92.8460138471425
99111328.125,-92.87476203050272
99116210.9375,-92.9581952576142
99121093.75,-92.91997456714711
99125976.5625,-92.91520766665539
99130859.375,-92.8883920041259
99135742.1875,-92.8906698783214
99140625.0,-92.84157558227653
99145507.8125,-92.87352280093262
99150390.625,-92.88331368551258
99155273.4375,-92.95636684819473
99160156.25,-93.01926650185314
99165039.0625,-92.91861342989787
99169921.875,-92.90956904790193
99174804.6875,-92.82736848340596
99179687.5,-92.87953898247312
99184570.3125,-92.90096208214922
99189453.125,-92.86838813133411
99194335.9375,-92.88954075904405
99199218.75,-92.93198641394352
99204101.5625,-92.86960522583743
99208984.375,-92.85237524490805
99213867.1875,-92.75619155573912
99218750.0,-93.1030377450627
99223632.8125,-92.98744103830853
99228515.625,-92.817717460328
99233398.4375,-92.89958078982761
99238281.25,-92.79860497708952
99243164.0625,-92.83661321167844
99248046.875,-92.86805509417391
99252929.6875,-92.87583461967455
99257812.5,-92.92743860257701
99262695.3125,-92.83028237159346
99267578.125,-92.96332541841906
99272460.9375,-92.96873114151902
99277343.75,-92.81399487119018
99282226.5625,-92.78793867570789
99287109.375,-92.79024248975045
99291992.1875,-92.79944967390963
99296875.0,-92.75771096202521
99301757.8125,-92.83762469806118
99306640.625,-92.79156958568757
99311523.4375,-92.93974809228393
99316406.25,-92.87270268370875
99321289.0625,-92.91318627941862
99326171.875,-92.88358363795066
99331054.6875,-92.79569817749513
99335937.5,-92.88176245043044
99340820.3125,-92.89788050821696
99345703.125,-92.82547698557511
99350585.9375,-92.88205081335883
99355468.75,-92.89241230684087
99360351.5625,-92.88999355231641
99365234.375,-92.82641706712079
99370117.1875,-92.82369278964183
99375000.0,-92.93542515742243
99379882.8125,-92.89015981556255
99384765.625,-92.87679910130535
99389648.4375,-92.89366441996074
99394531.25,-92.91566713103518
99399414.0625,-92.86554930142722
99404296.875,-92.88605561050846
99409179.6875,-92.89235161862067
99414062.5,-92.86686888531187
99418945.3125,-92.94331264298063
99423828.125,-92.74306483126949
99428710.9375,-92.65060072044159
99433593.75,-92.86790293317802
99438476.5625,-92.88522775917289
99443359.375,-92.87902669433328
99448242.1875,-92.81699305807038
99453125.0,-92.81536723727496
99458007.8125,-92.85802579267477
99462890.625,-92.96251941588491
99467773.4375,-92.94019336137507
99472656.25,-92.81434935232656
99477539.0625,-92.78067432813444
99482421.875,-92.78782618449986
99487304.6875,-92.95918430762615
99492187.5,-92.89716970883646
99497070.3125,-92.82338820125713
99501953.125,-92.79951279430097
99506835.9375,-92.668723896649
99511718.75,-92.73559584276828
99516601.5625,-92.79957313570753
99521484.375,-92.75859687958842
99526367.1875,-92.75120452799118
99531250.0,-92.7959469294633
99536132.8125,-92.81658325172208
99541015.625,-92.74768160738506
99545898.4375,-92.8036477383103
99550781.25,-92.80382192411815
99555664.0625,-92.67962901606788
99560546.875,-92.7033102099823
99565429.6875,-92.69442699646243
99570312.5,-92.57948751097646
99575195.3125,-92.53512192374194
99580078.125,-92.49647385492432
99584960.9375,-92.63538477359083
99589843.75,-92.47227224683971
99594726.5625,-92.38141392603481
99599609.375,-92.1124109334944
99604492.1875,-92.38651701673433
99609375.0,-92.46357462825819
99614257.8125,-92.66890083308294
99619140.625,-92.2988525229793
99624023.4375,-92.30991006524985
99628906.25,-92.30077736633785
99633789.0625,-92.09665410099029
99638671.875,-90.5665663526103
99643554.6875,-89.7960643072154
99648437.5,-90.20412807936754
99653320.3125,-89.68604946564525
99658203.125,-89.56528866763432
99663085.9375,-88.66062972269782
99667968.75,-87.94467750055392
99672851.5625,-87.72048898593377
99677734.375,-86.85688173642285
99682617.1875,-85.16129464309375
99687500.0,-86.06137054722032
99692382.8125,-84.95481779217334
99697265.625,-81.44540463551436
99702148.4375,-78.01306887335213
99707031.25,-83.74159002085631
99711914.0625,-84.73499823270473
99716796.875,-84.66563432592886
99721679.6875,-84.45318790882772
99726562.5,-86.74360466105088
99731445.3125,-87.29193645805441
99736328.125,-87.84394337269708
99741210.9375,-88.78683086006086
99746093.75,-89.75915103453656
99750976.5625,-90.51370710070603
99755859.375,-89.84576350351412
99760742.1875,-90.48609962973947
99765625.0,-91.6665005864943
99770507.8125,-92.43447024660094
99775390.625,-92.35729518591205
99780273.4375,-92.39151987385395
99785156.25,-92.64257821156866
99790039.0625,-92.6350895339358
99794921.875,-92.67929581100594
99799804.6875,-92.75299989629391
99804687.5,-92.76262827015768
99809570.3125,-92.70258311126864
99814453.125,-92.62438350406723
99819335.9375,-92.77555025938102
99824218.75,-92.7449954600963
99829101.5625,-92.73107942696828
99833984.375,-92.82363353757165
99838867.1875,-92.57819589606584
99843750.0,-92.6699935639042
99848632.8125,-92.62680013247598
99853515.625,-92.60322650109256
99858398.4375,-92.56820373311649
99863281.25,-92.58942325346433
99868164.0625,-92.49979140616426
99873046.875,-92.51239536507794
99877929.6875,-92.46007362479548
99882812.5,-92.56145934834115
99887695.3125,-92.5032141846084
99892578.125,-92.56971581359824
99897460.9375,-92.54280729094663
99902343.75,-92.59695095491352
99907226.5625,-92.56573326073982
99912109.375,-92.52385433923087
99916992.1875,-92.52399018846202
99921875.0,-92.63406393062547
99926757.8125,-92.5425586618135
99931640.625,-92.65174160077368
99936523.4375,-92.64270021002642
99941406.25,-92.70632331065073
99946289.0625,-92.73946829634193
99951171.875,-92.66701275915423
99956054.6875,-92.77429231402337
99960937.5,-92.81072754496824
99965820.3125,-92.78353799927265
99970703.125,-92.73778121453572
99975585.9375,-92.79284474814617
99980468.75,-92.79585181184657
99985351.5625,-92.87301554699997
99990234.375,-92.87136398380494
99995117.1875,-92.77443303878817
100000000.0,-92.45253821432254
100004882.8125,-92.8529610588538
100009765.625,-92.87081471647821
100014648.4375,-92.93160470369594
100019531.25,-92.83446672357064
100024414.0625,-92.83504562642798
100029296.875,-92.84835625847921
100034179.6875,-92.8324587978567
100039062.5,-92.8579299948392
100043945.3125,-92.74394610020263
100048828.125,-92.78453725370713
100053710.9375,-92.92981802528703
100058593.75,-92.83208143668813
100063476.5625,-92.90948904638972
100068359.375,-92.72508515052539
100073242.1875,-92.824866104335
100078125.0,-92.84350974626554
100083007.8125,-92.83139306699613
100087890.625,-92.76704007645975
100092773.4375,-92.91476534019458
100097656.25,-92.77243520200679
100102539.0625,-92.73282628448018
100107421.875,-92.80539740613801
100112304.6875,-92.77007883747231
100117187.5,-92.84019228673338
100122070.3125,-92.79547527634242
100126953.125,-92.80013996573251
100131835.9375,-92.77879350449152
100136718.75,-92.90077410977477
100141601.5625,-92.75634886758814
100146484.375,-92.927344010793
100151367.1875,-92.85172654448104
100156250.0,-92.87393086921179
100161132.8125,-92.88466938040128
100166015.625,-92.76868506682825
100170898.4375,-92.90582992561619
100175781.25,-92.90701646023834
100180664.0625,-92.75339131144099
100185546.875,-92.90597032471322
100190429.6875,-92.86815055458399
100195312.5,-92.94291782497334
100200195.3125,-92.77205028618923
100205078.125,-92.78395512757825
100209960.9375,-92.84111794734747
100214843.75,-92.73843317610431
100219726.5625,-92.80858216443863
100224609.375,-92.87476447646901
100229492.1875,-92.88124889299459
100234375.0,-92.71787901845875
100239257.8125,-92.947285623499
100244140.625,-92.84453157090678
100249023.4375,-92.78531883869903
100253906.25,-92.902636337145
100258789.0625,-92.96646460958846
100263671.875,-92.91507563908496
100268554.6875,-92.8466941925507
100273437.5,-92.83683653842627
100278320.3125,-92.76951370063631
100283203.125,-92.78348615135678
100288085.9375,-92.72569662084851
100292968.75,-92.87355348557224
100297851.5625,-92.78695136619498
100302734.375,-92.79842902917025
100307617.1875,-92.80074847240735
100312500.0,-92.79891722411361
100317382.8125,-92.67198368767859
100322265.625,-92.77423670893762
100327148.4375,-92.69102381230513
100332031.25,-92.49533824775472
100336914.0625,-92.63086471704432
100341796.875,-92.40048685649327
100346679.6875,-92.5356792441709
100351562.5,-92.50480567178448
100356445.3125,-92.37715372674046
100361328.125,-92.37089147899712
100366210.9375,-92.3744199173295
100371093.75,-92.25737371669359
100375976.5625,-92.11126223197732
100380859.375,-92.1911667068668
100385742.1875,-92.12371470570417
100390625.0,-92.2803424451939
100395507.8125,-92.18292092761675
100400390.625,-92.27808423575925
100405273.4375,-92.43170571843459
100410156.25,-92.42188426748046
100415039.0625,-92.37069212784854
100419921.875,-92.52388208497311
100424804.6875,-92.4435882036297
100429687.5,-92.37939705265805
100434570.3125,-92.42969851669932
100439453.125,-92.45854339277776
100444335.9375,-92.48185978850952
100449218.75,-92.4939150207934
100454101.5625,-92.51967943782884
100458984.375,-92.5275535238168
100463867.1875,-92.55389540627749
100468750.0,-92.6738707158228
100473632.8125,-92.5872775563862
100478515.625,-92.74930649013089
100483398.4375,-92.69856360245387
100488281.25,-92.66970760371905
100493164.0625,-92.81390238044057
100498046.875,-92.75608145032092
100502929.6875,-92.78178818869296
100507812.5,-92.76993526461428
100512695.3125,-92.66925911816716
100517578.125,-92.76809092692454
100522460.9375,-92.7996463129451
100527343.75,-92.93890230818181
100532226.5625,-92.84791665061209
100537109.375,-92.81595762850648
100541992.1875,-92.82227297941373
100546875.0,-92.74135167011497
100551757.8125,-92.89018304446296
100556640.625,-92.84354414356233
100561523.4375,-92.90678274301848
100566406.25,-92.85628219282412
100571289.0625,-92.92013984230368
100576171.875,-92.8093202645943
100581054.6875,-92.76029273408957
100585937.5,-92.91917461692768
100590820.3125,-92.83695668556803
100595703.125,-92.83698592088561
100600585.9375,-92.77699002155009
100605468.75,-92.96661720726809
100610351.5625,-92.8380802396428
100615234.375,-92.82968882369462
100620117.1875,-93.06018681277001
100625000.0,-92.9174924791376
100629882.8125,-92.80547133620414
100634765.625,-92.89119261282391
100639648.4375,-92.87113709087464
100644531.25,-92.9347693963744
100649414.0625,-92.85376736953714
100654296.875,-92.90248629017617
100659179.6875,-92.86368574779712
100664062.5,-92.87934946878761
100668945.3125,-92.89573784400486
100673828.125,-92.90339915899077
100678710.9375,-92.95530695948878
100683593.75,-92.95192359120327
100688476.5625,-92.87982618944818
100693359.375,-92.80789651218629
100698242.1875,-92.96878448192706
100703125.0,-92.93580811300308
100708007.8125,-92.89192963029416
100712890.625,-92.83947352251053
100717773.4375,-92.90658491494236
100722656.25,-92.8010266923279
100727539.0625,-92.95547176257409
100732421.875,-92.91554054639784
100737304.6875,-92.96832569202547
100742187.5,-92.92525999794651
100747070.3125,-92.91182879738363
100751953.125,-92.87824896908947
100756835.9375,-92.85829241467621
100761718.75,-92.93489439831936
100766601.5625,-92.90928362244497
100771484.375,-92.82186312020673
100776367.1875,-92.82514233818384
100781250.0,-92.80576895451927
100786132.8125,-93.0107881984546
100791015.625,-92.84805457418491
100795898.4375,-92.96956049416846
100800781.25,-92.98351582043531
100805664.0625,-92.89271138831157
100810546.875,-92.78978513833908
100815429.6875,-92.88792390397128
100820312.5,-92.83222946203503
100825195.3125,-92.88264009986716
100830078.125,-92.87489225840278
100834960.9375,-92.85784482126678
100839843.75,-92.98936321390858
100844726.5625,-92.80322741780054
100849609.375,-92.8700314955671
100854492.1875,-92.7465357592819
100859375.0,-92.82042493138385
100864257.8125,-92.87403761456571
100869140.625,-92.85216815954914
100874023.4375,-92.80724343074706
100878906.25,-92.88116520460977
100883789.0625,-92.87949478261052
100888671.875,-92.76823509571531
100893554.6875,-92.69297763641188
100898437.5,-92.63976876447822
100903320.3125,-92.79247989534943
100908203.125,-92.72061095600031
100913085.9375,-92.65111740698583
100917968.75,-92.49375768341673
100922851.5625,-92.5313770647449
100927734.375,-92.44705677373264
100932617.1875,-92.44396599202258
100937500.0,-92.36956152075942
100942382.8125,-92.07387500483713
100947265.625,-92.27868832541927
100952148.4375,-92.1292794276907
100957031.25,-91.87039199400891
100961914.0625,-91.87861264412737
100966796.875,-91.59448909451672
100971679.6875,-91.52232071630007
100976562.5,-91.40356510897576
100981445.3125,-91.29644093027227
100986328.125,-91.26860280804746
100991210.9375,-91.14700640093366
100996093.75,-90.99630587328093
101000976.5625,-90.73982270892512
101005859.375,-91.0857517042005
101010742.1875,-91.02503610174855
101015625.0,-91.20086240397757
101020507.8125,-91.41612657509722
101025390.625,-91.3274247314624
101030273.4375,-91.424650675505
101035156.25,-91.67538557643667
101040039.0625,-91.77158330176445
101044921.875,-91.86007621944003
101049804.6875,-92.00780370601319
101054687.5,-92.18233913096901
101059570.3125,-92.1927526078365
101064453.125,-92.36352332147729
101069335.9375,-92.336739806114
101074218.75,-92.39729539461783
101079101.5625,-92.56394394533476
101083984.375,-92.58346934896434
101088867.1875,-92.69370937192247
101093750.0,-92.61142073159584
101098632.8125,-92.66030828693619
101103515.625,-92.66104477344825
101108398.4375,-92.57903848466157
101113281.25,-92.62941624019018
101118164.0625,-92.52822245604312
101123046.875,-92.46815824878499
101127929.6875,-92.05779537165824
101132812.5,-91.76305565813689
101137695.3125,-91.48333087090347
101142578.125,-91.07253620668706
101147460.9375,-90.52867480112107
101152343.75,-90.35523371712219
101157226.5625,-89.97961257298559
101162109.375,-89.51986876429157
101166992.1875,-89.35906196341301
101171875.0,-89.31746948699131
101176757.8125,-89.10113585737224
101181640.625,-88.93086501736607
101186523.4375,-89.30097073488031
101191406.25,-89.47602108890669
101196289.0625,-89.00064587572157
101201171.875,-86.65374985405543
101206054.6875,-89.81255245168782
101210937.5,-90.7186169324658
101215820.3125,-91.00322079569162
101220703.125,-90.94865968592643
101225585.9375,-91.0730979972289
101230468.75,-91.49420459424084
101235351.5625,-91.60605471135315
101240234.375,-91.82988155778486
101245117.1875,-91.80349883947417
101250000.0,-92.07942900395875
101254882.8125,-92.10113337120208
101259765.625,-92.40300503951045
101264648.4375,-92.51489889045808
101269531.25,-92.59626952021034
101274414.0625,-92.74407837121817
101279296.875,-92.72637369838071
101284179.6875,-92.73157280815846
101289062.5,-92.75401562674944
101293945.3125,-92.78586531498081
101298828.125,-92.80016866004556
101303710.9375,-92.70769755965489
101308593.75,-92.76536784098374
101313476.5625,-92.75247989683459
101318359.375,-92.79475376549212
101323242.1875,-92.89041659121608
101328125.0,-92.91664029974686
101333007.8125,-92.95251172796048
101337890.625,-92.88546648909312
101342773.4375,-92.82080104822387
101347656.25,-92.82909556158413
101352539.0625,-92.96075558161687
101357421.875,-92.91105261473791
101362304.6875,-92.84399257752091
101367187.5,-92.83114862292021
101372070.3125,-92.91335734366297
101376953.125,-92.8880677632473
101381835.9375,-92.89480428600743
101386718.75,-92.89272933880756
101391601.5625,-92.87489059526317
101396484.375,-92.96370639344156
101401367.1875,-92.91620414956509
101406250.0,-92.95616260375812
101411132.8125,-92.85877058594767
101416015.625,-92.92062471264771
101420898.4375,-92.9067436541279
101425781.25,-92.83184214104318
101430664.0625,-92.92258036654005
101435546.875,-92.7973351758184
101440429.6875,-92.89961194736816
101445312.5,-92.81605402034384
101450195.3125,-92.90435648669094
101455078.125,-92.85912672936911
101459960.9375,-92.87487701218492
101464843.75,-92.88905601426566
101469726.5625,-92.88908716988766
101474609.375,-92.94950290077739
101479492.1875,-92.95534132580178
101484375.0,-92.95262026982527
101489257.8125,-92.98153986296802
101494140.625,-92.93266870946277
101499023.4375,-92.92685633658397
101503906.25,-92.74370973847121
101508789.0625,-92.77742797801201
101513671.875,-92.85814372417116
101518554.6875,-92.95556512127408
101523437.5,-92.83848515913465
101528320.3125,-92.93350381216902
101533203.125,-92.82492996264895
101538085.9375,-92.80616716360132
101542968.75,-92.90248177505657
101547851.5625,-92.86451392994917
101552734.375,-92.92668643805587
101557617.1875,-92.8921750652323
101562500.0,-92.81632567334239
101567382.8125,-92.84156300373192
101572265.625,-92.86328128069562
101577148.4375,-92.81481672758923
101582031.25,-92.73351138133282
101586914.0625,-92.85601518383802
101591796.875,-92.77056142089438
101596679.6875,-92.70280837668236
101601562.5,-92.87086746097123
101606445.3125,-92.68699994239503
101611328.125,-92.77692214266114
101616210.9375,-92.67550406694059
101621093.75,-92.7889109428611
101625976.5625,-92.7797199403528
101630859.375,-92.7449756676113
101635742.1875,-92.74679823190777
101640625.0,-92.82184978857288
101645507.8125,-92.74630548940004
101650390.625,-92.71735958811124
101655273.4375,-92.56585220698238
101660156.25,-92.41661024346814
101665039.0625,-92.38318803275013
101669921.875,-92.23346464262053
101674804.6875,-91.93813101131931
101679687.5,-91.51472342588434
101684570.3125,-90.91351389208705
101689453.125,-90.3560853417672
101694335.9375,-89.91153675005927
101699218.75,-89.36775139595625
101704101.5625,-88.71780074380553
101708984.375,-88.95092131458276
101713867.1875,-89.28377108862446
101718750.0,-90.27025586979795
101723632.8125,-90.76090082509972
101728515.625,-91.15379200201775
101733398.4375,-91.29598749467237
101738281.25,-91.38163893963446
101743164.0625,-91.31125020002935
101748046.875,-91.22007759210535
101752929.6875,-91.43060542721045
101757812.5,-91.41325805013207
101762695.3125,-91.60523960012529
101767578.125,-92.11956726102335
101772460.9375,-92.26568347572135
101777343.75,-92.45836265619164
101782226.5625,-92.79487132494455
101787109.375,-92.80177231607371
101791992.1875,-92.78121433951213
101796875.0,-92.84942797301741
101801757.8125,-92.69320859174309
101806640.625,-92.85380418376315
101811523.4375,-92.7863043876668
101816406.25,-92.76473180283884
101821289.0625,-92.71712783645705
101826171.875,-92.90527287502985
101831054.6875,-92.940021981905
101835937.5,-92.85446610565322
101840820.3125,-92.74543314107143
101845703.125,-92.83631195082339
101850585.9375,-92.76232402941301
101855468.75,-92.92460867799352
101860351.5625,-92.83252914062052
101865234.375,-92.96077530424785
101870117.1875,-92.76502048005824
101875000.0,-92.71978912437595
101879882.8125,-92.74672105024956
101884765.625,-92.84130076917958
101889648.4375,-92.78140108634125
101894531.25,-92.7212539628641
101899414.0625,-92.96592511272638
101904296.875,-92.81420245908802
101909179.6875,-92.84575809729682
101914062.5,-92.86966748812154
101918945.3125,-92.6905238830108
101923828.125,-92.7844535406785
101928710.9375,-92.80328214532068
101933593.75,-92.79098815962718
101938476.5625,-92.88660673743576
101943359.375,-92.88605611078572
101948242.1875,-92.95584070900648
101953125.0,-92.78225699299719
101958007.8125,-92.81370327344808
101962890.625,-92.87364437809458
101967773.4375,-92.87033883167936
101972656.25,-92.89970499497645
101977539.0625,-92.93374537954637
101982421.875,-92.90359076506797
101987304.6875,-92.78787650080946
101992187.5,-92.93253009541766
101997070.3125,-92.73701430737108
102001953.125,-92.86663221510995
102006835.9375,-92.872779992201
102011718.75,-92.84584188627724
102016601.5625,-92.91910859737112
102021484.375,-92.88518748816591
102026367.1875,-92.91980593458126
102031250.0,-92.91326458394798
102036132.8125,-92.9617761254357
102041015.625,-92.83955836430468
102045898.4375,-92.81533931458108
102050781.25,-92.85449081851996
102055664.0625,-92.85744652757546
102060546.875,-92.95794327823185
102065429.6875,-92.892777842589
102070312.5,-92.85069067480416
102075195.3125,-92.79929984130081
102080078.125,-92.88247932171726
102084960.9375,-92.92181215540307
102089843.75,-92.90290474822632
102094726.5625,-92.77643242597813
102099609.375,-92.79473759052684
102104492.1875,-92.81129662178526
102109375.0,-92.83559791543428
102114257.8125,-92.77955155635553
102119140.625,-92.83288071209435
102124023.4375,-92.86771135504901
102128906.25,-92.92278928575999
102133789.0625,-92.84722460851208
102138671.875,-92.82789842949762
102143554.6875,-92.81788260409408
102148437.5,-92.69663291319202
102153320.3125,-92.90124874408693
102158203.125,-92.87502016486098
102163085.9375,-92.87686152349349
102167968.75,-92.90898236223026
102172851.5625,-92.78937790060414
102177734.375,-92.8639413364667
102182617.1875,-92.86709548216712
102187500.0,-92.82647870374228
102192382.8125,-92.80799369369032
102197265.625,-92.84067998825012
102202148.4375,-92.81609950041798
102207031.25,-92.81302391586121
102211914.0625,-92.79592789590248
102216796.875,-92.82006751986125
102221679.6875,-92.89822932566807
102226562.5,-92.81157083069553
102231445.3125,-92.75586103095523
102236328.125,-92.8228994935819
102241210.9375,-92.75717899530324
102246093.75,-92.77082685094075
102250976.5625,-92.84145119559037
102255859.375,-92.85678406689783
102260742.1875,-92.84979928838837
102265625.0,-92.82755203703536
102270507.8125,-92.68719233982782
102275390.625,-92.71243988415529
102280273.4375,-92.7735563331882
102285156.25,-92.73519022900948
102290039.0625,-92.59897261447577
102294921.875,-92.72624531436685
102299804.6875,-92.62893067500482
102304687.5,-92.62110483307089
102309570.3125,-92.5689226234312
102314453.125,-92.64183905429948
102319335.9375,-92.48750271697824
102324218.75,-92.53956460561346
102329101.5625,-92.40192906089379
102333984.375,-92.45762908375545
102338867.1875,-92.44855158895916
102343750.0,-92.35499959263532
102348632.8125,-92.29580166788321
102353515.625,-92.33141319344358
102358398.4375,-92.39738403713619
102363281.25,-92.11169244440183
102368164.0625,-92.18452785817544
102373046.875,-92.18474215137059
102377929.6875,-92.20831357156837
102382812.5,-92.08166405177889
102387695.3125,-92.17856422289444
102392578.125,-92.08750551554596
102397460.9375,-92.015267355356
102402343.75,-92.11714496812735
102407226.5625,-92.01260352336402
102412109.375,-92.1337478027815
102416992.1875,-92.0891183690726
102421875.0,-92.08019429144852
102426757.8125,-92.0024451325242
102431640.625,-92.08602310194613
102436523.4375,-92.02819104651121
102441406.25,-92.18363255356823
102446289.0625,-92.15755406782174
102451171.875,-92.26304536711518
102456054.6875,-92.07924569882803
102460937.5,-92.14849823228798
102465820.3125,-92.1635601928273
102470703.125,-92.09756728857278
102475585.9375,-92.16102602543435
102480468.75,-92.23004912127672
102485351.5625,-92.20160450716887
102490234.375,-92.23634115869262
102495117.1875,-92.31752329208948
102500000.0,-92.31196131296065
102504882.8125,-92.37479024525192
102509765.625,-92.39684918091226
102514648.4375,-92.51916106700176
102519531.25,-92.52188775738463
102524414.0625,-92.53427599667549
102529296.875,-92.44635372545724
102534179.6875,-92.56457270924767
102539062.5,-92.58672717879801
102543945.3125,-92.6334631256631
102548828.125,-92.67682343789477
102553710.9375,-92.72348054903404
102558593.75,-92.73136836440187
102563476.5625,-92.71745568927324
102568359.375,-92.737009362494
102573242.1875,-92.77001184652761
102578125.0,-92.77666190908752
102583007.8125,-92.75668820495179
102587890.625,-92.77576062612636
102592773.4375,-92.8325311779231
102597656.25,-92.62600296354836
102602539.0625,-92.76442071364482
102607421.875,-92.840555122833
102612304.6875,-92.87652283052265
102617187.5,-92.78366645412586
102622070.3125,-92.78523217217378
102626953.125,-92.7921491864486
102631835.9375,-92.84376789639981
102636718.75,-92.8862838932865
102641601.5625,-92.80124315170974
102646484.375,-92.87482397096835
102651367.1875,-92.84657777226079
102656250.0,-92.72561882204752
102661132.8125,-92.92719008905138
102666015.625,-92.85555943402375
102670898.4375,-92.77967360275045
102675781.25,-92.79325451357647
102680664.0625,-92.87952337784648
102685546.875,-92.91127433266612
102690429.6875,-92.81046144010205
102695312.5,-92.88810142062226
102700195.3125,-92.8684853101584
102705078.125,-92.91713045107451
102709960.9375,-92.92482664203453
102714843.75,-92.70526195879205
102719726.5625,-92.93166242139554
102724609.375,-92.71562960259774
102729492.1875,-92.80530364432562
102734375.0,-92.76320978699093
102739257.8125,-92.83104319615359
102744140.625,-92.85080672890598
102749023.4375,-92.81144849346646
102753906.25,-92.77038985307618
102758789.0625,-92.91019581449365
102763671.875,-92.74985308077919
102768554.6875,-92.90155449905873
102773437.5,-92.82550137808164
102778320.3125,-92.82110406698371
102783203.125,-92.82962189538566
102788085.9375,-92.96253446013336
102792968.75,-92.8517685250026
102797851.5625,-92.79869317097709
102802734.375,-92.96602179501252
102807617.1875,-92.76788648055583
102812500.0,-92.85303425017275
102817382.8125,-92.872663266232
102822265.625,-92.78447128441627
102827148.4375,-92.9216370277212
102832031.25,-92.81872062722107
102836914.0625,-92.73937388592657
102841796.875,-92.80731727501274
102846679.6875,-92.7629687525548
102851562.5,-92.70823261490361
102856445.3125,-92.72339989158641
102861328.125,-92.74728982617825
102866210.9375,-92.82429210143914
102871093.75,-92.7618590738106
102875976.5625,-92.72377599204307
102880859.375,-92.74869239556526
102885742.1875,-92.8018026271651
102890625.0,-92.81014769557447
102895507.8125,-92.74452525152796
102900390.625,-92.7018548275864
102905273.4375,-92.54711220064934
102910156.25,-92.5934855680305
102915039.0625,-92.56613119039145
102919921.875,-92.45582368705288
102924804.6875,-92.49713467432383
102929687.5,-92.43017430411302
102934570.3125,-92.57950415882678
102939453.125,-92.37213823647
102944335.9375,-92.35802608203079
102949218.75,-92.35565182079992
102954101.5625,-92.39980928885106
102958984.375,-92.23774930761283
102963867.1875,-92.21023484302722
102968750.0,-92.2223067867954
102973632.8125,-92.12252463598469
102978515.625,-91.86619780636772
102983398.4375,-92.06687030408784
102988281.25,-92.08310039975626
102993164.0625,-91.92350729962402
102998046.875,-91.82021884624652
103002929.6875,-91.8117395281152
103007812.5,-91.80899110167462
103012695.3125,-91.83977409997254
103017578.125,-91.74786747384167
103022460.9375,-91.82203996078411
103027343.75,-91.74531890352273
103032226.5625,-91.87724941797839
103037109.375,-91.92198649859944
103041992.1875,-91.80868731132375
103046875.0,-91.83016673598519
103051757.8125,-91.86585463150121
103056640.625,-92.04866930745476
103061523.4375,-92.09755017527146
103066406.25,-92.21038505615462
103071289.0625,-92.18281357226087
103076171.875,-92.27951592300681
103081054.6875,-92.49243243615052
103085937.5,-92.48703775179001
103090820.3125,-92.60473616291125
103095703.125,-92.56419977217541
103100585.9375,-92.57274376856208
103105468.75,-92.59597343702325
103110351.5625,-92.59608480382954
103115234.375,-92.678980828536
103120117.1875,-92.69902569698797
103125000.0,-92.80714605071643
103129882.8125,-92.8636223183442
103134765.625,-92.8417700631446
103139648.4375,-92.95531520771752
103144531.25,-92.80176947163386
103149414.0625,-92.83228336509436
103154296.875,-92.71724128197312
103159179.6875,-92.8311137581808
103164062.5,-92.8187621479644
103168945.3125,-92.76076230028579
103173828.125,-93.01047048775979
103178710.9375,-92.88638265575179
103183593.75,-92.79619235733352
103188476.5625,-92.89371018058259
103193359.375,-92.89432785664667
103198242.1875,-92.86774312761275
103203125.0,-92.92557663238091
103208007.8125,-92.7840567102757
103212890.625,-92.8361921847237
103217773.4375,-92.87773968080836
103222656.25,-92.906898863822
103227539.0625,-92.94634480840705
103232421.875,-92.90805501347361
103237304.6875,-92.87772850075208
103242187.5,-92.77105758425054
103247070.3125,-92.8659970039835
103251953.125,-92.79173628731112
103256835.9375,-92.79240003330611
103261718.75,-92.89673527615474
103266601.5625,-92.81512911016168
103271484.375,-92.93674637846354
103276367.1875,-92.90976971527095
103281250.0,-92.85766314960227
103286132.8125,-92.82502953696456
103291015.625,-92.86488844260913
103295898.4375,-92.8722284840803
103300781.25,-92.83031839982081
103305664.0625,-92.83046206689849
103310546.875,-92.84778903412365
103315429.6875,-92.81062443548655
103320312.5,-92.91119778053823
103325195.3125,-92.89368563685738
103330078.125,-92.80851572142947
103334960.9375,-92.78973479244814
103339843.75,-92.80479309662672
103344726.5625,-92.80206197295581
103349609.375,-92.83611774352161
103354492.1875,-92.89708761722625
103359375.0,-92.7778524194625
103364257.8125,-92.78224877824533
103369140.625,-92.81613112799039
103374023.4375,-92.86232826188257
103378906.25,-92.89645525548792
103383789.0625,-92.92341975101988
103388671.875,-92.90151959777685
103393554.6875,-92.81694726822218
103398437.5,-92.94629416847587
103403320.3125,-92.81893201822876
103408203.125,-92.80244367687095
103413085.9375,-92.77771115219986
103417968.75,-92.83551017673136
103422851.5625,-92.75454745199698
103427734.375,-92.80755263828166
103432617.1875,-92.78109000880707
103437500.0,-92.76854460835997
103442382.8125,-92.69796192241097
103447265.625,-92.83551456367763
103452148.4375,-92.69314289727009
103457031.25,-92.74786174702632
103461914.0625,-92.73696311859106
103466796.875,-92.80620661284328
103471679.6875,-92.7373148472457
103476562.5,-92.63861882410404
103481445.3125,-92.61635245476117
103486328.125,-92.69183238147221
103491210.9375,-92.75249462163777
103496093.75,-92.69572847963198
103500976.5625,-92.57682251910111
103505859.375,-92.59140893168782
103510742.1875,-92.64935408790492
103515625.0,-92.6724602000346
103520507.8125,-92.67679321079797
103525390.625,-92.69899196261036
103530273.4375,-92.67259694316496
103535156.25,-92.61891774945224
103540039.0625,-92.73712065477395
103544921.875,-92.75212503175891
103549804.6875,-92.60067141858707
103554687.5,-92.6829831512517
103559570.3125,-92.82747474053059
103564453.125,-92.73309277280137
103569335.9375,-92.67109891555239
103574218.75,-92.77395919446752
103579101.5625,-92.61884525314954
103583984.375,-92.49985224703036
103588867.1875,-92.49604167940927
103593750.0,-92.32272539766439
103598632.8125,-91.9627605034432
103603515.625,-91.00867414138912
103608398.4375,-90.77920639872872
103613281.25,-90.18273827128701
103618164.0625,-89.69434059405214
103623046.875,-89.12750531055363
103627929.6875,-88.90246089135098
103632812.5,-88.66239603975652
103637695.3125,-88.03505726693112
103642578.125,-87.4344992476818
103647460.9375,-86.44474051805108
103652343.75,-85.46554248052533
103657226.5625,-84.67050674692655
103662109.375,-83.7432681235349
103666992.1875,-83.34798674744144
103671875.0,-82.60787175746276
103676757.8125,-82.12371740897868
103681640.625,-81.74614715851584
103686523.4375,-81.4036843325215
103691406.25,-81.41723343430704
103696289.0625,-81.21464544330541
103701171.875,-81.39576340190487
103706054.6875,-81.29602986664148
103710937.5,-81.45936281968343
103715820.3125,-81.73501314274534
103720703.125,-82.23137546102305
103725585.9375,-82.62644495137346
103730468.75,-82.81416653605046
103735351.5625,-83.30416925140932
103740234.375,-83.96827436157747
103745117.1875,-84.78268510965034
103750000.0,-85.8219673122484
103754882.8125,-86.74416578019378
103759765.625,-87.02935022744069
103764648.4375,-87.40166232518513
103769531.25,-87.98278890141597
103774414.0625,-88.7745158305643
103779296.875,-89.72252709935776
103784179.6875,-90.46518145230183
103789062.5,-90.94352897552358
103793945.3125,-91.60791679420191
103798828.125,-92.08678056946499
103803710.9375,-92.52371690870484
103808593.75,-92.61993852490139
103813476.5625,-92.61952827853128
103818359.375,-92.8216741564708
103823242.1875,-92.74812671814016
103828125.0,-92.79370924472045
103833007.8125,-92.81312822512348
103837890.625,-92.83737011114223
103842773.4375,-92.85631650787218
103847656.25,-92.78764881858976
103852539.0625,-92.86336627610373
103857421.875,-92.87253659640436
103862304.6875,-92.85808622194082
103867187.5,-92.86862048350568
103872070.3125,-92.96921825490023
103876953.125,-92.85119617317326
103881835.9375,-92.76043618247536
103886718.75,-92.83605882461197
103891601.5625,-92.98020343049456
103896484.375,-92.87315608223989
103901367.1875,-92.8511519684304
103906250.0,-92.89709213452784
103911132.8125,-92.84982262209274
103916015.625,-92.8493717591906
103920898.4375,-92.93392890844208
103925781.25,-92.91143864554138
103930664.0625,-92.88816597776619
103935546.875,-92.94492475851555
103940429.6875,-92.92610724283878
103945312.5,-92.96801123268548
103950195.3125,-92.96776279159567
103955078.125,-92.7806743874363
103959960.9375,-92.78320276083687
103964843.75,-92.93583100009502
103969726.5625,-92.80942666983773
103974609.375,-92.9676064920368
103979492.1875,-92.90625545635177
103984375.0,-92.88755789035977
103989257.8125,-92.91395369090759
103994140.625,-92.78544683211024
103999023.4375,-92.85937199349542
104003906.25,-92.88863622808796
104008789.0625,-92.81402971014347
104013671.875,-92.83843285886871
104018554.6875,-92.8675376095106
104023437.5,-92.87390088655425
104028320.3125,-92.77287303786014
104033203.125,-92.81304377274924
104038085.9375,-92.95850238143612
104042968.75,-92.80963910094988
104047851.5625,-92.98018126759158
104052734.375,-92.9380625066724
104057617.1875,-92.86653723162846
104062500.0,-92.8400563545261
104067382.8125,-92.79619124370629
104072265.625,-92.97200117137584
104077148.4375,-92.87449685415461
104082031.25,-92.92712433111956
104086914.0625,-92.99642662643012
104091796.875,-92.9531517388615
104096679.6875,-92.84048036384823
104101562.5,-92.86613837902496
104106445.3125,-92.91358115419203
104111328.125,-92.86636374006366
104116210.9375,-92.93695984257198
104121093.75,-92.83132478868129
104125976.5625,-92.89735885562183
104130859.375,-92.86797291801182
104135742.1875,-92.89626063705578
104140625.0,-92.97126254313787
104145507.8125,-92.89640388191958
104150390.625,-92.74246096095465
104155273.4375,-92.81645284259636
104160156.25,-92.85435858581116
104165039.0625,-92.85947151924037
104169921.875,-92.86437138982367
104174804.6875,-92.8408996911264
104179687.5,-92.82208984538622
104184570.3125,-92.8408313789891
104189453.125,-92.83587088336733
104194335.9375,-92.8514236702049
104199218.75,-92.95629180929879
104204101.5625,-92.76454346547328
104208984.375,-92.67447941758388
104213867.1875,-92.68806111457084
104218750.0,-92.53114299552459
104223632.8125,-92.57426041527958
104228515.625,-92.45734251164768
104233398.4375,-92.48285642396704
104238281.25,-92.37025690007403
104243164.0625,-92.29712328699893
104248046.875,-92.05009528781653
104252929.6875,-92.17960831924628
104257812.5,-92.04226513778511
104262695.3125,-92.24583054841017
104267578.125,-92.22018022510156
104272460.9375,-92.25890137546713
104277343.75,-92.47943098839383
104282226.5625,-92.49825531858903
104287109.375,-92.45436962439811
104291992.1875,-92.5992123926446
104296875.0,-92.40627924176798
104301757.8125,-91.74499085588346
104306640.625,-91.22419016192981
104311523.4375,-91.1459627792537
104316406.25,-91.05869012422971
104321289.0625,-90.97068224225492
104326171.875,-91.1129778930844
104331054.6875,-91.0266511076403
104335937.5,-91.04742868581974
104340820.3125,-91.05180882426004
104345703.125,-91.17354267744767
104350585.9375,-91.25898959484641
104355468.75,-91.18625821157252
104360351.5625,-91.3162446315416
104365234.375,-91.42668956089983
104370117.1875,-91.60355847565319
104375000.0,-91.62819429927853
104379882.8125,-91.74866742204415
104384765.625,-92.01424147619355
104389648.4375,-91.93453301273846
104394531.25,-92.07442137747807
104399414.0625,-92.01855152606424
104404296.875,-92.10777474085529
104409179.6875,-92.07669260544583
104414062.5,-92.13694119004026
104418945.3125,-92.26895632898791
104423828.125,-92.39575175925009
104428710.9375,-92.28688024396237
104433593.75,-92.47597475692527
104438476.5625,-92.28854140791816
104443359.375,-92.45760839095715
104448242.1875,-92.3745439726703
104453125.0,-92.41358477230028
104458007.8125,-92.39157040688036
104462890.625,-92.3174856503775
104467773.4375,-92.53627323282669
104472656.25,-92.50582106905975
104477539.0625,-92.54026281280449
104482421.875,-92.63871112931861
104487304.6875,-92.62562106609667
104492187.5,-92.66005887338503
104497070.3125,-92.59070428103288
104501953.125,-92.57331464526837
104506835.9375,-92.90496316896693
104511718.75,-92.7980696870701
104516601.5625,-92.80087846159884
104521484.375,-92.74199725060953
104526367.1875,-92.84332440280048
104531250.0,-92.74543432806408
104536132.8125,-92.76287114093276
104541015.625,-92.83866729628312
104545898.4375,-92.76583700652958
104550781.25,-92.80756841233523
104555664.0625,-92.79598849954087
104560546.875,-92.79519899142613
104565429.6875,-92.89789465157423
104570312.5,-92.78197894909584
104575195.3125,-92.83040807776106
104580078.125,-92.85236930728306
104584960.9375,-92.86715530015394
104589843.75,-92.74978277283662
104594726.5625,-92.7722162912865
104599609.375,-92.87191369504174
104604492.1875,-92.83713545941384
104609375.0,-92.74942375353717
104614257.8125,-92.79767946143801
104619140.625,-92.734030052772
104624023.4375,-92.83314604232291
104628906.25,-92.74437819305118
104633789.0625,-92.75410180412851
104638671.875,-92.86006265042303
104643554.6875,-92.67844926016716
104648437.5,-92.78617824828723
104653320.3125,-92.88936085920923
104658203.125,-92.8638982436731
104663085.9375,-92.8883744143507
104667968.75,-92.82118884049916
104672851.5625,-92.90837962020282
104677734.375,-92.89001794097834
104682617.1875,-92.84032409735488
104687500.0,-92.87250673338153
104692382.8125,-92.76066886508693
104697265.625,-92.82037319706797
104702148.4375,-92.88000972857452
104707031.25,-92.81709627973544
104711914.0625,-92.91620893358137
104716796.875,-92.76080549465564
104721679.6875,-92.83424629701162
104726562.5,-92.78551986480568
104731445.3125,-92.7620264791019
104736328.125,-92.79848886677775
104741210.9375,-92.73580716344955
104746093.75,-92.7451252096717
104750976.5625,-92.77274354990507
104755859.375,-92.79384053632612
104760742.1875,-92.74382666806838
104765625.0,-92.77965521636594
104770507.8125,-92.92059924517969
104775390.625,-92.78889874208778
104780273.4375,-92.88340822344745
104785156.25,-92.81474225603122
104790039.0625,-92.82067486692708
104794921.875,-92.7992388658202
104799804.6875,-92.69114867490049
104804687.5,-92.5781721866218
104809570.3125,-92.75191740626963
104814453.125,-92.74446160842697
104819335.9375,-92.76509143787254
104824218.75,-92.71444155511193
104829101.5625,-92.75979614258782
104833984.375,-92.79028555207168
104838867.1875,-92.67009365078567
104843750.0,-92.87212525573355
104848632.8125,-92.83723824285181
104853515.625,-92.67583482342087
104858398.4375,-92.70209667987908
104863281.25,-92.74321510340206
104868164.0625,-92.66266686699856
104873046.875,-92.81394001016469
104877929.6875,-92.6304386805894
104882812.5,-92.64460282982074
104887695.3125,-92.61029708561733
104892578.125,-92.794360828398
104897460.9375,-92.6130586859114
104902343.75,-92.62527379136253
104907226.5625,-92.71147670893947
104912109.375,-92.60424380199353
104916992.1875,-92.75574878533314
104921875.0,-92.52879180112839
104926757.8125,-92.6354144554586
104931640.625,-92.59627906852847
104936523.4375,-92.51864174943685
104941406.25,-92.58487574964252
104946289.0625,-92.54936004730291
104951171.875,-92.53540100669952
104956054.6875,-92.41130285180245
104960937.5,-92.19165490462484
104965820.3125,-92.35491481354632
104970703.125,-92.23806408180843
104975585.9375,-92.09109822575195
104980468.75,-91.76551643449554
104985351.5625,-91.65374772398437
104990234.375,-90.97070828000284
104995117.1875,-89.99797807601627
105000000.0,-40.266730661292634
105004882.8125,-90.08200367314384
105009765.625,-91.02189772299329
105014648.4375,-91.5740356174293
105019531.25,-91.65416860811615
105024414.0625,-92.049317556228
105029296.875,-92.23734569260245
105034179.6875,-92.23267482956257
105039062.5,-92.21451609013218
105043945.3125,-92.50677671491968
105048828.125,-92.54451806356116
105053710.9375,-92.52404525718231
105058593.75,-92.5377137403517
105063476.5625,-92.63298289049052
105068359.375,-92.66485814479944
105073242.1875,-92.67267976932831
105078125.0,-92.64296374779047
105083007.8125,-92.71712876064416
105087890.625,-92.82517047511291
105092773.4375,-92.6471965069615
105097656.25,-92.67960296375338
105102539.0625,-92.72292200140623
105107421.875,-92.68916471301893
105112304.6875,-92.56353945655493
105117187.5,-92.69947422282809
105122070.3125,-92.6115679354956
105126953.125,-92.7756505305658
105131835.9375,-92.59911969800132
105136718.75,-92.69490098650081
105141601.5625,-92.75119613021207
105146484.375,-92.75513494307754
105151367.1875,-92.74770239808319
105156250.0,-92.70262453697273
105161132.8125,-92.62704945437287
105166015.625,-92.796423603123
105170898.4375,-92.72123529151293
105175781.25,-92.75777418216805
105180664.0625,-92.69079949712366
105185546.875,-92.7717373769494
105190429.6875,-92.76621620207715
105195312.5,-92.75943397213985
105200195.3125,-92.67427005109641
105205078.125,-92.7323311852268
105209960.9375,-92.89609528817886
105214843.75,-92.68683611827464
105219726.5625,-92.88373343654527
105224609.375,-92.77469460367638
105229492.1875,-92.80918611227418
105234375.0,-92.74987550336738
105239257.8125,-92.70822218329553
105244140.625,-92.67401378302156
105249023.4375,-92.79590465421862
105253906.25,-92.73207514891513
105258789.0625,-92.79297762477631
105263671.875,-92.78610820303652
105268554.6875,-92.6971154472582
105273437.5,-92.79118860765604
105278320.3125,-92.69954815990516
105283203.125,-92.73495352883683
105288085.9375,-92.79424372476035
105292968.75,-92.74931102607025
105297851.5625,-92.77641837890192
105302734.375,-92.6636491285256
105307617.1875,-92.81748859937565
105312500.0,-92.8531919667513
105317382.8125,-92.65286807282865
105322265.625,-92.7920155554732
105327148.4375,-92.83369722369105
105332031.25,-92.82115778281818
105336914.0625,-92.78021855297624
105341796.875,-92.81558926275949
105346679.6875,-92.74038203365842
105351562.5,-92.79685550818758
105356445.3125,-92.7554976117903
105361328.125,-92.77428222840462
105366210.9375,-92.80270718220368
105371093.75,-92.70540375359238
105375976.5625,-92.75529390592283
105380859.375,-92.70126838319584
105385742.1875,-92.80458341175407
105390625.0,-92.79192754305592
105395507.8125,-92.82687890214416
105400390.625,-92.7918034281758
105405273.4375,-92.85461459114819
105410156.25,-92.82674910108676
105415039.0625,-92.69633631800411
105419921.875,-92.81938965594716
105424804.6875,-92.78313721706883
105429687.5,-92.7494455496304
105434570.3125,-92.74372837972783
105439453.125,-92.7744987853313
105444335.9375,-92.80379531884577
105449218.75,-92.71878912161446
105454101.5625,-92.73631790920601
105458984.375,-92.75717391071706
105463867.1875,-92.81137120295523
105468750.0,-92.82726436022867
105473632.8125,-92.6145776516978
105478515.625,-92.52651914864916
105483398.4375,-92.69115694532374
105488281.25,-92.77392386742497
105493164.0625,-92.70236887973567
105498046.875,-92.60808194526584
105502929.6875,-92.58187883039253
105507812.5,-92.48174280052055
105512695.3125,-92.43792072320159
105517578.125,-92.57856410446283
105522460.9375,-92.43448323674707
105527343.75,-92.4575836447292
105532226.5625,-92.42561980581576
105537109.375,-92.32465998249859
105541992.1875,-92.40311770481202
105546875.0,-92.21983456363273
105551757.8125,-92.3385242948905
105556640.625,-92.36633834390116
105561523.4375,-92.24362901141541
105566406.25,-92.23910513037524
105571289.0625,-92.28465077432253
105576171.875,-92.12113625072493
105581054.6875,-92.04796901060638
105585937.5,-92.01285649779788
105590820.3125,-91.8840706098392
105595703.125,-91.85402869642917
105600585.9375,-91.61237436707876
105605468.75,-91.41111859618309
105610351.5625,-90.87214494120286
105615234.375,-90.3833960078992
105620117.1875,-89.87262181824491
105625000.0,-89.10158045333924
105629882.8125,-88.53769462155833
105634765.625,-87.95389631547565
105639648.4375,-87.33039154088834
105644531.25,-86.68522196155149
105649414.0625,-86.43331480729458
105654296.875,-86.08080876168532
105659179.6875,-85.84681261985378
105664062.5,-85.46972376616264
105668945.3125,-85.80210961566121
105673828.125,-85.59839710778934
105678710.9375,-85.39219579768312
105683593.75,-85.25786080643894
105688476.5625,-85.30964956615401
105693359.375,-85.81806227220147
105698242.1875,-87.42034342272771
105703125.0,-90.31620073401024
105708007.8125,-91.88497876124322
105712890.625,-91.50081389794303
105717773.4375,-90.61784783035645
105722656.25,-90.04591176909096
105727539.0625,-89.5172009505446
105732421.875,-89.02049268727282
105737304.6875,-88.61116361798562
105742187.5,-88.09015625290311
105747070.3125,-88.03346072204872
105751953.125,-88.29527508515176
105756835.9375,-88.56189431584087
105761718.75,-88.85807732097214
105766601.5625,-89.45670405108706
105771484.375,-89.65386551768441
105776367.1875,-90.09775255088817
105781250.0,-90.28913537456572
105786132.8125,-90.70553081934747
105791015.625,-91.24878906724985
105795898.4375,-91.8259065664011
105800781.25,-92.29814151156387
105805664.0625,-92.221578925921
105810546.875,-92.60261732619318
105815429.6875,-92.65266840297585
105820312.5,-92.6768396236742
105825195.3125,-92.74319899465416
105830078.125,-92.64706956195775
105834960.9375,-92.67465506892896
105839843.75,-92.73578796218303
105844726.5625,-92.5831860705529
105849609.375,-92.7532348813335
105854492.1875,-92.75494581923033
105859375.0,-92.8433313078553
105864257.8125,-92.75045815332496
105869140.625,-92.76468436567038
105874023.4375,-92.81135945538415
105878906.25,-92.8850587322373
105883789.0625,-92.8645129531265
105888671.875,-92.77096707280253
105893554.6875,-92.75837327281863
105898437.5,-92.7791190979951
105903320.3125,-92.86405576291511
105908203.125,-92.86140604734041
105913085.9375,-92.87234954660173
105917968.75,-92.76951430131231
105922851.5625,-92.82506230502665
105927734.375,-92.91392658929809
105932617.1875,-92.87073405062324
105937500.0,-92.76211924698859
105942382.8125,-92.77624143472246
105947265.625,-92.824455464527
105952148.4375,-92.81952992821283
105957031.25,-92.80098893851459
105961914.0625,-92.80808707930811
105966796.875,-92.82526345735738
105971679.6875,-92.83370937755507
105976562.5,-92.89001101717628
105981445.3125,-92.91714778597645
105986328.125,-92.8541820380049
105991210.9375,-92.78956849420067
105996093.75,-92.81476271715442
106000976.5625,-92.79730194169662
106005859.375,-92.79934736154354
106010742.1875,-92.8137871686653
106015625.0,-92.75832609384162
106020507.8125,-92.85358296015977
106025390.625,-92.9227338554835
106030273.4375,-92.75582432178848
106035156.25,-92.8516615748849
106040039.0625,-92.83168165145304
106044921.875,-92.7900794504358
106049804.6875,-92.80824949101651
106054687.5,-92.73219615107709
106059570.3125,-92.83806614604927
106064453.125,-92.81196479298808
106069335.9375,-92.88381339269375
106074218.75,-92.7927596760168
106079101.5625,-92.87293651519485
106083984.375,-92.85044256774216
106088867.1875,-92.82503333447121
106093750.0,-92.72185699428394
106098632.8125,-92.91455068120263
106103515.625,-92.80743730789436
106108398.4375,-92.69634562826553
106113281.25,-92.8260645708105
106118164.0625,-92.7464625258637
106123046.875,-92.68902583494963
106127929.6875,-92.83903296774116
106132812.5,-92.71003532814342
106137695.3125,-92.80307865653788
106142578.125,-92.82028195357228
106147460.9375,-92.79536626901361
106152343.75,-92.84593158550021
106157226.5625,-92.8521550270271
106162109.375,-92.82191119852135
106166992.1875,-92.77406414143397
106171875.0,-92.82981286698242
106176757.8125,-92.71525824539853
106181640.625,-92.75689185643907
106186523.4375,-92.86274604847671
106191406.25,-92.85213811486108
106196289.0625,-92.72588187872319
106201171.875,-92.73128211041498
106206054.6875,-92.63921748247466
106210937.5,-92.52794776600234
106215820.3125,-92.38050990842575
106220703.125,-92.24297591828713
106225585.9375,-92.11960964737168
106230468.75,-91.93420680138729
106235351.5625,-91.65689558824644
106240234.375,-91.59204188429302
106245117.1875,-91.57653251893694
106250000.0,-91.10321140713143
106254882.8125,-90.58421996670674
106259765.625,-90.27112830470969
106264648.4375,-90.05877979230036
106269531.25,-89.84704517835385
106274414.0625,-89.62416081299563
106279296.875,-89.41052335285863
106284179.6875,-89.06974831120661
106289062.5,-89.0046689085708
106293945.3125,-88.8567232808177
106298828.125,-88.8960078609066
106303710.9375,-88.85441648298948
106308593.75,-89.04371836514619
106313476.5625,-88.9973617230128
106318359.375,-89.11101965123373
106323242.1875,-89.20753262547501
106328125.0,-89.56093201270332
106333007.8125,-90.13257912823539
106337890.625,-90.34329213352675
106342773.4375,-90.6647838207466
106347656.25,-90.93186960500606
106352539.0625,-91.33217436161351
106357421.875,-91.56817003223782
106362304.6875,-91.7402476399977
106367187.5,-92.06042024565556
106372070.3125,-92.05609386528377
106376953.125,-92.14544203213305
106381835.9375,-92.20507210046017
106386718.75,-92.38496022185862
106391601.5625,-92.51182108541568
106396484.375,-92.48476738352963
106401367.1875,-92.73751660978272
106406250.0,-92.80322183911719
106411132.8125,-92.63137508033171
106416015.625,-92.76788504164332
106420898.4375,-92.77988198360848
106425781.25,-92.85479175282791
106430664.0625,-92.72683940994517
106435546.875,-92.80451569841145
106440429.6875,-92.64608426353882
106445312.5,-92.57593369511582
106450195.3125,-92.6093197685052
106455078.125,-92.86962373250435
106459960.9375,-92.63943482344041
106464843.75,-92.71624133803192
106469726.5625,-92.71862255255553
106474609.375,-92.71627068610181
106479492.1875,-92.62575012625905
106484375.0,-92.59175654960805
106489257.8125,-92.61575082471265
106494140.625,-92.72322789085231
106499023.4375,-92.54853889473469
106503906.25,-92.67075541329353
106508789.0625,-92.6516585699859
106513671.875,-92.74102567682843
106518554.6875,-92.66210683251347
106523437.5,-92.78535583617736
106528320.3125,-92.70994994047257
106533203.125,-92.75979187172246
106538085.9375,-92.7603084469144
106542968.75,-92.81516401169742
106547851.5625,-92.94046827009626
106552734.375,-92.83401627815823
106557617.1875,-92.80127979331542
106562500.0,-92.82077854884415
106567382.8125,-92.86641548806458
106572265.625,-92.8043481982962
106577148.4375,-92.81061559012375
106582031.25,-92.80450288698924
106586914.0625,-92.82993409152593
106591796.875,-92.88352172934432
106596679.6875,-92.81687142626166
106601562.5,-93.03747546374075
106606445.3125,-92.87564542224268
106611328.125,-92.90597424873675
106616210.9375,-92.83956460393125
106621093.75,-92.87335842130989
106625976.5625,-92.88085496963328
106630859.375,-92.88542176270659
106635742.1875,-93.0257705215362
106640625.0,-92.81488149866033
106645507.8125,-92.8586523027505
106650390.625,-92.89279184174143
106655273.4375,-92.8373107331818
106660156.25,-92.82332616764626
106665039.0625,-92.77742681996776
106669921.875,-92.9481581615062
106674804.6875,-92.90638037940167
106679687.5,-92.91853086767543
106684570.3125,-92.83039406347714
106689453.125,-93.03418726069611
106694335.9375,-92.85437287514304
106699218.75,-92.93266438306938
106704101.5625,-92.96070571640263
106708984.375,-92.8559268850122
106713867.1875,-92.73077612953091
106718750.0,-92.89316004542445
106723632.8125,-92.993487131921
106728515.625,-92.93613055766988
106733398.4375,-92.81461099118735
106738281.25,-92.77792424591993
106743164.0625,-92.85440400715831
106748046.875,-92.85058923415338
106752929.6875,-92.97651044948952
106757812.5,-92.84293647763485
106762695.3125,-92.84120352872995
106767578.125,-92.90310452458343
106772460.9375,-92.90461926911848
106777343.75,-92.79808970206355
106782226.5625,-92.86258874312875
106787109.375,-92.92853550733395
106791992.1875,-92.92928534592957
106796875.0,-92.82080936751825
106801757.8125,-92.89344582451429
106806640.625,-92.79414128247117
106811523.4375,-92.85450244477599
106816406.25,-92.82855185010024
106821289.0625,-92.8887437106435
106826171.875,-92.95562887899646
106831054.6875,-92.91311183309637
106835937.5,-92.72893836467097
106840820.3125,-92.88516056833956
106845703.125,-92.80283961587972
106850585.9375,-92.8727607151591
106855468.75,-92.88456939385316
106860351.5625,-92.82761450467535
106865234.375,-92.84143929451426
106870117.1875,-92.78855019277526
106875000.0,-92.66682634796376
106879882.8125,-92.78915140979777
106884765.625,-92.79656910692057
106889648.4375,-92.7297088596818
106894531.25,-92.607793541344
106899414.0625,-92.52169538490651
106904296.875,-92.58551582058166
106909179.6875,-92.49675057448297
106914062.5,-92.56489527038667
106918945.3125,-92.41783697299377
106923828.125,-92.35589570009375
106928710.9375,-92.31226905424077
106933593.75,-92.3565487391001
106938476.5625,-92.140475770569
106943359.375,-92.07775261312364
106948242.1875,-92.05803827123293
106953125.0,-91.95520917584048
106958007.8125,-91.85551730150965
106962890.625,-91.8655682758517
106967773.4375,-91.93282324019265
106972656.25,-91.74097522636089
106977539.0625,-91.79065449672052
106982421.875,-91.77972884075606
106987304.6875,-91.8582345872461
106992187.5,-91.7614778836165
106997070.3125,-91.8687153408224
107001953.125,-91.78980153466946
107006835.9375,-91.77356318165829
107011718.75,-92.14901410108607
107016601.5625,-92.00929887919489
107021484.375,-92.062282868247
107026367.1875,-92.08851275921887
107031250.0,-92.25541216154105
107036132.8125,-92.23139062554804
107041015.625,-92.30664834535415
107045898.4375,-92.46921299132981
107050781.25,-92.39716250394443
107055664.0625,-92.37937518574773
107060546.875,-92.42927940030373
107065429.6875,-92.43779757802815
107070312.5,-92.51211353798195
107075195.3125,-92.35634186650142
107080078.125,-92.52348179086866
107084960.9375,-92.59210356656212
107089843.75,-92.5658561225215
107094726.5625,-92.64622885490925
107099609.375,-92.58341071919776
107104492.1875,-92.58099270263176
107109375.0,-92.74941460688882
107114257.8125,-92.84701407455441
107119140.625,-92.72326472747511
107124023.4375,-92.79653404435527
107128906.25,-92.97443729080786
107133789.0625,-92.79041094951657
107138671.875,-92.84344173384846
107143554.6875,-92.85114694639896
107148437.5,-92.79406288908604
107153320.3125,-92.8538236268711
107158203.125,-92.88351038187716
107163085.9375,-92.92750055784006
107167968.75,-92.91672800009636
107172851.5625,-92.86393395594581
107177734.375,-92.88151068152115
107182617.1875,-92.89207321305841
107187500.0,-92.86427586798285
107192382.8125,-92.93774744148902
107197265.625,-92.91116170638398
107202148.4375,-92.8338533442328
107207031.25,-92.79663687293368
107211914.0625,-92.85015732701129
107216796.875,-92.91418059613929
107221679.6875,-92.90664752529861
107226562.5,-92.93359374185033
107231445.3125,-92.83261592339466
107236328.125,-92.94426807649108
107241210.9375,-92.8606258916329
107246093.75,-92.96515787974576
107250976.5625,-92.79078928737778
107255859.375,-92.90151814699146
107260742.1875,-92.75899169309736
107265625.0,-92.87083050669932
107270507.8125,-92.99096483276873
107275390.625,-92.76627888605626
107280273.4375,-92.91397758306414
107285156.25,-92.84561897604357
107290039.0625,-92.83635851550792
107294921.875,-92.82992551051919
107299804.6875,-92.70969199304363
107304687.5,-92.70022474836449
107309570.3125,-92.79829106442497
107314453.125,-92.85629792491613
107319335.9375,-92.72857923348346
107324218.75,-93.0098399738113
107329101.5625,-92.87745533567093
107333984.375,-92.87243080474855
107338867.1875,-92.94234887036015
107343750.0,-92.7979179646697
107348632.8125,-92.90310551711895
107353515.625,-93.02392738386175
107358398.4375,-92.92268253435603
107363281.25,-92.87672326653893
107368164.0625,-92.87075015747081
107373046.875,-92.89915157661483
107377929.6875,-92.82796864617919
107382812.5,-92.76325587555272
107387695.3125,-92.77753180735698
107392578.125,-92.81780268663488
107397460.9375,-92.80393450506756
107402343.75,-92.81569157012959
107407226.5625,-92.76626218077215
107412109.375,-92.82503295110499
107416992.1875,-92.79795049971801
107421875.0,-92.89622312962732
107426757.8125,-92.74980094050804
107431640.625,-92.76207859573904
107436523.4375,-92.77985872554177
107441406.25,-92.75130381610435
107446289.0625,-92.6887434912781
107451171.875,-92.64954046960688
107456054.6875,-92.63088423296784
107460937.5,-92.65160945335805
107465820.3125,-92.73755144227039
107470703.125,-92.60871791379628
107475585.9375,-92.51876883673603
107480468.75,-92.59479892840733
107485351.5625,-92.50564395179322
107490234.375,-92.4837684995334
107495117.1875,-92.33755840623138
107500000.0,-92.42793897714807
107504882.8125,-92.49044854727882
107509765.625,-92.23881724468325
107514648.4375,-92.31394444929447
107519531.25,-92.33586425603932
107524414.0625,-92.23859102437655
107529296.875,-92.16894902445713
107534179.6875,-92.15520747324013
107539062.5,-92.2044606875098
107543945.3125,-92.16766478261525
107548828.125,-92.19312353299611
107553710.9375,-92.11861035758653
107558593.75,-92.226062654516
107563476.5625,-92.17548996431333
107568359.375,-92.15684853297239
107573242.1875,-92.20177197409504
107578125.0,-92.11098293759045
107583007.8125,-92.06865826303434
107587890.625,-92.12613965471658
107592773.4375,-92.26972576445212
107597656.25,-92.16445742801139
107602539.0625,-92.13012440110526
107607421.875,-92.15072796772733
107612304.6875,-92.11699114993314
107617187.5,-92.09098172796675
107622070.3125,-92.13611506176065
107626953.125,-92.2114444733144
107631835.9375,-92.28213065658878
107636718.75,-92.19077462440953
107641601.5625,-92.30648925584512
107646484.375,-92.3227359764872
107651367.1875,-92.3347925008687
107656250.0,-92.4405647272988
107661132.8125,-92.45923141101142
107666015.625,-92.4227624493713
107670898.4375,-92.3863196994549
107675781.25,-92.41827888032503
107680664.0625,-92.49317067556694
107685546.875,-92.63197146626351
107690429.6875,-92.55172423921516
107695312.5,-92.56288661091301
107700195.3125,-92.68557081921412
107705078.125,-92.65452619452645
107709960.9375,-92.75052834192007
107714843.75,-92.79288906864349
107719726.5625,-92.658391336574
107724609.375,-92.65032870730911
107729492.1875,-92.78457840241026
107734375.0,-92.76179528483186
107739257.8125,-92.72623034239791
107744140.625,-92.67923278578505
107749023.4375,-92.75561381379342
107753906.25,-92.73649059423076
107758789.0625,-92.84053848809546
107763671.875,-92.75534962998779
107768554.6875,-92.84256023408369
107773437.5,-92.86372356250155
107778320.3125,-92.77544370953191
107783203.125,-92.82183157970559
107788085.9375,-92.80649508838482
107792968.75,-92.72042703715283
107797851.5625,-92.8606696758419
107802734.375,-92.89587675226352
107807617.1875,-92.9699489565258
107812500.0,-92.89511256631624
107817382.8125,-92.82770601438403
107822265.625,-92.86102037181641
107827148.4375,-92.7638245244678
107832031.25,-92.83264104500955
107836914.0625,-92.79515350857434
107841796.875,-92.784676259491
107846679.6875,-92.80505847628183
107851562.5,-92.79288681135876
107856445.3125,-92.86033987804763
107861328.125,-92.84273522720338
107866210.9375,-92.80852748486254
107871093.75,-92.93984591924573
107875976.5625,-92.76058517181747
107880859.375,-92.88649009047171
107885742.1875,-92.91041499035282
107890625.0,-92.90070466897174
107895507.8125,-92.82550046773162
107900390.625,-92.88569175937485
107905273.4375,-92.87466196932596
107910156.25,-93.01599886191815
107915039.0625,-92.82651698916655
107919921.875,-92.8407170887817
107924804.6875,-92.8488881825339
107929687.5,-92.9677609185506
107934570.3125,-92.93158017416249
107939453.125,-92.8373679014943
107944335.9375,-92.85723663085838
107949218.75,-92.87378323792692
107954101.5625,-92.74042818395634
107958984.375,-92.8649002241009
107963867.1875,-92.82058133356077
107968750.0,-92.84806569091458
107973632.8125,-92.83349550972918
107978515.625,-92.8413693192476
107983398.4375,-92.84768635237816
107988281.25,-92.82258917752131
107993164.0625,-92.88982171374255
107998046.875,-92.88288021864861
108002929.6875,-92.8189929914727
108007812.5,-92.82489399684377
108012695.3125,-92.81993720096185
108017578.125,-92.86045503531895
108022460.9375,-92.81952260336195
108027343.75,-92.90404759205825
108032226.5625,-92.8431428658977
108037109.375,-92.78421113236612
108041992.1875,-92.70690433138944
108046875.0,-92.7723477721106
108051757.8125,-92.75761916895127
108056640.625,-92.92371128538528
108061523.4375,-92.84931997086417
108066406.25,-92.88066148915678
108071289.0625,-92.82999133922655
108076171.875,-92.91660825941332
108081054.6875,-92.76482208412727
108085937.5,-92.73374370176762
108090820.3125,-92.81132368759395
108095703.125,-92.79373804583
108100585.9375,-92.8391800545997
108105468.75,-92.89183631354007
108110351.5625,-92.85874535721413
108115234.375,-92.7405496964374
108120117.1875,-92.75787185492112
108125000.0,-92.7613100277
108129882.8125,-92.75182826303174
108134765.625,-92.75322439803139
108139648.4375,-92.70675113544536
108144531.25,-92.7359106409184
108149414.0625,-92.79383115733191
108154296.875,-92.79877729615666
108159179.6875,-92.69674451339122
108164062.5,-92.72627311244867
108168945.3125,-92.8178948989692
108173828.125,-92.74718537049571
108178710.9375,-92.79973960618969
108183593.75,-92.92564873042758
108188476.5625,-92.78612030721746
108193359.375,-92.84104162835825
108198242.1875,-92.68604060304497
108203125.0,-92.79563485216963
108208007.8125,-92.757191281703
108212890.625,-92.80567214630867
108217773.4375,-92.8343373072529
108222656.25,-92.72741712588362
108227539.0625,-92.8475481176443
108232421.875,-92.67657089706367
108237304.6875,-92.8124104328364
108242187.5,-92.75801217808944
108247070.3125,-92.64647346537399
108251953.125,-92.73890061183297
108256835.9375,-92.69858378606781
108261718.75,-92.56598943279536
108266601.5625,-92.62160714149115
108271484.375,-92.6647269443161
108276367.1875,-92.61527624330981
108281250.0,-92.5223726324628
108286132.8125,-92.33726611777391
108291015.625,-92.22217786853133
108295898.4375,-92.2791808681593
108300781.25,-92.32665509018315
108305664.0625,-92.41095790359827
108310546.875,-92.50662028444532
108315429.6875,-92.6708192721623
108320312.5,-92.60765352850404
108325195.3125,-92.67458032482682
108330078.125,-92.74289770085372
108334960.9375,-92.69520019371814
108339843.75,-92.76932468181224
108344726.5625,-92.85568477831242
108349609.375,-92.73501539374993
108354492.1875,-92.72817482633877
108359375.0,-92.81301262999145
108364257.8125,-92.82813646284495
108369140.625,-92.79707045491506
108374023.4375,-92.88952026456519
108378906.25,-92.71612646258612
108383789.0625,-92.73621652474179
108388671.875,-92.8608160414243
108393554.6875,-92.72017048391598
108398437.5,-92.81033969156627
108403320.3125,-92.71513773733719
108408203.125,-92.77801304583588
108413085.9375,-92.80388504856384
108417968.75,-92.72271421181298
108422851.5625,-92.89056226939923
108427734.375,-92.93599248183574
108432617.1875,-92.81682259439745
108437500.0,-92.79182880189467
108442382.8125,-92.78825172157974
108447265.625,-92.74987339606182
108452148.4375,-92.82140274725779
108457031.25,-92.86719797293546
108461914.0625,-92.87992901670219
108466796.875,-92.8069152604107
108471679.6875,-92.92273275541325
108476562.5,-92.82790948530462
108481445.3125,-92.85926760327015
108486328.125,-92.9203800087
108491210.9375,-92.87530257159153
108496093.75,-92.88321842326957
108500976.5625,-92.80698384938734
108505859.375,-92.83993148687725
108510742.1875,-92.88237512952574
108515625.0,-92.71819300619055
108520507.8125,-92.88936222055935
108525390.625,-92.84011536589315
108530273.4375,-92.83958566234935
108535156.25,-92.87913911031427
108540039.0625,-92.7743947115633
108544921.875,-92.90445024956509
108549804.6875,-92.80625475078182
108554687.5,-92.85418058202734
108559570.3125,-92.71271946165237
108564453.125,-92.79877429090561
108569335.9375,-92.96507020936684
108574218.75,-92.89492955192608
108579101.5625,-92.87815818254506
108583984.375,-92.9260768493773
108588867.1875,-92.81755727695855
108593750.0,-92.88110518487215
108598632.8125,-92.86497513169948
108603515.625,-92.85393671619457
108608398.4375,-92.78322924601062
108613281.25,-92.81120544441728
108618164.0625,-92.89161753719083
108623046.875,-92.75630546236286
108627929.6875,-92.88625320672304
108632812.5,-92.75582629451026
108637695.3125,-92.66195791276493
108642578.125,-92.81689358006477
108647460.9375,-92.88809035785826
108652343.75,-92.94848627079489
108657226.5625,-92.74169835481746
108662109.375,-92.8104660794896
108666992.1875,-92.83839167030632
108671875.0,-92.97824709458985
108676757.8125,-92.88229192139067
108681640.625,-92.76919795584271
108686523.4375,-92.75898972895433
108691406.25,-92.80244189264127
108696289.0625,-92.63697144376397
108701171.875,-92.75023310365188
108706054.6875,-92.87700977299897
108710937.5,-92.73407828483028
108715820.3125,-92.94055834298715
108720703.125,-92.83111006297398
108725585.9375,-92.8037275947054
108730468.75,-92.91809699799848
108735351.5625,-92.87879702294313
108740234.375,-92.78652065342865
108745117.1875,-92.8558105848951
108750000.0,-92.75324145321784
108754882.8125,-92.84738171999246
108759765.625,-92.65926003775692
108764648.4375,-92.70873862587007
108769531.25,-92.57132241230451
108774414.0625,-92.6452688676259
108779296.875,-92.70740116398906
108784179.6875,-92.69370422564674
108789062.5,-92.53778885511304
108793945.3125,-92.32939915504079
108798828.125,-91.73685220921806
108803710.9375,-92.25002049347918
108808593.75,-92.4332511520052
108813476.5625,-92.33413580972959
108818359.375,-92.30949327766683
108823242.1875,-92.25123984772125
108828125.0,-92.31970783176772
108833007.8125,-92.262216137547
108837890.625,-92.45730196322202
108842773.4375,-92.53829093543413
108847656.25,-92.54801998324831
108852539.0625,-92.56567187524928
108857421.875,-92.58305928174408
108862304.6875,-92.60852764484494
108867187.5,-92.7574098849274
108872070.3125,-92.67161702850962
108876953.125,-92.80042353371675
108881835.9375,-92.67155102024756
108886718.75,-92.74433131381335
108891601.5625,-92.83555350584652
108896484.375,-92.74331158568046
108901367.1875,-92.72166098745814
108906250.0,-92.6283002317193
108911132.8125,-92.66265040341645
108916015.625,-92.50838187764731
108920898.4375,-92.46360129879207
108925781.25,-92.46502203064301
108930664.0625,-92.36267559183236
108935546.875,-92.1687989989849
108940429.6875,-92.24919381251271
108945312.5,-92.05701618654248
108950195.3125,-91.98771651009992
108955078.125,-91.85842345023696
108959960.9375,-91.81040817327957
108964843.75,-91.57542872119234
108969726.5625,-91.58499364238884
108974609.375,-91.27020056244493
108979492.1875,-91.20011448480253
108984375.0,-91.08660146695911
108989257.8125,-91.10853586159897
108994140.625,-91.02906395033213
108999023.4375,-90.81075109837565
109003906.25,-90.84054406158958
109008789.0625,-91.06988363307667
109013671.875,-91.13111674135578
109018554.6875,-91.20243958455592
109023437.5,-91.43757913865863
109028320.3125,-91.53782886523575
109033203.125,-91.64110956505601
109038085.9375,-91.70276551147114
109042968.75,-91.95367304504862
109047851.5625,-92.05745427586925
109052734.375,-92.10386283597751
109057617.1875,-92.28489521210213
109062500.0,-92.40323527139549
109067382.8125,-92.37464172131337
109072265.625,-92.48176104783465
109077148.4375,-92.49847287210557
109082031.25,-92.69738069445663
109086914.0625,-92.70631824408281
109091796.875,-92.7006397779945
109096679.6875,-92.81773938380672
109101562.5,-92.87971914376018
109106445.3125,-92.79083129748128
109111328.125,-92.75297166939092
109116210.9375,-92.76585264820827
109121093.75,-92.85789730111651
109125976.5625,-92.92482072038234
109130859.375,-92.91948788682876
109135742.1875,-92.94880728528562
109140625.0,-92.84620802808266
109145507.8125,-92.8508406691405
109150390.625,-92.92548956911224
109155273.4375,-92.8973834680977
109160156.25,-92.94037707563604
109165039.0625,-92.93515849061657
109169921.875,-92.85117062983187
109174804.6875,-92.85444702130539
109179687.5,-92.89387397465435
109184570.3125,-92.909567548983
109189453.125,-92.85769010113032
109194335.9375,-92.92261924413759
109199218.75,-92.91866088966754
109204101.5625,-92.97862041213969
109208984.375,-92.9652597048877
109213867.1875,-92.9536748386044
109218750.0,-92.77652764756141
109223632.8125,-92.9084231792329
109228515.625,-92.99990329954201
109233398.4375,-92.77742516223324
109238281.25,-92.86766109131474
109243164.0625,-92.91931680029029
109248046.875,-92.83203859245538
109252929.6875,-92.90107322615472
109257812.5,-92.98942569161417
109262695.3125,-92.92228886697245
109267578.125,-92.982000491718
109272460.9375,-92.8013265948214
109277343.75,-92.85813515456704
109282226.5625,-92.85667605462214
109287109.375,-92.87165466783148
109291992.1875,-92.91350721355113
109296875.0,-92.8510629292793
109301757.8125,-92.90887269186126
109306640.625,-92.81562355011954
109311523.4375,-92.86227211727771
109316406.25,-92.88363512716904
109321289.0625,-92.9563136342079
109326171.875,-92.89069341114606
109331054.6875,-92.96839215744083
109335937.5,-92.82459186853791
109340820.3125,-92.82535531564503
109345703.125,-93.04501414505887
109350585.9375,-92.85586629780204
109355468.75,-92.88004690623188
109360351.5625,-92.95587270764207
109365234.375,-93.0059965054015
109370117.1875,-92.90070842304547
109375000.0,-92.9058199528086
109379882.8125,-92.93489849787872
109384765.625,-92.8505201979188
109389648.4375,-92.91874496792954
109394531.25,-92.82719034542734
109399414.0625,-92.97438845519383
109404296.875,-92.94281895972463
109409179.6875,-93.0664451154037
109414062.5,-92.8898780166362
109418945.3125,-92.8422144533796
109423828.125,-92.91070487471723
109428710.9375,-92.86904056741702
109433593.75,-92.85585991963697
109438476.5625,-92.92885546671485
109443359.375,-92.81499705512681
109448242.1875,-92.85887754260841
109453125.0,-92.92724962976737
109458007.8125,-92.80284627150968
109462890.625,-92.7148637768021
109467773.4375,-92.86317682625491
109472656.25,-92.74408110747268
109477539.0625,-92.7658775967848
109482421.875,-92.8463838783315
109487304.6875,-92.79815320616731
109492187.5,-92.82402900670002
109497070.3125,-92.72123366834933
109501953.125,-92.83928128784586
109506835.9375,-92.68163634881836
109511718.75,-92.75767049288757
109516601.5625,-92.67451478049003
109521484.375,-92.59350889938685
109526367.1875,-92.73907080717393
109531250.0,-92.5283985329936
109536132.8125,-92.44631447634819
109541015.625,-92.65553593957299
109545898.4375,-92.57113172581302
109550781.25,-92.50604904767127
109555664.0625,-92.49231045130395
109560546.875,-92.44564597499277
109565429.6875,-92.58189222927572
109570312.5,-92.56554552716386
109575195.3125,-92.42827654364766
109580078.125,-92.59625352143235
109584960.9375,-92.47713864890596
109589843.75,-92.54173227925293
109594726.5625,-92.52421162415303
109599609.375,-92.32704034886112
109604492.1875,-92.35362713336764
109609375.0,-92.23674116292446
109614257.8125,-92.21845330743636
109619140.625,-92.28523402237136
109624023.4375,-92.26515543550366
109628906.25,-92.28982333002025
109633789.0625,-92.26873593360972
109638671.875,-92.29852547707847
109643554.6875,-92.43751603952151
109648437.5,-92.58228447482506
109653320.3125,-92.41896698040458
109658203.125,-92.44661874162719
109663085.9375,-92.67871060962403
109667968.75,-92.57994198472414
109672851.5625,-92.71080150499523
109677734.375,-92.78875743510002
109682617.1875,-92.74131849807623
109687500.0,-92.67766658248544
109692382.8125,-92.82235038579216
109697265.625,-92.84372867222407
109702148.4375,-92.82777049062685
109707031.25,-92.9341535014907
109711914.0625,-92.8002618161556
109716796.875,-92.93655359623907
109721679.6875,-92.82528981794158
109726562.5,-92.79936892106696
109731445.3125,-92.89742561910208
109736328.125,-92.81395142927866
109741210.9375,-92.87829925560294
109746093.75,-92.92247098820275
109750976.5625,-92.81196507429789
109755859.375,-92.9026668078981
109760742.1875,-92.92424530648086
109765625.0,-92.80975795208829
109770507.8125,-92.96708758780619
109775390.625,-92.83650999851824
109780273.4375,-93.07360524684981
109785156.25,-92.84238233825161
109790039.0625,-92.84575208347272
109794921.875,-93.07149180895291
109799804.6875,-92.89091139933379
109804687.5,-92.75811835949884
109809570.3125,-92.89374272171023
109814453.125,-92.89670424555857
109819335.9375,-92.93076788439157
109824218.75,-92.95276748619497
109829101.5625,-92.91496890143807
109833984.375,-92.87120931346112
109838867.1875,-92.91239587574762
109843750.0,-92.95696576689278
109848632.8125,-92.9203014956438
109853515.625,-92.79155708670092
109858398.4375,-92.93457527400705
109863281.25,-93.04785241199468
109868164.0625,-93.01548376220097
109873046.875,-92.95251397073315
109877929.6875,-92.9462600575612
109882812.5,-92.9530848407648
109887695.3125,-92.933416338786
109892578.125,-93.01403866156042
109897460.9375,-92.87338396979297
109902343.75,-92.95129259941598
109907226.5625,-92.94852967486835
109912109.375,-92.87618066077326
109916992.1875,-92.92396651665211
109921875.0,-92.90695572953123
109926757.8125,-92.97973941168058
109931640.625,-92.78287125508263
109936523.4375,-92.8899104534593
109941406.25,-92.7701765436262
109946289.0625,-93.02092235067755
109951171.875,-92.90642983977895
109956054.6875,-92.93333656118679
109960937.5,-92.9075705877909
109965820.3125,-92.9918838774139
109970703.125,-92.93439843343944
109975585.9375,-92.91393313999959
109980468.75,-92.85367498116881
109985351.5625,-92.9148596616854
109990234.375,-92.8618949126757
109995117.1875,-92.8317661989002
110000000.0,-92.82828938027436
110004882.8125,-92.84971087146499
110009765.625,-92.92504264945984
110014648.4375,-92.91307615693779
110019531.25,-92.89671523693815
110024414.0625,-92.96802594884139
110029296.875,-92.82146508962865
110034179.6875,-92.82634142631792
110039062.5,-92.90094420828791
110043945.3125,-92.75451007997512
110048828.125,-92.86119928550937
110053710.9375,-92.83118834491876
110058593.75,-92.87704995674576
110063476.5625,-92.75967597447143
110068359.375,-92.68021453445937
110073242.1875,-92.65062428207497
110078125.0,-92.64802860194703
110083007.8125,-92.64568069456845
110087890.625,-92.66440032483357
110092773.4375,-92.68209159709326
110097656.25,-92.61994066625687
110102539.0625,-92.56924315941808
110107421.875,-92.62902623871952
110112304.6875,-92.48688384174187
110117187.5,-92.58811003105603
110122070.3125,-92.55395849333777
110126953.125,-92.51962716070645
110131835.9375,-92.63572086056033
110136718.75,-92.71102721428639
110141601.5625,-92.68809528503303
110146484.375,-92.68676809628596
110151367.1875,-92.82003700351308
110156250.0,-92.67337998083883
110161132.8125,-92.68934668872376
110166015.625,-92.89221529895542
110170898.4375,-92.72229404498378
110175781.25,-92.80275821957827
110180664.0625,-92.6838366660107
110185546.875,-92.8088635445819
110190429.6875,-92.7548893404961
110195312.5,-92.88799041367233
110200195.3125,-92.8552783677898
110205078.125,-92.88769260845552
110209960.9375,-92.82622725602519
110214843.75,-92.81858497550724
110219726.5625,-92.79795960709501
110224609.375,-92.83301719801315
110229492.1875,-92.83206261783269
110234375.0,-92.75711063582074
110239257.8125,-92.59520112356148
110244140.625,-92.56082364705071
110249023.4375,-92.62516266245507
110253906.25,-92.49771450980288
110258789.0625,-92.24209675231629
110263671.875,-91.98736656155825
110268554.6875,-91.88244862477794
110273437.5,-91.76691587857329
110278320.3125,-91.0130544293695
110283203.125,-90.86888275453543
110288085.9375,-91.03151805661832
110292968.75,-90.48086108566059
110297851.5625,-86.83036492412447
110302734.375,-89.15766457038856
110307617.1875,-91.0496589853449
110312500.0,-91.54059631375398
110317382.8125,-91.11592049930522
110322265.625,-91.81383587200398
110327148.4375,-91.91785517538457
110332031.25,-92.09342842766071
110336914.0625,-92.16351598016357
110341796.875,-92.39354922393969
110346679.6875,-92.44705948225885
110351562.5,-92.48181085721754
110356445.3125,-92.36893202720412
110361328.125,-92.4740895197518
110366210.9375,-92.64252311363177
110371093.75,-92.68111515379888
110375976.5625,-92.5719980929668
110380859.375,-92.61111170425178
110385742.1875,-92.66122074523258
110390625.0,-92.6749211741895
110395507.8125,-92.52613241374854
110400390.625,-92.24702837908691
110405273.4375,-92.28905488301774
110410156.25,-92.59768901640624
110415039.0625,-92.53127484900159
110419921.875,-92.63908191348636
110424804.6875,-92.60071746647543
110429687.5,-92.75209956763217
110434570.3125,-92.7491388017886
110439453.125,-92.76811622152417
110444335.9375,-92.76473684555506
110449218.75,-92.82773313080446
110454101.5625,-92.78641228235736
110458984.375,-92.76476100157862
110463867.1875,-92.66037698180273
110468750.0,-92.83388165659815
110473632.8125,-92.78374531097643
110478515.625,-92.79485127038876
110483398.4375,-92.76930701267273
110488281.25,-92.67788125018595
110493164.0625,-92.78649675064844
110498046.875,-92.84916390430388
110502929.6875,-92.76758232760744
110507812.5,-92.76892092099808
110512695.3125,-92.92481905259459
110517578.125,-92.88186774934252
110522460.9375,-92.88624983654898
110527343.75,-92.90668914474472
110532226.5625,-92.96509888564148
110537109.375,-92.92676755213478
110541992.1875,-92.978964959633
110546875.0,-92.86657301213515
110551757.8125,-92.904618882227
110556640.625,-92.81369971086721
110561523.4375,-92.84805929607825
110566406.25,-92.89349301858127
110571289.0625,-92.97239576113222
110576171.875,-92.89213744709971
110581054.6875,-92.87534889099288
110585937.5,-92.93356763077449
110590820.3125,-92.94560135818489
110595703.125,-92.87278214538179
110600585.9375,-92.83635075474601
110605468.75,-92.8704897583111
110610351.5625,-92.96091053978714
110615234.375,-92.86787758523812
110620117.1875,-92.8087459167933
110625000.0,-92.98138786018598
110629882.8125,-92.91832307504671
110634765.625,-92.88392825253484
110639648.4375,-92.8635055949064
110644531.25,-92.87002344040226
110649414.0625,-92.81024620388226
110654296.875,-92.82089985066608
110659179.6875,-92.8367705692992
110664062.5,-92.8537309530268
110668945.3125,-92.9170742558299
110673828.125,-93.02737505201839
110678710.9375,-92.95879424206788
110683593.75,-92.8849977084023
110688476.5625,-92.94416524577582
110693359.375,-92.82921923945804
110698242.1875,-92.73812335068442
110703125.0,-92.8742638950757
110708007.8125,-92.89192837529191
110712890.625,-92.88856715654799
110717773.4375,-92.82790312884632
110722656.25,-92.82910554352853
110727539.0625,-93.00519664819822
110732421.875,-92.8277300404641
110737304.6875,-92.83075595118311
110742187.5,-92.88616362845883
110747070.3125,-92.78335626474029
110751953.125,-92.96571992397725
110756835.9375,-92.81338461029063
110761718.75,-92.91485916157544
110766601.5625,-93.0061135580143
110771484.375,-92.93349783225827
110776367.1875,-92.90097823476054
110781250.0,-92.81955020645427
110786132.8125,-92.75725823373998
110791015.625,-92.90072936750772
110795898.4375,-92.83467611532572
110800781.25,-92.8403300909577
110805664.0625,-92.87543912861574
110810546.875,-92.85022468941887
110815429.6875,-92.88233181018612
110820312.5,-92.93152890853256
110825195.3125,-92.72628800623838
110830078.125,-92.88717239659334
110834960.9375,-92.80926090160884
110839843.75,-92.96346459297803
110844726.5625,-92.90735994705523
110849609.375,-92.89058900780924
110854492.1875,-92.82689442562335
110859375.0,-92.86771907688268
110864257.8125,-92.98077819681683
110869140.625,-92.76639482316386
110874023.4375,-92.72332430588585
110878906.25,-92.74583807384087
110883789.0625,-92.81463722928126
110888671.875,-92.74144417939223
110893554.6875,-92.7743540340426
110898437.5,-92.73525860003829
110903320.3125,-92.67216450758539
110908203.125,-92.74096507776645
110913085.9375,-92.48607253613247
110917968.75,-92.62669000512193
110922851.5625,-92.60221992813538
110927734.375,-92.61352060021022
110932617.1875,-92.54730513215796
110937500.0,-92.47966302228787
110942382.8125,-92.36120571344267
110947265.625,-92.53790042839074
110952148.4375,-92.36634315962104
110957031.25,-92.30279860868882
110961914.0625,-92.3083600154522
110966796.875,-92.3229779872807
110971679.6875,-92.18218783870523
110976562.5,-92.3024119025606
110981445.3125,-92.32671709157376
110986328.125,-92.28664514862652
110991210.9375,-92.29241551195597
110996093.75,-92.39378014210209
111000976.5625,-92.57672800781805
111005859.375,-92.5375605905617
111010742.1875,-92.59238900300562
111015625.0,-92.6472557311302
111020507.8125,-92.67572133928851
111025390.625,-92.56574571894473
111030273.4375,-92.6416782547777
111035156.25,-92.5640195773926
111040039.0625,-92.5285660819228
111044921.875,-92.52372538262907
111049804.6875,-92.54789656018883
111054687.5,-92.68838397352508
111059570.3125,-92.64603550206755
111064453.125,-92.6650681787963
111069335.9375,-92.71501287486223
111074218.75,-92.82180977180528
111079101.5625,-92.70673310021348
111083984.375,-92.79149246987737
111088867.1875,-92.78695410204494
111093750.0,-92.81034424552328
111098632.8125,-92.86349441971828
111103515.625,-92.76381520691257
111108398.4375,-92.86097962627264
111113281.25,-92.88178987051532
111118164.0625,-92.81038975141922
111123046.875,-92.79415304299263
111127929.6875,-92.82979520861755
111132812.5,-92.88453730811182
111137695.3125,-92.89636359068191
111142578.125,-92.81057191578759
111147460.9375,-92.82219878790306
111152343.75,-92.7804179309517
111157226.5625,-92.86438132354192
111162109.375,-92.90236970420526
111166992.1875,-92.78278263156272
111171875.0,-92.86538838032146
111176757.8125,-92.83143562166936
111181640.625,-92.90561687219525
111186523.4375,-92.92619949101385
111191406.25,-92.77221295665251
111196289.0625,-92.86978467425337
111201171.875,-92.99793449516389
111206054.6875,-92.90867435628402
111210937.5,-92.82908576312536
111215820.3125,-92.86242725067513
111220703.125,-92.83585508557405
111225585.9375,-92.86793703337455
111230468.75,-92.93384270924497
111235351.5625,-92.87063029473597
111240234.375,-92.81321525442277
111245117.1875,-92.81118578319902
111250000.0,-92.88672558396402
111254882.8125,-92.92726711637434
111259765.625,-92.88388826885378
111264648.4375,-92.80671050059613
111269531.25,-92.85545010141752
111274414.0625,-92.88606839235473
111279296.875,-92.84238860054242
111284179.6875,-92.82566529107982
111289062.5,-92.6884045083907
111293945.3125,-92.89944067785223
111298828.125,-92.848599326352
111303710.9375,-92.91225064344647
111308593.75,-92.91561490551891
111313476.5625,-92.918144910325
111318359.375,-92.81495464781733
111323242.1875,-92.84618744686176
111328125.0,-92.81536118585302
111333007.8125,-92.88531843903627
111337890.625,-92.91091023851973
111342773.4375,-92.9158387415431
111347656.25,-92.89970684417537
111352539.0625,-92.8102731813039
111357421.875,-92.84646067303274
111362304.6875,-92.86454474886216
111367187.5,-92.94737699093568
111372070.3125,-92.91088984926861
111376953.125,-92.76879639887977
111381835.9375,-92.77470114739396
111386718.75,-92.91265628032278
111391601.5625,-92.81662313305884
111396484.375,-92.81444469612762
111401367.1875,-92.90264615006191
111406250.0,-92.96954707722168
111411132.8125,-92.84647325798991
111416015.625,-92.86034749542554
111420898.4375,-92.93257226314563
111425781.25,-92.75264051773394
111430664.0625,-92.95632681208451
111435546.875,-92.85923419493867
111440429.6875,-92.880620572819
111445312.5,-92.84692409165234
111450195.3125,-92.91106811978918
111455078.125,-92.87599377074298
111459960.9375,-92.7965074025717
111464843.75,-92.8646827785104
111469726.5625,-92.8312769960304
111474609.375,-92.80661290853268
111479492.1875,-92.77476498920763
111484375.0,-92.84099313224658
111489257.8125,-92.76287070376969
111494140.625,-92.86460704882438
111499023.4375,-92.74131839106781
111503906.25,-92.7467396737336
111508789.0625,-92.79304574428107
111513671.875,-92.6123489962315
111518554.6875,-92.62166891611344
111523437.5,-92.57413965415495
111528320.3125,-92.3039401680129
111533203.125,-92.21041172724784
111538085.9375,-92.2182568576398
111542968.75,-92.25330074229436
111547851.5625,-92.20110814506845
111552734.375,-91.9776886956777
111557617.1875,-91.8474186838776
111562500.0,-91.7413982446943
111567382.8125,-91.69399052463092
111572265.625,-91.60205991755436
111577148.4375,-91.45246828269404
111582031.25,-91.30518577664753
111586914.0625,-91.28921224148402
111591796.875,-91.29715846855842
111596679.6875,-91.28238595424773
111601562.5,-91.36718947116424
111606445.3125,-91.29473888561444
111611328.125,-91.4033588246075
111616210.9375,-91.35454575499557
111621093.75,-91.59380251951572
111625976.5625,-91.77282790676773
111630859.375,-91.84054313887651
111635742.1875,-91.76134623768777
111640625.0,-91.9685255669697
111645507.8125,-92.06762283825253
111650390.625,-92.10948122199898
111655273.4375,-92.20407526404625
111660156.25,-92.38099057857139
111665039.0625,-92.31609363435999
111669921.875,-92.55973808969219
111674804.6875,-92.57302919004718
111679687.5,-92.55254819432807
111684570.3125,-92.6554616000025
111689453.125,-92.80788162479172
111694335.9375,-92.66748529284996
111699218.75,-92.69562170596689
111704101.5625,-92.7893693503745
111708984.375,-92.85799471806263
111713867.1875,-92.83597369075497
111718750.0,-92.79290611675717
111723632.8125,-92.78235116820338
111728515.625,-92.86743774591545
111733398.4375,-92.73228486400438
111738281.25,-92.79549908391343
111743164.0625,-92.79802237399787
111748046.875,-92.85562897820742
111752929.6875,-92.89725217795853
111757812.5,-93.0004863505873
111762695.3125,-92.85134083820054
111767578.125,-92.82773936308948
111772460.9375,-92.81533434781562
111777343.75,-92.99086336140579
111782226.5625,-92.8271657811174
111787109.375,-92.9658059149134
111791992.1875,-92.90998753840461
111796875.0,-92.9697641542208
111801757.8125,-92.89254685956331
111806640.625,-93.02042774920824
111811523.4375,-93.01065791548464
111816406.25,-92.9254977266277
111821289.0625,-92.89232434119018
111826171.875,-92.97004032596465
111831054.6875,-92.93953433368395
111835937.5,-92.91579685944464
111840820.3125,-93.05555667933626
111845703.125,-92.96097000710458
111850585.9375,-92.89678354753039
111855468.75,-92.81009275496646
111860351.5625,-92.87841086173822
111865234.375,-92.89043451577439
111870117.1875,-92.81712079075953
111875000.0,-92.90917705905139
111879882.8125,-92.83854920538744
111884765.625,-92.87275234025915
111889648.4375,-92.916883638157
111894531.25,-92.87231085000084
111899414.0625,-92.9308736363077
111904296.875,-92.80404379881165
111909179.6875,-92.76553015565443
111914062.5,-92.93124759284376
111918945.3125,-92.93451926333378
111923828.125,-92.90825369456718
111928710.9375,-92.8063811371484
111933593.75,-92.84934135358532
111938476.5625,-92.8821651921545
111943359.375,-92.83298661118391
111948242.1875,-92.96085676000135
111953125.0,-92.99959869566746
111958007.8125,-92.74059691787969
111962890.625,-92.82530432581862
111967773.4375,-93.01129844985624
111972656.25,-92.85924732740023
111977539.0625,-92.876805337354
111982421.875,-92.89620367085888
111987304.6875,-92.9377192476403
111992187.5,-92.9106842578266
111997070.3125,-92.84329382543004
112001953.125,-92.92824399349652
112006835.9375,-92.89227397297267
112011718.75,-92.86305300861324
112016601.5625,-92.85680297781201
112021484.375,-92.80218537230354
112026367.1875,-92.86075522803148
112031250.0,-92.85828661697215
112036132.8125,-92.87290625477078
112041015.625,-92.92632141263817
112045898.4375,-92.972050364099
112050781.25,-92.9610714639717
112055664.0625,-92.82754518548148
112060546.875,-92.88939260887224
112065429.6875,-92.84637039737805
112070312.5,-92.88903089728623
112075195.3125,-92.86564894926045
112080078.125,-92.97330694740711
112084960.9375,-92.82953921709228
112089843.75,-92.85969013560253
112094726.5625,-92.96791496698603
112099609.375,-92.70668452818066
112104492.1875,-92.89439669003809
112109375.0,-92.92921070657599
112114257.8125,-92.91147231472786
112119140.625,-92.9404558316441
112124023.4375,-92.85206030809604
112128906.25,-92.91666432323962
112133789.0625,-92.77387778501887
112138671.875,-92.84753629642614
112143554.6875,-92.88476486732552
112148437.5,-93.00336070696056
112153320.3125,-92.91060972249045
112158203.125,-93.04782820598976
112163085.9375,-92.95265207958451
112167968.75,-92.81506504227121
112172851.5625,-92.95547709860838
112177734.375,-92.96496870315451
112182617.1875,-92.97489013378217
112187500.0,-93.01951976041516
112192382.8125,-92.95764639432801
112197265.625,-92.99760022116067
112202148.4375,-92.90130018177899
112207031.25,-92.91480326299066
112211914.0625,-92.82546620788119
112216796.875,-92.96124427730913
112221679.6875,-92.94327176283761
112226562.5,-92.89136070140233
112231445.3125,-92.87791228368593
112236328.125,-92.92549609930799
112241210.9375,-92.92995522831202
112246093.75,-93.01634023640497
112250976.5625,-92.82716024368318
112255859.375,-92.97083753826934
112260742.1875,-92.85498065767149
112265625.0,-92.8640977841797
112270507.8125,-93.03102546934133
112275390.625,-92.85936587873968
112280273.4375,-92.86681635882906
112285156.25,-92.89601620368506
112290039.0625,-92.90402955205482
112294921.875,-92.87201575797437
112299804.6875,-92.85949379277005
112304687.5,-92.9322161389226
112309570.3125,-92.94508697045342
112314453.125,-92.93648064318597
112319335.9375,-92.9287874519689
112324218.75,-92.86420966545961
112329101.5625,-92.99351343686808
112333984.375,-92.8964365396206
112338867.1875,-92.7667473045951
112343750.0,-92.77077474961138
112348632.8125,-92.93227806543638
112353515.625,-92.96834603432808
112358398.4375,-92.88869917633679
112363281.25,-92.9055838165315
112368164.0625,-92.86596395774967
112373046.875,-92.83440268281214
112377929.6875,-92.90803037835514
112382812.5,-92.88715443305506
112387695.3125,-92.8185081107527
112392578.125,-92.85428946031493
112397460.9375,-92.82585206278486
112402343.75,-92.755950123715
112407226.5625,-92.83855973479422
112412109.375,-92.80826997738177
112416992.1875,-92.76503928486454
112421875.0,-92.94424797418284
112426757.8125,-92.83983840184297
112431640.625,-92.84269605214166
112436523.4375,-92.87370938358004
112441406.25,-92.82817539157816
112446289.0625,-92.95442284838336
112451171.875,-92.88270179499813
112456054.6875,-92.91206430174532
112460937.5,-92.83004583030652
112465820.3125,-93.02206517210755
112470703.125,-92.96222526320412
112475585.9375,-92.85516036834687
112480468.75,-92.90920417949741
112485351.5625,-92.96535843996315
112490234.375,-92.88394022299633
112495117.1875,-92.98223610684548
112500000.0,-92.97056304306656
112504882.8125,-92.97287371955693
112509765.625,-92.91185289163477
112514648.4375,-93.0167996749824
112519531.25,-92.97013038671534
112524414.0625,-93.07718206978907
112529296.875,-92.94642649592961
112534179.6875,-92.88989638400375
112539062.5,-92.95486866073315
112543945.3125,-93.0007080682243
112548828.125,-92.97806902323853
112553710.9375,-93.05273250849484
112558593.75,-92.85267945021761
112563476.5625,-92.97905009796108
112568359.375,-92.91529118328589
112573242.1875,-92.93846806091602
112578125.0,-92.90984129924658
112583007.8125,-92.98723902137323
112587890.625,-92.851566719181
112592773.4375,-93.03233372532466
112597656.25,-92.98331041020265
112602539.0625,-92.81097200783398
112607421.875,-93.02790950700182
112612304.6875,-92.97335919083076
112617187.5,-92.8948517020822
112622070.3125,-92.92326957126957
112626953.125,-92.92045380271932
112631835.9375,-92.9368037904209
112636718.75,-92.85315141787942
112641601.5625,-92.90029637388534
112646484.375,-92.81432177146232
112651367.1875,-92.90944905443746
112656250.0,-92.98898504868657
112661132.8125,-92.9713612983559
112666015.625,-92.90321783667446
112670898.4375,-92.84752465763032
112675781.25,-92.97998916996221
112680664.0625,-92.93941779703826
112685546.875,-92.84047981245297
112690429.6875,-92.96497416576449
112695312.5,-92.99603848866698
112700195.3125,-92.92535663288237
112705078.125,-93.02495141218779
112709960.9375,-92.98800187228238
112714843.75,-92.96314726798829
112719726.5625,-92.97960468415988
112724609.375,-92.93991892878654
112729492.1875,-92.90462842356771
112734375.0,-93.00272221436998
112739257.8125,-92.94055281580387
112744140.625,-92.82968425225067
112749023.4375,-92.96551245673072
112753906.25,-92.93088633136557
112758789.0625,-92.94299249493278
112763671.875,-92.96515628544134
112768554.6875,-92.93228904518449
112773437.5,-92.91002733877397
112778320.3125,-92.92928879813556
112783203.125,-92.90689207702465
112788085.9375,-92.90729712070129
112792968.75,-92.87080049048902
112797851.5625,-92.91393471347988
112802734.375,-92.8739312395007
112807617.1875,-92.7430270636973
112812500.0,-92.97612143429976
112817382.8125,-92.84028653764773
112822265.625,-92.92549609979679
112827148.4375,-92.9871085255125
112832031.25,-92.89665684748277
112836914.0625,-92.89384440153509
112841796.875,-92.92440354281308
112846679.6875,-93.04296259479628
112851562.5,-92.83142876124569
112856445.3125,-92.90376331108214
112861328.125,-92.98980889157752
112866210.9375,-92.85353866726408
112871093.75,-92.98344566090148
112875976.5625,-92.89404677866992
112880859.375,-92.87593194374426
112885742.1875,-92.8744122706239
112890625.0,-92.73072230949077
112895507.8125,-92.8820679135398
112900390.625,-92.97028800622945
112905273.4375,-92.86797807948861
112910156.25,-92.80962607519743
112915039.0625,-92.79890952504448
112919921.875,-92.84108653019845
112924804.6875,-92.80683645130449
112929687.5,-92.79947605431647
112934570.3125,-92.67279352947321
112939453.125,-92.7573741636503
112944335.9375,-92.75771741191852
112949218.75,-92.68468884228122
112954101.5625,-92.64630522329779
112958984.375,-92.62691076701293
112963867.1875,-92.49737020842437
112968750.0,-92.36664716767802
112973632.8125,-92.46448798531688
112978515.625,-92.31109071824753
112983398.4375,-92.42252284144394
112988281.25,-92.40096795444123
112993164.0625,-92.19543744511998
112998046.875,-92.32223578711645
113002929.6875,-92.2881913453204
113007812.5,-92.40140548998411
113012695.3125,-92.28546036279576
113017578.125,-92.34614034305525
113022460.9375,-92.3677048457451
113027343.75,-92.45999285013983
113032226.5625,-92.48313541646135
113037109.375,-92.6328142820091
113041992.1875,-92.67202109405054
113046875.0,-92.66592920764674
113051757.8125,-92.74160967318093
113056640.625,-92.69354419342883
113061523.4375,-92.7780322605349
113066406.25,-92.70331783711805
113071289.0625,-92.73674911136985
113076171.875,-92.75889738319162
113081054.6875,-93.00600205719343
113085937.5,-92.81683554611647
113090820.3125,-92.85063212586888
113095703.125,-92.87889530366294
113100585.9375,-92.9336053399484
113105468.75,-92.84460267004246
113110351.5625,-92.95695990695839
113115234.375,-93.0021333622324
113120117.1875,-92.91409699875794
113125000.0,-92.96629278144766
113129882.8125,-92.92892218390594
113134765.625,-92.98494715843657
113139648.4375,-92.81934217321356
113144531.25,-92.81012420667389
113149414.0625,-92.78009195122024
113154296.875,-92.95746200893785
113159179.6875,-92.8146383642623
113164062.5,-92.86221027165544
113168945.3125,-92.9449044458882
113173828.125,-92.90197397166736
113178710.9375,-92.92420732846395
113183593.75,-92.94556502341149
113188476.5625,-92.87538772065903
113193359.375,-92.94782640740291
113198242.1875,-92.96372771894022
113203125.0,-93.01871890975201
113208007.8125,-92.85349180660609
113212890.625,-92.94399154651069
113217773.4375,-92.94285172240276
113222656.25,-92.8753321085976
113227539.0625,-92.95913406300852
113232421.875,-92.89513056211007
113237304.6875,-92.88746014936467
113242187.5,-92.97690090111601
113247070.3125,-92.95598989926742
113251953.125,-92.97815752811525
113256835.9375,-92.85167164052137
113261718.75,-93.06910299915418
113266601.5625,-92.84954070898601
113271484.375,-92.91866171555836
113276367.1875,-93.04093646056393
113281250.0,-92.93620800183328
113286132.8125,-93.00524729990659
113291015.625,-92.94709949603427
113295898.4375,-93.0091002091946
113300781.25,-93.00655219751238
113305664.0625,-92.97566079703162
113310546.875,-92.94412272298712
113315429.6875,-92.85716692688834
113320312.5,-93.04302471825022
113325195.3125,-92.9567095299264
113330078.125,-92.92186001613146
113334960.9375,-92.90204219272971
113339843.75,-92.92849999757732
113344726.5625,-92.77924574515481
113349609.375,-92.8995500447513
113354492.1875,-92.93444180248764
113359375.0,-92.95936230150804
113364257.8125,-92.84031745473445
113369140.625,-92.86235096115266
113374023.4375,-92.97455687458478
113378906.25,-92.82160642414397
113383789.0625,-92.89785608744293
113388671.875,-92.9485243805282
113393554.6875,-92.850957714847
113398437.5,-92.941211699619
113403320.3125,-92.99639142577561
113408203.125,-92.88543408669707
113413085.9375,-92.94388723045213
113417968.75,-92.98650072942388
113422851.5625,-92.85043927186388
113427734.375,-92.86558767297703
113432617.1875,-92.92690715028405
113437500.0,-92.99612832608216
113442382.8125,-92.84465397031744
113447265.625,-92.95402963794965
113452148.4375,-92.8485225331587
113457031.25,-92.88282047836537
113461914.0625,-92.83273830802574
113466796.875,-93.00612023975842
113471679.6875,-92.85102024639491
113476562.5,-92.91332594831641
113481445.3125,-92.95366985808931
113486328.125,-93.0101204905013
113491210.9375,-92.92410484011907
113496093.75,-92.88899249051556
113500976.5625,-92.85352193246729
113505859.375,-92.81734291835812
113510742.1875,-92.86393421268215
113515625.0,-92.83923852236003
113520507.8125,-92.85531687271452
113525390.625,-92.7720094632102
113530273.4375,-92.78927554447262
113535156.25,-92.70097957537052
113540039.0625,-92.83094453863694
113544921.875,-92.75804199833692
113549804.6875,-92.84555338881572
113554687.5,-92.83081480841628
113559570.3125,-92.6315399182509
113564453.125,-92.68826522220249
113569335.9375,-92.62554976521284
113574218.75,-92.70776949959122
113579101.5625,-92.65862189324181
113583984.375,-92.62677825288802
113588867.1875,-92.65986619358497
113593750.0,-92.72206399897775
113598632.8125,-92.57420203575452
113603515.625,-92.5713475800307
113608398.4375,-92.59016992897614
113613281.25,-92.71521507167546
113618164.0625,-92.63233798760444
113623046.875,-92.79266513707148
113627929.6875,-92.61799319821483
113632812.5,-92.63419388641671
113637695.3125,-92.60429968564404
113642578.125,-92.75673529254635
113647460.9375,-92.6774653268256
113652343.75,-92.85932901789923
113657226.5625,-92.71050929364134
113662109.375,-92.72578699633354
113666992.1875,-92.78248570991815
113671875.0,-92.65670432100282
113676757.8125,-92.74582159216743
113681640.625,-92.84872415504265
113686523.4375,-93.02300647080159
113691406.25,-92.70545949085937
113696289.0625,-92.84483181878758
113701171.875,-92.71959837296461
113706054.6875,-92.79605681640265
113710937.5,-92.59785193877298
113715820.3125,-92.74236358784907
113720703.125,-92.73264411703451
113725585.9375,-92.81242683362274
113730468.75,-92.8802310225353
113735351.5625,-92.7931302776511
113740234.375,-92.7874072346182
113745117.1875,-92.85320306043363
113750000.0,-92.83519302201367
113754882.8125,-92.86842288245847
113759765.625,-92.85629825446188
113764648.4375,-92.9354998963438
113769531.25,-92.91079174529438
113774414.0625,-92.84554225680142
113779296.875,-92.76576752463242
113784179.6875,-92.90636414015327
113789062.5,-92.88045360560335
113793945.3125,-92.8228558617102
113798828.125,-92.79833699776793
113803710.9375,-92.89250156681516
113808593.75,-92.90621789642697
113813476.5625,-92.97005662154805
113818359.375,-92.89423014703209
113823242.1875,-92.874879365482
113828125.0,-92.77285257253982
113833007.8125,-92.87089727768759
113837890.625,-92.83188948126758
113842773.4375,-92.92479344594022
113847656.25,-92.85977105007561
113852539.0625,-92.84751409272931
113857421.875,-92.91441298873349
113862304.6875,-92.95060922603793
113867187.5,-92.81220044903176
113872070.3125,-92.8620057893225
113876953.125,-92.89798412186965
113881835.9375,-92.87989044923836
113886718.75,-92.87583878046712
113891601.5625,-92.8314693505692
113896484.375,-92.78805009722348
113901367.1875,-92.79884257340484
113906250.0,-92.9225814606286
113911132.8125,-92.91485981817209
113916015.625,-92.89306583536668
113920898.4375,-92.91303026559876
113925781.25,-92.90836039925233
113930664.0625,-92.92590420350191
113935546.875,-92.86912490451124
113940429.6875,-92.9243769476565
113945312.5,-92.82184555571905
113950195.3125,-92.82918328607164
113955078.125,-92.85095485594809
113959960.9375,-92.86800366308654
113964843.75,-92.80038803332394
113969726.5625,-92.89507638889575
113974609.375,-92.80272868849934
113979492.1875,-92.8394770287687
113984375.0,-92.86856910808115
113989257.8125,-92.80675595478175
113994140.625,-92.81001577511785
113999023.4375,-92.90396799890101
114003906.25,-92.92877784419846
114008789.0625,-92.90074659089885
114013671.875,-93.00727773967571
114018554.6875,-92.85506805033859
114023437.5,-92.93792915012153
114028320.3125,-92.82363105229709
114033203.125,-92.7736220371489
114038085.9375,-92.94131875638766
114042968.75,-92.8079105085416
114047851.5625,-92.96195068414113
114052734.375,-92.70119856997448
114057617.1875,-92.84142074315906
114062500.0,-92.87909395741141
114067382.8125,-92.7051518918492
114072265.625,-92.82055711167206
114077148.4375,-92.71809348857067
114082031.25,-92.73051390419656
114086914.0625,-92.846924126082
114091796.875,-92.80388967042308
114096679.6875,-92.63548100396147
114101562.5,-92.669402406534
114106445.3125,-92.60295293181426
114111328.125,-92.72966980868992
114116210.9375,-92.67997334527712
114121093.75,-92.75080055872638
114125976.5625,-92.69991282590422
114130859.375,-92.740057120843
114135742.1875,-92.72359870592533
114140625.0,-92.80159639718255
114145507.8125,-92.69583844890076
114150390.625,-92.8222437950092
114155273.4375,-92.80030426748735
114160156.25,-92.82158066648645
114165039.0625,-92.80257596184191
114169921.875,-92.94028001501087
114174804.6875,-92.82165743849035
114179687.5,-92.83457552861631
114184570.3125,-92.9206616845504
114189453.125,-92.8972890686886
114194335.9375,-92.96514838748965
114199218.75,-92.91360648792323
114204101.5625,-92.81996545953592
114208984.375,-92.82503174412176
114213867.1875,-92.80833629420152
114218750.0,-92.82267533530637
114223632.8125,-92.77585154607632
114228515.625,-92.8718382751619
114233398.4375,-92.86562651710761
114238281.25,-92.85150118186027
114243164.0625,-92.77365973839883
114248046.875,-92.56146691809445
114252929.6875,-92.72382979510931
114257812.5,-92.76116282892428
114262695.3125,-92.64321558190227
114267578.125,-92.57090068044639
114272460.9375,-92.30398664349511
114277343.75,-92.27429631411246
114282226.5625,-92.14224503518022
114287109.375,-92.00659723859744
114291992.1875,-91.46509058743379
114296875.0,-90.72986976050976
114301757.8125,-90.78224470609811
114306640.625,-91.9130025592199
114311523.4375,-92.05659085350496
114316406.25,-92.22055660507115
114321289.0625,-92.20696238523044
114326171.875,-92.43339350093737
114331054.6875,-92.36810467868804
114335937.5,-92.36502087554064
114340820.3125,-92.54076879926225
114345703.125,-92.45816033282804
114350585.9375,-92.3658611676642
114355468.75,-92.5166319674143
114360351.5625,-92.38842442661539
114365234.375,-92.30273875601324
114370117.1875,-92.34772314455205
114375000.0,-92.2722986170698
114379882.8125,-92.30699623637
114384765.625,-92.1021434828084
114389648.4375,-92.14261176231022
114394531.25,-92.14099022823697
114399414.0625,-91.99458479874681
114404296.875,-91.96086780564568
114409179.6875,-92.18167545233715
114414062.5,-92.13614869196687
114418945.3125,-92.14701581414289
114423828.125,-92.3408260910237
114428710.9375,-92.33990218539239
114433593.75,-92.37083747419308
114438476.5625,-92.44711356605305
114443359.375,-92.56188442022176
114448242.1875,-92.51740646718306
114453125.0,-92.59183469914595
114458007.8125,-92.63958282467524
114462890.625,-92.72428436114933
114467773.4375,-92.62521929036214
114472656.25,-92.68845355835833
114477539.0625,-92.70657337816155
114482421.875,-92.88452452401359
114487304.6875,-92.79734669358851
114492187.5,-92.77909403063705
114497070.3125,-92.85579610803825
114501953.125,-92.82725117819783
114506835.9375,-92.84987120669149
114511718.75,-92.85592390769142
114516601.5625,-92.90084230819934
114521484.375,-92.75823509615532
114526367.1875,-92.86977233873327
114531250.0,-92.8644991398655
114536132.8125,-92.85177501259363
114541015.625,-92.85858152868218
114545898.4375,-92.87107064917282
114550781.25,-92.86274802027816
114555664.0625,-92.84634020015733
114560546.875,-92.95945471611972
114565429.6875,-92.806577781561
114570312.5,-92.90817873653941
114575195.3125,-92.88278098040956
114580078.125,-92.83906737536154
114584960.9375,-92.89971853568818
114589843.75,-92.79245297027484
114594726.5625,-92.9384727098581
114599609.375,-92.82499106912022
114604492.1875,-92.85853084026755
114609375.0,-92.87965752939323
114614257.8125,-92.93394534536918
114619140.625,-93.02976066696198
114624023.4375,-92.95878329397414
114628906.25,-92.98248249608633
114633789.0625,-92.9194412345197
114638671.875,-93.04974502656319
114643554.6875,-92.80768026994753
114648437.5,-92.87437344705677
114653320.3125,-92.90537370129618
114658203.125,-92.90628500779269
114663085.9375,-92.9131467831069
114667968.75,-93.05715401393388
114672851.5625,-92.90194485326887
114677734.375,-92.94134451443006
114682617.1875,-93.0261878329859
114687500.0,-92.8415740546493
114692382.8125,-92.97693573492143
114697265.625,-92.93868506645612
114702148.4375,-92.95387547627377
114707031.25,-93.08669413227838
114711914.0625,-92.94427272435067
114716796.875,-92.99100125021627
114721679.6875,-92.87474974791493
114726562.5,-92.98305321661212
114731445.3125,-92.93930364702274
114736328.125,-92.94273968565176
114741210.9375,-92.93252358226013
114746093.75,-92.87501244833666
114750976.5625,-92.91563249672086
114755859.375,-92.91808192271156
114760742.1875,-92.81843442515381
114765625.0,-92.86779668421786
114770507.8125,-92.92023435993241
114775390.625,-92.86893296893956
114780273.4375,-92.85852667232336
114785156.25,-92.90571983421654
114790039.0625,-92.85152475537441
114794921.875,-92.90257830922906
114799804.6875,-92.95870191749714
114804687.5,-92.92087852334899
114809570.3125,-93.04083506869574
114814453.125,-92.9786087155251
114819335.9375,-92.97171097047746
114824218.75,-92.87659843157138
114829101.5625,-92.95167894578074
114833984.375,-92.87698312132926
114838867.1875,-92.92177340062463
114843750.0,-92.93761685525408
114848632.8125,-92.98111470434617
114853515.625,-92.93017988034683
114858398.4375,-92.9720329632107
114863281.25,-92.8450702158766
114868164.0625,-92.84317426671251
114873046.875,-92.91437902024416
114877929.6875,-92.96728324268071
114882812.5,-92.9391013825907
114887695.3125,-92.90904904471637
114892578.125,-92.85078755715398
114897460.9375,-92.9176111444146
114902343.75,-92.73575588082642
114907226.5625,-92.85634746044283
114912109.375,-92.83469638205719
114916992.1875,-92.81122837668909
114921875.0,-92.81960333466091
114926757.8125,-92.8488646056685
114931640.625,-92.70439157982327
114936523.4375,-92.58502635610904
114941406.25,-92.65057631138617
114946289.0625,-92.64775714716944
114951171.875,-92.700139969789
114956054.6875,-92.62098465429801
114960937.5,-92.69338323744032
114965820.3125,-92.71275531369128
114970703.125,-92.73823183656401
114975585.9375,-92.56911116155092
114980468.75,-92.64258841820296
114985351.5625,-92.6118450073113
114990234.375,-92.58353820209413
114995117.1875,-92.6530104046571
