Frecuencia_Hz,PSD_dBm
76000000.0,-89.77873475495667
76004882.8125,-89.6858654096599
76009765.625,-89.82112342526312
76014648.4375,-89.79954274669512
76019531.25,-89.62489557424135
76024414.0625,-89.7030320869878
76029296.875,-89.66920542392137
76034179.6875,-89.71620855728989
76039062.5,-89.63189632635701
76043945.3125,-89.71808827011589
76048828.125,-89.65195253778407
76053710.9375,-89.70638483725853
76058593.75,-89.71066973653046
76063476.5625,-89.69771427723026
76068359.375,-89.65152052790472
76073242.1875,-89.66753635152415
76078125.0,-89.71464330565493
76083007.8125,-89.61910783895885
76087890.625,-89.64939620175679
76092773.4375,-89.69781552535161
76097656.25,-89.6089586567096
76102539.0625,-89.61506485775251
76107421.875,-89.7518981380818
76112304.6875,-89.59329104914912
76117187.5,-89.76069978713355
76122070.3125,-89.77923827739266
76126953.125,-89.71913782014997
76131835.9375,-89.69675783803757
76136718.75,-89.61121817607267
76141601.5625,-89.64889486742709
76146484.375,-89.73344147998662
76151367.1875,-89.69747171297965
76156250.0,-89.64118749507011
76161132.8125,-89.68536092979707
76166015.625,-89.73548040189613
76170898.4375,-89.73369373824735
76175781.25,-89.72317767218652
76180664.0625,-89.73562377438421
76185546.875,-89.65996391689589
76190429.6875,-89.71429287801382
76195312.5,-89.62946869182218
76200195.3125,-89.69444782324874
76205078.125,-89.63441334936209
76209960.9375,-89.53156372457363
76214843.75,-89.61809616368467
76219726.5625,-89.50579664783945
76224609.375,-89.3793841540699
76229492.1875,-89.30929029147492
76234375.0,-89.35282677933657
76239257.8125,-89.30381173894588
76244140.625,-89.3525254845382
76249023.4375,-89.35274252292348
76253906.25,-89.15322759447261
76258789.0625,-89.12533682896196
76263671.875,-88.81314728579412
76268554.6875,-88.59267783648451
76273437.5,-88.5324706185751
76278320.3125,-88.29144015151326
76283203.125,-87.6555235604026
76288085.9375,-87.40961052302077
76292968.75,-87.4939747624509
76297851.5625,-87.79148811679187
76302734.375,-88.38299553579193
76307617.1875,-88.80942997798797
76312500.0,-89.0731379047159
76317382.8125,-89.45880007265433
76322265.625,-89.54090864214282
76327148.4375,-89.52468027043457
76332031.25,-89.36924222727822
76336914.0625,-89.43923337571252
76341796.875,-89.42121998882286
76346679.6875,-89.48033998108147
76351562.5,-89.55799983902156
76356445.3125,-89.67993748778855
76361328.125,-89.59966759980276
76366210.9375,-89.7041268124974
76371093.75,-89.60829114104672
76375976.5625,-89.73309180945282
76380859.375,-89.75868896352017
76385742.1875,-89.64978858108157
76390625.0,-89.59824395426838
76395507.8125,-89.76446485753587
76400390.625,-89.65525998312873
76405273.4375,-89.62348247186239
76410156.25,-89.68316549003077
76415039.0625,-89.77039176356774
76419921.875,-89.76374341000715
76424804.6875,-89.67128417776524
76429687.5,-89.80226607445064
76434570.3125,-89.6940340314766
76439453.125,-89.76230144317097
76444335.9375,-89.77478111219102
76449218.75,-89.73842383909866
76454101.5625,-89.59351233233372
76458984.375,-89.73646877142258
76463867.1875,-89.75647484681764
76468750.0,-89.62813179220228
76473632.8125,-89.71720755607694
76478515.625,-89.74083468097857
76483398.4375,-89.68742978928452
76488281.25,-89.69416281213563
76493164.0625,-89.63827732794681
76498046.875,-89.76808773086952
76502929.6875,-89.66633328027496
76507812.5,-89.68499715392363
76512695.3125,-89.65172089902688
76517578.125,-89.60964637595109
76522460.9375,-89.71351340567179
76527343.75,-89.77033430687092
76532226.5625,-89.69780782286821
76537109.375,-89.72550184283043
76541992.1875,-89.73768364505386
76546875.0,-89.69028292222612
76551757.8125,-89.75539131992986
76556640.625,-89.72775395968515
76561523.4375,-89.61982485151165
76566406.25,-89.4659411726457
76571289.0625,-89.57833375343648
76576171.875,-89.67365043797895
76581054.6875,-89.54215915267764
76585937.5,-89.70615801711705
76590820.3125,-89.6329781186833
76595703.125,-89.65378031685557
76600585.9375,-89.72306178876462
76605468.75,-89.73744172559273
76610351.5625,-89.71063322290152
76615234.375,-89.70456565545254
76620117.1875,-89.68118610065542
76625000.0,-89.86633542977893
76629882.8125,-89.63573028518334
76634765.625,-89.62901953947377
76639648.4375,-89.76633081079021
76644531.25,-89.68502262998737
76649414.0625,-89.62860449131037
76654296.875,-89.58860253099917
76659179.6875,-89.66244337422904
76664062.5,-89.76671043697164
76668945.3125,-89.80803209565312
76673828.125,-89.64216524379106
76678710.9375,-89.65822089727314
76683593.75,-89.7281089135638
76688476.5625,-89.74778595146904
76693359.375,-89.69356635447286
76698242.1875,-89.61224252065387
76703125.0,-89.59208948891859
76708007.8125,-89.62809651775206
76712890.625,-89.70200776080557
76717773.4375,-89.78675886221214
76722656.25,-89.80465970214925
76727539.0625,-89.76250903365445
76732421.875,-89.73920827372811
76737304.6875,-89.70670404992003
76742187.5,-89.74573514210132
76747070.3125,-89.71785810685253
76751953.125,-89.75765245651394
76756835.9375,-89.71690478635256
76761718.75,-89.73277258584619
76766601.5625,-89.78099806974365
76771484.375,-89.74680580689474
76776367.1875,-89.69716864759314
76781250.0,-89.67801801938461
76786132.8125,-89.74469933353686
76791015.625,-89.76624301698061
76795898.4375,-89.74646919461537
76800781.25,-89.6468096254109
76805664.0625,-89.66243036887658
76810546.875,-89.68760305808144
76815429.6875,-89.67369589334075
76820312.5,-89.73211571747115
76825195.3125,-89.65736236119278
76830078.125,-89.69344347049378
76834960.9375,-89.70623266250195
76839843.75,-89.51685096453528
76844726.5625,-89.55680413601002
76849609.375,-89.6051318552584
76854492.1875,-89.69422891349092
76859375.0,-89.68598946703631
76864257.8125,-89.65339836581683
76869140.625,-89.62163662962323
76874023.4375,-89.54187486422393
76878906.25,-89.76445225941467
76883789.0625,-89.65945259251458
76888671.875,-89.75952203168688
76893554.6875,-89.62289849496142
76898437.5,-89.71500848039784
76903320.3125,-89.67727981817151
76908203.125,-89.5988531536508
76913085.9375,-89.71512338399793
76917968.75,-89.65858942100346
76922851.5625,-89.72315115693297
76927734.375,-89.74956654437074
76932617.1875,-89.7306488468227
76937500.0,-89.72893269160522
76942382.8125,-89.70445270954426
76947265.625,-89.64453700395543
76952148.4375,-89.54811148042879
76957031.25,-89.79483654517136
76961914.0625,-89.65883947228764
76966796.875,-89.80424433261788
76971679.6875,-89.76349438545131
76976562.5,-89.63849526677376
76981445.3125,-89.56088987511149
76986328.125,-89.7725566241331
76991210.9375,-89.6844730213891
76996093.75,-89.633158538792
77000976.5625,-89.52560055177958
77005859.375,-89.71114916350945
77010742.1875,-89.68853966219498
77015625.0,-89.74669256544385
77020507.8125,-89.77015054742122
77025390.625,-89.75872302337774
77030273.4375,-89.7023978529862
77035156.25,-89.6387882232543
77040039.0625,-89.64896985890877
77044921.875,-89.6040489575658
77049804.6875,-89.5806674833276
77054687.5,-89.57133248429557
77059570.3125,-89.62453251594829
77064453.125,-89.61912088249687
77069335.9375,-89.67306721286943
77074218.75,-89.63603384727526
77079101.5625,-89.83285307023866
77083984.375,-89.6565920377165
77088867.1875,-89.53424636893195
77093750.0,-89.58798132898121
77098632.8125,-89.71920750697251
77103515.625,-89.57123323126359
77108398.4375,-89.60663128259068
77113281.25,-89.62870486128372
77118164.0625,-89.83362930277227
77123046.875,-89.61772620367509
77127929.6875,-89.58080116007076
77132812.5,-89.69880747326295
77137695.3125,-89.67396225065568
77142578.125,-89.73519582594693
77147460.9375,-89.69883785522552
77152343.75,-89.66968772159072
77157226.5625,-89.7279216286272
77162109.375,-89.58577966622306
77166992.1875,-89.61657770500238
77171875.0,-89.69660968972983
77176757.8125,-89.63854435088282
77181640.625,-89.76088307152312
77186523.4375,-89.60405942313889
77191406.25,-89.62084699170026
77196289.0625,-89.75562752162102
77201171.875,-89.56927016665975
77206054.6875,-89.5900994081268
77210937.5,-89.70152804937445
77215820.3125,-89.75954504119005
77220703.125,-89.6345363283915
77225585.9375,-89.5980850741065
77230468.75,-89.79128060439575
77235351.5625,-89.73234976547761
77240234.375,-89.61143645459725
77245117.1875,-89.5199893851053
77250000.0,-89.73180291892234
77254882.8125,-89.67618553195342
77259765.625,-89.76901123469912
77264648.4375,-89.61980307770585
77269531.25,-89.68397830505197
77274414.0625,-89.59497808331821
77279296.875,-89.61762307474285
77284179.6875,-89.60504465007597
77289062.5,-89.57774830160446
77293945.3125,-89.64555454332972
77298828.125,-89.58464745138718
77303710.9375,-89.73712265234207
77308593.75,-89.68014651399446
77313476.5625,-89.63084055968352
77318359.375,-89.70267684167567
77323242.1875,-89.75218418591427
77328125.0,-89.6007427043188
77333007.8125,-89.65999012594145
77337890.625,-89.64034225803397
77342773.4375,-89.72573531818503
77347656.25,-89.60869070227287
77352539.0625,-89.65393163613302
77357421.875,-89.69218974008169
77362304.6875,-89.59803429033175
77367187.5,-89.5944994083469
77372070.3125,-89.7294984928991
77376953.125,-89.80166738595477
77381835.9375,-89.65873525021897
77386718.75,-89.66206211953082
77391601.5625,-89.68314214468569
77396484.375,-89.53569969527427
77401367.1875,-89.55505185296039
77406250.0,-89.60992393616098
77411132.8125,-89.66948467560721
77416015.625,-89.69196440637367
77420898.4375,-89.67167519582023
77425781.25,-89.6857580115645
77430664.0625,-89.53987781548923
77435546.875,-89.61629151067768
77440429.6875,-89.7182454812376
77445312.5,-89.70468697274046
77450195.3125,-89.66746994057274
77455078.125,-89.70457053842304
77459960.9375,-89.6148924299911
77464843.75,-89.57088629652847
77469726.5625,-89.73049378909874
77474609.375,-89.62120623733429
77479492.1875,-89.67421539090068
77484375.0,-89.68015052981207
77489257.8125,-89.63355604227087
77494140.625,-89.6794795061169
77499023.4375,-89.63342961482056
77503906.25,-89.68926188821473
77508789.0625,-89.70866154537217
77513671.875,-89.69355193192104
77518554.6875,-89.64561609877211
77523437.5,-89.69670786609981
77528320.3125,-89.63965808827214
77533203.125,-89.69669813549575
77538085.9375,-89.57040944990433
77542968.75,-89.64084537332047
77547851.5625,-89.58648976088824
77552734.375,-89.66959003907795
77557617.1875,-89.61137644775977
77562500.0,-89.57371349303699
77567382.8125,-89.69496971011546
77572265.625,-89.6291216165636
77577148.4375,-89.71762407480722
77582031.25,-89.66468540109923
77586914.0625,-89.63295516794273
77591796.875,-89.63044996266976
77596679.6875,-89.70211729615934
77601562.5,-89.7660085946446
77606445.3125,-89.63878005003212
77611328.125,-89.60693931391
77616210.9375,-89.7450890244292
77621093.75,-89.6288833381391
77625976.5625,-89.65034746912636
77630859.375,-89.66133896117947
77635742.1875,-89.58090033975762
77640625.0,-89.60284910773711
77645507.8125,-89.57889032386652
77650390.625,-89.60686119751352
77655273.4375,-89.65186215708243
77660156.25,-89.47689524633134
77665039.0625,-89.6400524116707
77669921.875,-89.55629810972576
77674804.6875,-89.64335168861851
77679687.5,-89.72547760305605
77684570.3125,-89.57919011685962
77689453.125,-89.62314502230873
77694335.9375,-89.5266938022022
77699218.75,-89.53174061661534
77704101.5625,-89.64349472397876
77708984.375,-89.69357818852279
77713867.1875,-89.61076633375086
77718750.0,-89.61578822195574
77723632.8125,-89.64543866017326
77728515.625,-89.61028052199288
77733398.4375,-89.59785729768828
77738281.25,-89.67545393831114
77743164.0625,-89.72003303143285
77748046.875,-89.5734292308668
77752929.6875,-89.76493189862552
77757812.5,-89.56893616542112
77762695.3125,-89.74163051314028
77767578.125,-89.6667162152327
77772460.9375,-89.74529278277214
77777343.75,-89.60205308681356
77782226.5625,-89.52884756274932
77787109.375,-89.71758077696313
77791992.1875,-89.6434910442899
77796875.0,-89.70935002441087
77801757.8125,-89.63881395763653
77806640.625,-89.74462924610594
77811523.4375,-89.53647064665171
77816406.25,-89.62381405426262
77821289.0625,-89.61369284352426
77826171.875,-89.75601778689463
77831054.6875,-89.57732167296632
77835937.5,-89.64441872660606
77840820.3125,-89.69535787078675
77845703.125,-89.54061198149981
77850585.9375,-89.63889454644283
77855468.75,-89.67325492966341
77860351.5625,-89.74063744000941
77865234.375,-89.66211579298377
77870117.1875,-89.56609002458828
77875000.0,-89.58893365633008
77879882.8125,-89.6662273317682
77884765.625,-89.75124885319173
77889648.4375,-89.6473524618875
77894531.25,-89.63445623147254
77899414.0625,-89.73144657121748
77904296.875,-89.63459182755852
77909179.6875,-89.66587192155063
77914062.5,-89.66739614075203
77918945.3125,-89.65423363607755
77923828.125,-89.59869742532777
77928710.9375,-89.67330883233817
77933593.75,-89.69378347957834
77938476.5625,-89.6804263626874
77943359.375,-89.56730692324976
77948242.1875,-89.69471679662558
77953125.0,-89.64020764739428
77958007.8125,-89.69968191974982
77962890.625,-89.68130549679063
77967773.4375,-89.61933263047601
77972656.25,-89.68698972251488
77977539.0625,-89.71247292982213
77982421.875,-89.5732731883181
77987304.6875,-89.64099859082128
77992187.5,-89.67891972389583
77997070.3125,-89.63578932707702
78001953.125,-89.36832060876742
78006835.9375,-89.76023087623506
78011718.75,-89.5749501031163
78016601.5625,-89.69158542941341
78021484.375,-89.67153425247582
78026367.1875,-89.62906065350919
78031250.0,-89.59258467735145
78036132.8125,-89.64925633974747
78041015.625,-89.60941422472266
78045898.4375,-89.72172404185469
78050781.25,-89.58028073935822
78055664.0625,-89.63429485963704
78060546.875,-89.69619851568936
78065429.6875,-89.65702106031216
78070312.5,-89.69367604231172
78075195.3125,-89.64306902420265
78080078.125,-89.67442715043072
78084960.9375,-89.69334315573522
78089843.75,-89.60181327414
78094726.5625,-89.64479278317691
78099609.375,-89.70730859760636
78104492.1875,-89.54365738561151
78109375.0,-89.59826494144343
78114257.8125,-89.52242223541168
78119140.625,-89.7182522796881
78124023.4375,-89.70840339933812
78128906.25,-89.65652560852956
78133789.0625,-89.58825889484967
78138671.875,-89.6374444349616
78143554.6875,-89.63413463060454
78148437.5,-89.65286343069792
78153320.3125,-89.68578473388652
78158203.125,-89.66648888795356
78163085.9375,-89.64996318799876
78167968.75,-89.64986009393348
78172851.5625,-89.60003997903866
78177734.375,-89.59192314516991
78182617.1875,-89.63530836924281
78187500.0,-89.62989261457449
78192382.8125,-89.68120627805686
78197265.625,-89.62195775612318
78202148.4375,-89.66374177028865
78207031.25,-89.60812710058829
78211914.0625,-89.67427502324546
78216796.875,-89.53276627758837
78221679.6875,-89.6983371133307
78226562.5,-89.736402082636
78231445.3125,-89.691441698657
78236328.125,-89.70054364874434
78241210.9375,-89.66911029504647
78246093.75,-89.56663891477899
78250976.5625,-89.62528235137563
78255859.375,-89.78653335811066
78260742.1875,-89.58126370257139
78265625.0,-89.54235649644178
78270507.8125,-89.57597279535076
78275390.625,-89.76591218184947
78280273.4375,-89.67764511451566
78285156.25,-89.62212683265054
78290039.0625,-89.76947622040541
78294921.875,-89.58925968075204
78299804.6875,-89.53693225291735
78304687.5,-89.58797077745106
78309570.3125,-89.65960166824831
78314453.125,-89.73369124068347
78319335.9375,-89.62711796627735
78324218.75,-89.57399487001697
78329101.5625,-89.73071791484284
78333984.375,-89.60162404922625
78338867.1875,-89.57101848765842
78343750.0,-89.72189667233746
78348632.8125,-89.6403146078379
78353515.625,-89.66194777947365
78358398.4375,-89.58973274567086
78363281.25,-89.62533170277942
78368164.0625,-89.62373873361832
78373046.875,-89.58062766635663
78377929.6875,-89.6000083753699
78382812.5,-89.62630934254801
78387695.3125,-89.6137947273184
78392578.125,-89.74759272127923
78397460.9375,-89.67525203936842
78402343.75,-89.69365070371614
78407226.5625,-89.49238712539218
78412109.375,-89.61208449243634
78416992.1875,-89.57789229450967
78421875.0,-89.60936792577837
78426757.8125,-89.5898800394838
78431640.625,-89.60617529071607
78436523.4375,-89.64404800733416
78441406.25,-89.66022643820932
78446289.0625,-89.55524469919627
78451171.875,-89.6513616180801
78456054.6875,-89.53748228116262
78460937.5,-89.6048653294805
78465820.3125,-89.56750718452747
78470703.125,-89.71403254295592
78475585.9375,-89.55858374218315
78480468.75,-89.54177356552799
78485351.5625,-89.58758758350717
78490234.375,-89.48517955685432
78495117.1875,-89.65456096348413
78500000.0,-89.56279797201239
78504882.8125,-89.57893371826219
78509765.625,-89.60726732881662
78514648.4375,-89.58994028690847
78519531.25,-89.58498698983385
78524414.0625,-89.70316851779319
78529296.875,-89.47658272684393
78534179.6875,-89.55243264590086
78539062.5,-89.50987251777798
78543945.3125,-89.52273726335889
78548828.125,-89.59316175477724
78553710.9375,-89.5988580338722
78558593.75,-89.6379148811015
78563476.5625,-89.64579322973006
78568359.375,-89.51495457630915
78573242.1875,-89.76167337713363
78578125.0,-89.63186373226091
78583007.8125,-89.565772648934
78587890.625,-89.64303181177394
78592773.4375,-89.69892439971031
78597656.25,-89.71748858791474
78602539.0625,-89.66308971830503
78607421.875,-89.56219868234254
78612304.6875,-89.49757525752335
78617187.5,-89.57706731399429
78622070.3125,-89.58958856816938
78626953.125,-89.65053530912627
78631835.9375,-89.73979396844166
78636718.75,-89.53336740343269
78641601.5625,-89.59907061066906
78646484.375,-89.7017381302582
78651367.1875,-89.60448374126963
78656250.0,-89.71634496931543
78661132.8125,-89.6426346003459
78666015.625,-89.49533757459807
78670898.4375,-89.60498897740587
78675781.25,-89.6659929597555
78680664.0625,-89.60451889165188
78685546.875,-89.6970850961188
78690429.6875,-89.62145033270278
78695312.5,-89.68584170185125
78700195.3125,-89.50023041914258
78705078.125,-89.65380506256167
78709960.9375,-89.60479885705672
78714843.75,-89.61836815467052
78719726.5625,-89.55447185651116
78724609.375,-89.61954162252363
78729492.1875,-89.60156228828976
78734375.0,-89.64253239606683
78739257.8125,-89.52880575716202
78744140.625,-89.64126184226296
78749023.4375,-89.61610438105262
78753906.25,-89.59276512051457
78758789.0625,-89.5655599079472
78763671.875,-89.7246631431342
78768554.6875,-89.60641121445389
78773437.5,-89.5969517666397
78778320.3125,-89.5625808672271
78783203.125,-89.58093326129858
78788085.9375,-89.71139734631441
78792968.75,-89.63215553650946
78797851.5625,-89.64035399401865
78802734.375,-89.5555463236854
78807617.1875,-89.61610477891952
78812500.0,-89.53679140685131
78817382.8125,-89.58994714793158
78822265.625,-89.62101839036569
78827148.4375,-89.70897985841697
78832031.25,-89.5682707265413
78836914.0625,-89.53152850171026
78841796.875,-89.52584752736297
78846679.6875,-89.52805045478792
78851562.5,-89.57874468140648
78856445.3125,-89.4432871301313
78861328.125,-89.59798865267891
78866210.9375,-89.58324535589244
78871093.75,-89.57342061824869
78875976.5625,-89.51242280705839
78880859.375,-89.6674745188698
78885742.1875,-89.6027530639225
78890625.0,-89.72028498279596
78895507.8125,-89.62428906643939
78900390.625,-89.64764963847435
78905273.4375,-89.59089638599534
78910156.25,-89.65998924216345
78915039.0625,-89.58501948189377
78919921.875,-89.59224807511606
78924804.6875,-89.73933096096187
78929687.5,-89.48851770408953
78934570.3125,-89.55634238214498
78939453.125,-89.63367504951609
78944335.9375,-89.61051343927633
78949218.75,-89.58598955134366
78954101.5625,-89.57433794137233
78958984.375,-89.64749245979849
78963867.1875,-89.64408465922443
78968750.0,-89.61413269707262
78973632.8125,-89.57440453921387
78978515.625,-89.61842255849422
78983398.4375,-89.5494325373991
78988281.25,-89.62927764193356
78993164.0625,-89.68748717963234
78998046.875,-89.7046779955594
79002929.6875,-89.57655560626472
79007812.5,-89.49830135887902
79012695.3125,-89.63337449023865
79017578.125,-89.62846548541913
79022460.9375,-89.56937961483135
79027343.75,-89.57876703704127
79032226.5625,-89.65982345986015
79037109.375,-89.56306601129393
79041992.1875,-89.54185245468429
79046875.0,-89.63467531740591
79051757.8125,-89.60709644986574
79056640.625,-89.60609819813317
79061523.4375,-89.64968808967794
79066406.25,-89.69959019882
79071289.0625,-89.62561962118326
79076171.875,-89.69043088162772
79081054.6875,-89.54971472681422
79085937.5,-89.68068525628834
79090820.3125,-89.5573218902152
79095703.125,-89.66705439680027
79100585.9375,-89.63123587689614
79105468.75,-89.70942732871058
79110351.5625,-89.57769214752
79115234.375,-89.57065124248345
79120117.1875,-89.59740384203178
79125000.0,-89.70454731372891
79129882.8125,-89.68802602220109
79134765.625,-89.71311981475137
79139648.4375,-89.48969077979189
79144531.25,-89.73150528271984
79149414.0625,-89.62253432567394
79154296.875,-89.69027953328171
79159179.6875,-89.4733606607592
79164062.5,-89.59505465636337
79168945.3125,-89.64290866070203
79173828.125,-89.67602996681688
79178710.9375,-89.59474141722086
79183593.75,-89.58128390269388
79188476.5625,-89.5821517641329
79193359.375,-89.53594755318642
79198242.1875,-89.4910968540917
79203125.0,-89.51134303655891
79208007.8125,-89.5424452452431
79212890.625,-89.60634353639833
79217773.4375,-89.62339213941294
79222656.25,-89.62325725244318
79227539.0625,-89.6169313679907
79232421.875,-89.6925371183001
79237304.6875,-89.59321467406215
79242187.5,-89.5668031846001
79247070.3125,-89.64214488306467
79251953.125,-89.58595694326985
79256835.9375,-89.51645509192164
79261718.75,-89.65811450816463
79266601.5625,-89.60460147898834
79271484.375,-89.591429931808
79276367.1875,-89.4896620378533
79281250.0,-89.6785060528403
79286132.8125,-89.4762725442231
79291015.625,-89.56708657272227
79295898.4375,-89.5692770836626
79300781.25,-89.59302845981165
79305664.0625,-89.55322452010299
79310546.875,-89.44416837249378
79315429.6875,-89.53731504823534
79320312.5,-89.5437038415603
79325195.3125,-89.65252244424877
79330078.125,-89.59118731748524
79334960.9375,-89.69206963057832
79339843.75,-89.5595295593493
79344726.5625,-89.58494673018834
79349609.375,-89.54799351707925
79354492.1875,-89.59974941836083
79359375.0,-89.58357607313366
79364257.8125,-89.49037479503676
79369140.625,-89.35881419824173
79374023.4375,-89.52046370492215
79378906.25,-89.43215226599992
79383789.0625,-89.47541776786917
79388671.875,-89.48893213332428
79393554.6875,-89.38171907368212
79398437.5,-89.28633206361215
79403320.3125,-89.4253283908962
79408203.125,-89.2963021815066
79413085.9375,-89.25264016595324
79417968.75,-89.3423209831262
79422851.5625,-89.38209174910776
79427734.375,-89.24056808131755
79432617.1875,-89.24252161360008
79437500.0,-89.26759376117133
79442382.8125,-89.3515048374185
79447265.625,-89.27584227511093
79452148.4375,-89.4534292381201
79457031.25,-89.46381060970151
79461914.0625,-89.47107400046644
79466796.875,-89.53030837227698
79471679.6875,-89.53411197661322
79476562.5,-89.51950985409445
79481445.3125,-89.49081744519984
79486328.125,-89.58572596380935
79491210.9375,-89.6377798354124
79496093.75,-89.52290749346344
79500976.5625,-89.4807389097418
79505859.375,-89.68063186360874
79510742.1875,-89.5728635717874
79515625.0,-89.6177567325673
79520507.8125,-89.56359851826332
79525390.625,-89.6400816028086
79530273.4375,-89.65823717298724
79535156.25,-89.53788134518467
79540039.0625,-89.40512863123868
79544921.875,-89.52770181892245
79549804.6875,-89.64249060468083
79554687.5,-89.58430905386513
79559570.3125,-89.50255148699617
79564453.125,-89.51195716976085
79569335.9375,-89.61472366466427
79574218.75,-89.58013169653995
79579101.5625,-89.55290053231826
79583984.375,-89.51905126883543
79588867.1875,-89.64194479743665
79593750.0,-89.58002902199962
79598632.8125,-89.55045935708054
79603515.625,-89.5796407777496
79608398.4375,-89.48790497986045
79613281.25,-89.65555744018042
79618164.0625,-89.49215699185612
79623046.875,-89.63155159149102
79627929.6875,-89.56346671825173
79632812.5,-89.58064233724497
79637695.3125,-89.40283870467002
79642578.125,-89.33630433841697
79647460.9375,-89.34564956189507
79652343.75,-89.29623544962357
79657226.5625,-89.30793274069714
79662109.375,-89.33318775422669
79666992.1875,-89.23693827115201
79671875.0,-89.32693985363224
79676757.8125,-88.95402795939714
79681640.625,-88.64648268888658
79686523.4375,-89.0005553163586
79691406.25,-88.89079015097732
79696289.0625,-88.00963991280756
79701171.875,-85.15047167887968
79706054.6875,-88.38282451541426
79710937.5,-88.7331533134159
79715820.3125,-88.8222317013207
79720703.125,-88.54870077272136
79725585.9375,-89.00494561703329
79730468.75,-89.19259361999346
79735351.5625,-89.30408064089261
79740234.375,-89.34079291468584
79745117.1875,-89.4323171122225
79750000.0,-89.4186384492871
79754882.8125,-89.4770754281817
79759765.625,-89.42336946619645
79764648.4375,-89.42723393399498
79769531.25,-89.45967678072984
79774414.0625,-89.55074098872007
79779296.875,-89.61109885082831
79784179.6875,-89.54706389963795
79789062.5,-89.56441917146469
79793945.3125,-89.57147249880853
79798828.125,-89.56449224438947
79803710.9375,-89.63708447529436
79808593.75,-89.58635220460988
79813476.5625,-89.60075366733341
79818359.375,-89.4511988869422
79823242.1875,-89.49238281265045
79828125.0,-89.50166580850794
79833007.8125,-89.4917473946968
79837890.625,-89.54666230903356
79842773.4375,-89.48569145248916
79847656.25,-89.52045754557648
79852539.0625,-89.58126795786023
79857421.875,-89.64229524088464
79862304.6875,-89.52183996325974
79867187.5,-89.58233141018758
79872070.3125,-89.52532293035966
79876953.125,-89.55613902885315
79881835.9375,-89.46851143912335
79886718.75,-89.49082743361964
79891601.5625,-89.68320899126198
79896484.375,-89.62976304776834
79901367.1875,-89.41513044309738
79906250.0,-89.60712410749241
79911132.8125,-89.52132444797928
79916015.625,-89.58565835330865
79920898.4375,-89.43289303743046
79925781.25,-89.56220999490782
79930664.0625,-89.5627854773011
79935546.875,-89.53422961915874
79940429.6875,-89.55762399023428
79945312.5,-89.42915763019226
79950195.3125,-89.50516205010905
79955078.125,-89.52740578543646
79959960.9375,-89.47723374387755
79964843.75,-89.44979757957347
79969726.5625,-89.37533857400803
79974609.375,-89.5322118132874
79979492.1875,-89.4894457633684
79984375.0,-89.2415691506686
79989257.8125,-89.3208259339352
79994140.625,-89.31935343799609
79999023.4375,-72.54343481016724
80003906.25,-89.28761186538662
80008789.0625,-89.21634333082963
80013671.875,-89.31936103639089
80018554.6875,-89.27525524179151
80023437.5,-89.29805496158713
80028320.3125,-89.3005315820775
80033203.125,-89.36014046903813
80038085.9375,-89.32331788045781
80042968.75,-89.36121723267152
80047851.5625,-89.2257033158541
80052734.375,-89.23161567090801
80057617.1875,-89.38628828179682
80062500.0,-89.41580545998218
80067382.8125,-89.45669552671399
80072265.625,-89.42330235666691
80077148.4375,-89.54230291528947
80082031.25,-89.54705447826797
80086914.0625,-89.6068073015472
80091796.875,-89.53935052593835
80096679.6875,-89.56827136645242
80101562.5,-89.37763771654093
80106445.3125,-89.53633751274782
80111328.125,-89.64311574851575
80116210.9375,-89.62269473429981
80121093.75,-89.58354788232236
80125976.5625,-89.57619008500578
80130859.375,-89.6807842092725
80135742.1875,-89.56223465833921
80140625.0,-89.57175111422129
80145507.8125,-89.68460297980786
80150390.625,-89.67279006268515
80155273.4375,-89.5286100193525
80160156.25,-89.57240451057814
80165039.0625,-89.53407894622788
80169921.875,-89.5765116897353
80174804.6875,-89.63440960546563
80179687.5,-89.52243663136207
80184570.3125,-89.50118780462662
80189453.125,-89.6459409859196
80194335.9375,-89.59738665002232
80199218.75,-89.60765819960824
80204101.5625,-89.38841686237504
80208984.375,-89.50489257882248
80213867.1875,-89.64265356659067
80218750.0,-89.46676870557636
80223632.8125,-89.5264629325695
80228515.625,-89.609008741016
80233398.4375,-89.65961798491497
80238281.25,-89.57169018227464
80243164.0625,-89.62868343571989
80248046.875,-89.57578967102987
80252929.6875,-89.58476040419495
80257812.5,-89.55973341962016
80262695.3125,-89.57900797447004
80267578.125,-89.58756258955606
80272460.9375,-89.54510825515169
80277343.75,-89.5997206455414
80282226.5625,-89.45133471218918
80287109.375,-89.49444790708367
80291992.1875,-89.60498419624537
80296875.0,-89.60521119335425
80301757.8125,-89.6318259614842
80306640.625,-89.56031870256339
80311523.4375,-89.68268038095863
80316406.25,-89.60639604484734
80321289.0625,-89.60937948626221
80326171.875,-89.5779059728489
80331054.6875,-89.62744672864912
80335937.5,-89.54272898318578
80340820.3125,-89.53897031898907
80345703.125,-89.64870882922523
80350585.9375,-89.60052477637481
80355468.75,-89.56376217368177
80360351.5625,-89.64774010216294
80365234.375,-89.56227470196873
80370117.1875,-89.67936936001789
80375000.0,-89.5417323537115
80379882.8125,-89.62480300774078
80384765.625,-89.66207568177006
80389648.4375,-89.60725637041836
80394531.25,-89.65083456290924
80399414.0625,-89.61948969621949
80404296.875,-89.55646190046824
80409179.6875,-89.50923993885985
80414062.5,-89.58476308490842
80418945.3125,-89.58752551548335
80423828.125,-89.54765275886942
80428710.9375,-89.62494647466971
80433593.75,-89.55946023068032
80438476.5625,-89.46508895471351
80443359.375,-89.53926311219027
80448242.1875,-89.57030458678818
80453125.0,-89.64017323498965
80458007.8125,-89.70536178339796
80462890.625,-89.67540203972132
80467773.4375,-89.56238728331891
80472656.25,-89.63296317158924
80477539.0625,-89.61231076938984
80482421.875,-89.73647862522728
80487304.6875,-89.64185623183053
80492187.5,-89.53491258112984
80497070.3125,-89.60657824935691
80501953.125,-89.5830619172254
80506835.9375,-89.61278932491135
80511718.75,-89.60469810002758
80516601.5625,-89.5329969658722
80521484.375,-89.60357607507524
80526367.1875,-89.5806588181091
80531250.0,-89.58676967410082
80536132.8125,-89.64768373946055
80541015.625,-89.62943794177005
80545898.4375,-89.62125732449573
80550781.25,-89.60327877285565
80555664.0625,-89.60837703263496
80560546.875,-89.58699676944539
80565429.6875,-89.61008360121988
80570312.5,-89.618548690169
80575195.3125,-89.55970825149461
80580078.125,-89.61682406691796
80584960.9375,-89.6289290910847
80589843.75,-89.64130625433799
80594726.5625,-89.55427781899468
80599609.375,-89.58730559389326
80604492.1875,-89.67690745604114
80609375.0,-89.60463801572396
80614257.8125,-89.51918393201413
80619140.625,-89.61270865991966
80624023.4375,-89.68815098938617
80628906.25,-89.65542132266296
80633789.0625,-89.49311281854159
80638671.875,-89.48252475066292
80643554.6875,-89.5456953602754
80648437.5,-89.7802965933304
80653320.3125,-89.61963637809356
80658203.125,-89.62839491342973
80663085.9375,-89.59334626912388
80667968.75,-89.62370965414269
80672851.5625,-89.52416129838434
80677734.375,-89.5842487275778
80682617.1875,-89.55139245510105
80687500.0,-89.62063969476336
80692382.8125,-89.61228729289138
80697265.625,-89.6361219660507
80702148.4375,-89.64135199787486
80707031.25,-89.52310134095521
80711914.0625,-89.55683248073476
80716796.875,-89.60652561562506
80721679.6875,-89.59499583500391
80726562.5,-89.6065341180618
80731445.3125,-89.60990080928747
80736328.125,-89.59993892466036
80741210.9375,-89.70159176336992
80746093.75,-89.60227824286096
80750976.5625,-89.62310076744978
80755859.375,-89.49921001145808
80760742.1875,-89.4607645146709
80765625.0,-89.51068838812833
80770507.8125,-89.58173045851967
80775390.625,-89.64462844116005
80780273.4375,-89.68716870695775
80785156.25,-89.66135891526116
80790039.0625,-89.62107715166727
80794921.875,-89.59352153441591
80799804.6875,-89.62962532092237
80804687.5,-89.64958704551458
80809570.3125,-89.61966095671605
80814453.125,-89.71270289763032
80819335.9375,-89.61589458702727
80824218.75,-89.52319133456129
80829101.5625,-89.69875173536789
80833984.375,-89.6291169525723
80838867.1875,-89.63220791011233
80843750.0,-89.6544492905177
80848632.8125,-89.63854074406743
80853515.625,-89.63659370013181
80858398.4375,-89.79504662189112
80863281.25,-89.76446187355208
80868164.0625,-89.65931021810303
80873046.875,-89.64068127085426
80877929.6875,-89.6217390799323
80882812.5,-89.61743342791192
80887695.3125,-89.75635115085683
80892578.125,-89.5788067934638
80897460.9375,-89.61112946310772
80902343.75,-89.62494885681431
80907226.5625,-89.74072804210016
80912109.375,-89.6533887206802
80916992.1875,-89.66451851354799
80921875.0,-89.70363384534213
80926757.8125,-89.76432744034523
80931640.625,-89.67125332206481
80936523.4375,-89.73984769847738
80941406.25,-89.54887678070375
80946289.0625,-89.68525258853725
80951171.875,-89.63181547418992
80956054.6875,-89.69544161405116
80960937.5,-89.70743109269489
80965820.3125,-89.69135104703494
80970703.125,-89.6336992125349
80975585.9375,-89.65069535341311
80980468.75,-89.63959136852449
80985351.5625,-89.6462085425417
80990234.375,-89.69868109946327
80995117.1875,-89.71675701658393
81000000.0,-89.70281635494123
81004882.8125,-89.70641881585138
81009765.625,-89.5640924595443
81014648.4375,-89.57728305799716
81019531.25,-89.63754968378365
81024414.0625,-89.62920453377495
81029296.875,-89.76452917726121
81034179.6875,-89.77173802475318
81039062.5,-89.6437331097182
81043945.3125,-89.63877948157719
81048828.125,-89.71942213678201
81053710.9375,-89.65719145909435
81058593.75,-89.66874143077308
81063476.5625,-89.77935122501623
81068359.375,-89.61028845986806
81073242.1875,-89.6200375182124
81078125.0,-89.69567854197638
81083007.8125,-89.60423507575032
81087890.625,-89.58868844406464
81092773.4375,-89.69309670280191
81097656.25,-89.55748554928803
81102539.0625,-89.72196449588603
81107421.875,-89.75012398215813
81112304.6875,-89.6089483446818
81117187.5,-89.60382602107094
81122070.3125,-89.7399054377467
81126953.125,-89.70606109159147
81131835.9375,-89.77934454429305
81136718.75,-89.69806946871759
81141601.5625,-89.64921137535998
81146484.375,-89.65038134589014
81151367.1875,-89.3905842815852
81156250.0,-89.56801985189804
81161132.8125,-89.54132788740503
81166015.625,-89.63030636189384
81170898.4375,-89.61319048849401
81175781.25,-89.64891239114539
81180664.0625,-89.69130809929749
81185546.875,-89.57625771735064
81190429.6875,-89.5972623496618
81195312.5,-89.59467905702701
81200195.3125,-89.58686459269282
81205078.125,-89.89930915736392
81209960.9375,-89.60083422602901
81214843.75,-89.74821317331794
81219726.5625,-89.60390337783471
81224609.375,-89.6389590301707
81229492.1875,-89.56716524479788
81234375.0,-89.73094041714728
81239257.8125,-89.79234213007376
81244140.625,-89.53069905179115
81249023.4375,-89.67003079043329
81253906.25,-89.64025827470482
81258789.0625,-89.64690443340706
81263671.875,-89.73381230502537
81268554.6875,-89.67690511951187
81273437.5,-89.70469626644717
81278320.3125,-89.70080492740917
81283203.125,-89.69469506486956
81288085.9375,-89.74634158708525
81292968.75,-89.62472457811361
81297851.5625,-89.65496203899778
81302734.375,-89.5968807941884
81307617.1875,-89.67200904223094
81312500.0,-89.78378554381351
81317382.8125,-89.66182181363183
81322265.625,-89.64077728445986
81327148.4375,-89.64194226708739
81332031.25,-89.46324485861294
81336914.0625,-89.59096666196274
81341796.875,-89.6161309207418
81346679.6875,-89.72417947599433
81351562.5,-89.69179736179467
81356445.3125,-89.80176614699567
81361328.125,-89.61143292141031
81366210.9375,-89.72799807801977
81371093.75,-89.55493482617646
81375976.5625,-89.726186787556
81380859.375,-89.62685656167284
81385742.1875,-89.62265879685751
81390625.0,-89.52693320723336
81395507.8125,-89.55350881559792
81400390.625,-89.65932095431037
81405273.4375,-89.51786331940775
81410156.25,-89.52778463267731
81415039.0625,-89.51275885265648
81419921.875,-89.6504865104385
81424804.6875,-89.71413684284403
81429687.5,-89.58193813987435
81434570.3125,-89.55126544699456
81439453.125,-89.63244012527065
81444335.9375,-89.72608015773153
81449218.75,-89.5725355271332
81454101.5625,-89.66401763670007
81458984.375,-89.74103301290188
81463867.1875,-89.7144607052702
81468750.0,-89.68787800827945
81473632.8125,-89.55802117353494
81478515.625,-89.70883489036979
81483398.4375,-89.72142509267036
81488281.25,-89.84687365885503
81493164.0625,-89.69388634014788
81498046.875,-89.56929959706366
81502929.6875,-89.70687569346018
81507812.5,-89.72837896206335
81512695.3125,-89.78829573809477
81517578.125,-89.77104288864896
81522460.9375,-89.77764637654653
81527343.75,-89.71296972056234
81532226.5625,-89.65851340562043
81537109.375,-89.85539368886205
81541992.1875,-89.5624271405841
81546875.0,-89.79969789443498
81551757.8125,-89.67818572557005
81556640.625,-89.73626116393262
81561523.4375,-89.71518782186374
81566406.25,-89.76035349266309
81571289.0625,-89.77756043510874
81576171.875,-89.779976753406
81581054.6875,-89.66544572415313
81585937.5,-89.73271183734917
81590820.3125,-89.76364124952136
81595703.125,-89.77870489105212
81600585.9375,-89.82502253580495
81605468.75,-89.67098409383848
81610351.5625,-89.80188640281298
81615234.375,-89.81497425170869
81620117.1875,-89.73845681354811
81625000.0,-89.69369236759124
81629882.8125,-89.71572958532849
81634765.625,-89.9203742600312
81639648.4375,-89.6581782239378
81644531.25,-89.81638970329766
81649414.0625,-89.79745540724625
81654296.875,-89.67407589029838
81659179.6875,-89.56380529692152
81664062.5,-89.68296866151954
81668945.3125,-89.54940428480566
81673828.125,-89.67549735510408
81678710.9375,-89.6913182382905
81683593.75,-89.57373042774404
81688476.5625,-89.52079019724061
81693359.375,-89.46670622763352
81698242.1875,-89.36304549244556
81703125.0,-89.483757941074
81708007.8125,-89.39587517955977
81712890.625,-89.47748306390434
81717773.4375,-89.42345954031873
81722656.25,-89.57449161525088
81727539.0625,-89.69476402760085
81732421.875,-89.67020443506382
81737304.6875,-89.56907405658689
81742187.5,-89.60400707122886
81747070.3125,-89.72035676755215
81751953.125,-89.67917252565951
81756835.9375,-89.76110183085322
81761718.75,-89.69478232449933
81766601.5625,-89.6297503702288
81771484.375,-89.6225953691837
81776367.1875,-89.64205535940982
81781250.0,-89.89387963428834
81786132.8125,-89.68807461371881
81791015.625,-89.84378769577114
81795898.4375,-89.76110309461731
81800781.25,-89.69750777335014
81805664.0625,-89.85081795046622
81810546.875,-89.86835975220094
81815429.6875,-89.76162589840544
81820312.5,-89.74304720660706
81825195.3125,-89.67629199251468
81830078.125,-89.78814314831257
81834960.9375,-89.78121899959422
81839843.75,-89.6979650361732
81844726.5625,-89.68283522208816
81849609.375,-89.73451169166788
81854492.1875,-89.69744860533393
81859375.0,-89.87197359794891
81864257.8125,-89.76281662900067
81869140.625,-89.72462608503977
81874023.4375,-89.74063154973265
81878906.25,-89.63305358791905
81883789.0625,-89.68427243200497
81888671.875,-89.7275562437602
81893554.6875,-89.74758778944187
81898437.5,-89.7633958416055
81903320.3125,-89.63051303632602
81908203.125,-89.61323336312341
81913085.9375,-89.6282382645091
81917968.75,-89.57308028716847
81922851.5625,-89.66254015780018
81927734.375,-89.66532387350571
81932617.1875,-89.60477596123255
81937500.0,-89.52261735575382
81942382.8125,-89.62633736739826
81947265.625,-89.6664926290822
81952148.4375,-89.68406730701201
81957031.25,-89.62938328743502
81961914.0625,-89.6177383893841
81966796.875,-89.54409349898523
81971679.6875,-89.63908555469351
81976562.5,-89.59906328837599
81981445.3125,-89.58570149221546
81986328.125,-89.56687182241583
81991210.9375,-89.61814636432172
81996093.75,-89.60181648456233
82000976.5625,-89.32758021310781
82005859.375,-89.66494481845817
82010742.1875,-89.5999445306359
82015625.0,-89.65318652800602
82020507.8125,-89.5452677328577
82025390.625,-89.58026348082885
82030273.4375,-89.61537696368097
82035156.25,-89.6825318957084
82040039.0625,-89.61266445190543
82044921.875,-89.76636972226527
82049804.6875,-89.55004536778242
82054687.5,-89.55680041638746
82059570.3125,-89.67961121218823
82064453.125,-89.61582365377438
82069335.9375,-89.64614187760196
82074218.75,-89.86858949009209
82079101.5625,-89.71070584531998
82083984.375,-89.69977835835425
82088867.1875,-89.60593106381074
82093750.0,-89.71251435423628
82098632.8125,-89.85702280017077
82103515.625,-89.77664828966749
82108398.4375,-89.81078534573695
82113281.25,-89.70628376732705
82118164.0625,-89.76544833103415
82123046.875,-89.68045965411471
82127929.6875,-89.68929188631986
82132812.5,-89.70531650047042
82137695.3125,-89.69243280483124
82142578.125,-89.6629065428045
82147460.9375,-89.72851884417463
82152343.75,-89.79948619481928
82157226.5625,-89.74316271038788
82162109.375,-89.7635828476673
82166992.1875,-89.69830620270858
82171875.0,-89.63900061455652
82176757.8125,-89.6806266805882
82181640.625,-89.81229028693889
82186523.4375,-89.71937597230544
82191406.25,-89.81918076714337
82196289.0625,-89.7556601311158
82201171.875,-89.75889671322716
82206054.6875,-89.66683172749623
82210937.5,-89.79806702561237
82215820.3125,-89.59861176731624
82220703.125,-89.69895491934517
82225585.9375,-89.76463262349097
82230468.75,-89.65415692010976
82235351.5625,-89.62562179412353
82240234.375,-89.7045903931961
82245117.1875,-89.59459791295427
82250000.0,-89.66347109679643
82254882.8125,-89.58514826679189
82259765.625,-89.68755290518766
82264648.4375,-89.65943962941913
82269531.25,-89.55131913497237
82274414.0625,-89.38814345463496
82279296.875,-89.37858519484254
82284179.6875,-89.44990706366616
82289062.5,-89.3877827215237
82293945.3125,-89.304721759801
82298828.125,-89.34187518102465
82303710.9375,-89.41201617949199
82308593.75,-89.48339743492107
82313476.5625,-89.53404907575862
82318359.375,-89.52232595486117
82323242.1875,-89.41332449138093
82328125.0,-89.45662538909176
82333007.8125,-89.57462997873594
82337890.625,-89.55308552194597
82342773.4375,-89.64390310346377
82347656.25,-89.68058548931117
82352539.0625,-89.75425674647494
82357421.875,-89.66531427849387
82362304.6875,-89.71508398504776
82367187.5,-89.67273785708355
82372070.3125,-89.62499546325134
82376953.125,-89.75882082129633
82381835.9375,-89.77342079549948
82386718.75,-89.76110251319153
82391601.5625,-89.73566158186009
82396484.375,-89.70583164954917
82401367.1875,-89.71918311687992
82406250.0,-89.72388051693005
82411132.8125,-89.80138555545904
82416015.625,-89.68638348606396
82420898.4375,-89.68531545826423
82425781.25,-89.68602585325792
82430664.0625,-89.69109357601485
82435546.875,-89.63207942199276
82440429.6875,-89.68313150600605
82445312.5,-89.79200273296095
82450195.3125,-89.69475872122459
82455078.125,-89.71202339442823
82459960.9375,-89.68974039197187
82464843.75,-89.64888987628942
82469726.5625,-89.72904427985381
82474609.375,-89.82041740604012
82479492.1875,-89.6792732337413
82484375.0,-89.68954144966625
82489257.8125,-89.68554331210987
82494140.625,-89.70817103409519
82499023.4375,-89.76591665526644
82503906.25,-89.66752811839171
82508789.0625,-89.63678593051597
82513671.875,-89.66770539015377
82518554.6875,-89.6713968960033
82523437.5,-89.63536452500713
82528320.3125,-89.64929271510732
82533203.125,-89.65841176982727
82538085.9375,-89.71026503522907
82542968.75,-89.59326693518315
82547851.5625,-89.62109376302465
82552734.375,-89.72582597283207
82557617.1875,-89.62019500229769
82562500.0,-89.7435878880292
82567382.8125,-89.63017702380523
82572265.625,-89.77676746484804
82577148.4375,-89.63495879193323
82582031.25,-89.6921720841114
82586914.0625,-89.55568798228694
82591796.875,-89.67062164990543
82596679.6875,-89.71499978024673
82601562.5,-89.66083338239295
82606445.3125,-89.7260306662057
82611328.125,-89.64437270113967
82616210.9375,-89.63144078817803
82621093.75,-89.66597251862953
82625976.5625,-89.66905391574221
82630859.375,-89.70208633244593
82635742.1875,-89.63407774771935
82640625.0,-89.7003554081852
82645507.8125,-89.75412433230608
82650390.625,-89.71191869963602
82655273.4375,-89.65798556816873
82660156.25,-89.81154545624878
82665039.0625,-89.80125732139047
82669921.875,-89.63957152841635
82674804.6875,-89.64310993330818
82679687.5,-89.6666553665568
82684570.3125,-89.60665746326441
82689453.125,-89.673670148338
82694335.9375,-89.78045073223473
82699218.75,-89.55674220695164
82704101.5625,-89.58335843288737
82708984.375,-89.65031619615158
82713867.1875,-89.66200060913175
82718750.0,-89.72052606830567
82723632.8125,-89.68865034474368
82728515.625,-89.58490855063042
82733398.4375,-89.62529556971836
82738281.25,-89.71670406561151
82743164.0625,-89.63682010014651
82748046.875,-89.68065018242382
82752929.6875,-89.69999889686122
82757812.5,-89.62114739211745
82762695.3125,-89.66233730809194
82767578.125,-89.76411677462573
82772460.9375,-89.7301403440699
82777343.75,-89.66874810941579
82782226.5625,-89.65940209809949
82787109.375,-89.61719555378326
82791992.1875,-89.73889920741684
82796875.0,-89.67234408226543
82801757.8125,-89.72750051488376
82806640.625,-89.64244475300629
82811523.4375,-89.65319837770221
82816406.25,-89.71030601969272
82821289.0625,-89.66980997427845
82826171.875,-89.61223186886278
82831054.6875,-89.46230851277659
82835937.5,-89.55767187533908
82840820.3125,-89.67587794700376
82845703.125,-89.62282213380496
82850585.9375,-89.68600310276261
82855468.75,-89.75147910696825
82860351.5625,-89.75930704423553
82865234.375,-89.68168419535866
82870117.1875,-89.66922600918184
82875000.0,-89.68978789378403
82879882.8125,-89.56275496233931
82884765.625,-89.6771459106655
82889648.4375,-89.55727309674779
82894531.25,-89.78115697759475
82899414.0625,-89.71831059614888
82904296.875,-89.58634843699136
82909179.6875,-89.64709712697893
82914062.5,-89.5917669156317
82918945.3125,-89.74486131607392
82923828.125,-89.61031058307444
82928710.9375,-89.63413471872337
82933593.75,-89.59175552550988
82938476.5625,-89.6490090784977
82943359.375,-89.63824097355055
82948242.1875,-89.70696374869084
82953125.0,-89.63852843701179
82958007.8125,-89.65281319185101
82962890.625,-89.78845403402244
82967773.4375,-89.85145634347802
82972656.25,-89.61622805008432
82977539.0625,-89.7638357975126
82982421.875,-89.726510777752
82987304.6875,-89.66006150188807
82992187.5,-89.61586600632506
82997070.3125,-89.57444892437752
83001953.125,-88.878512061149
83006835.9375,-89.69909076295107
83011718.75,-89.61855243567487
83016601.5625,-89.66882403158232
83021484.375,-89.59923285379861
83026367.1875,-89.64485479576547
83031250.0,-89.66174222408725
83036132.8125,-89.64320458217105
83041015.625,-89.67525329015155
83045898.4375,-89.65138239194704
83050781.25,-89.61324121820047
83055664.0625,-89.71550658624511
83060546.875,-89.6820232373347
83065429.6875,-89.57873173547847
83070312.5,-89.5991040875742
83075195.3125,-89.58155166706757
83080078.125,-89.66664003251606
83084960.9375,-89.78715649638875
83089843.75,-89.619905513926
83094726.5625,-89.64359090108366
83099609.375,-89.59240598408434
83104492.1875,-89.62872656992153
83109375.0,-89.6054413400876
83114257.8125,-89.69025955350185
83119140.625,-89.64184922212911
83124023.4375,-89.6595954394964
83128906.25,-89.73437084282162
83133789.0625,-89.58227395369897
83138671.875,-89.56057817942227
83143554.6875,-89.55862719594452
83148437.5,-89.56777328288598
83153320.3125,-89.64559641366571
83158203.125,-89.82700043256048
83163085.9375,-89.66903858609439
83167968.75,-89.77126418809456
83172851.5625,-89.74233812225836
83177734.375,-89.63952459408011
83182617.1875,-89.63485929977881
83187500.0,-89.51962209372658
83192382.8125,-89.7414950886625
83197265.625,-89.61581112535029
83202148.4375,-89.65223413840232
83207031.25,-89.57409312522151
83211914.0625,-89.74901663199901
83216796.875,-89.5577707968256
83221679.6875,-89.54352325318138
83226562.5,-89.60159003482073
83231445.3125,-89.73424710263825
83236328.125,-89.76625458578394
83241210.9375,-89.70491085809545
83246093.75,-89.53176549365597
83250976.5625,-89.5957900222987
83255859.375,-89.71467666481993
83260742.1875,-89.68807218453776
83265625.0,-89.66359011566854
83270507.8125,-89.62891436557229
83275390.625,-89.60708161756261
83280273.4375,-89.61625965443903
83285156.25,-89.636089922559
83290039.0625,-89.75803776534127
83294921.875,-89.64583189045706
83299804.6875,-89.70367835646405
83304687.5,-89.6458626899065
83309570.3125,-89.61973232848999
83314453.125,-89.66966319572413
83319335.9375,-89.70324906430403
83324218.75,-89.61617908052392
83329101.5625,-89.57574359577984
83333984.375,-89.70103371930153
83338867.1875,-89.6201443646313
83343750.0,-89.6528794985276
83348632.8125,-89.56516312670854
83353515.625,-89.64678279298883
83358398.4375,-89.70005717374434
83363281.25,-89.76049045495017
83368164.0625,-89.47308850950475
83373046.875,-89.71520905920286
83377929.6875,-89.60099758734358
83382812.5,-89.55972700577104
83387695.3125,-89.55221890326837
83392578.125,-89.6278077226861
83397460.9375,-89.68369809313066
83402343.75,-89.73508080201813
83407226.5625,-89.57823629863375
83412109.375,-89.69663071313073
83416992.1875,-89.6228288565211
83421875.0,-89.63740478511363
83426757.8125,-89.61768575967594
83431640.625,-89.57763934939553
83436523.4375,-89.4742377061082
83441406.25,-89.67452098219209
83446289.0625,-89.54141262183228
83451171.875,-89.62015234608162
83456054.6875,-89.66102755568423
83460937.5,-89.73823662437306
83465820.3125,-89.66406281318007
83470703.125,-89.65212147583787
83475585.9375,-89.63201927207675
83480468.75,-89.65791781820667
83485351.5625,-89.60629941852042
83490234.375,-89.6465776943626
83495117.1875,-89.60704419237521
83500000.0,-89.80771390954038
83504882.8125,-89.72007475136868
83509765.625,-89.66544570195904
83514648.4375,-89.70774999601164
83519531.25,-89.72691882335457
83524414.0625,-89.65971992187949
83529296.875,-89.58895685648594
83534179.6875,-89.79094438750818
83539062.5,-89.70683365811041
83543945.3125,-89.62770682328596
83548828.125,-89.5836647126786
83553710.9375,-89.68905014296166
83558593.75,-89.55536668370806
83563476.5625,-89.64447904745037
83568359.375,-89.51750606348645
83573242.1875,-89.63837842073465
83578125.0,-89.70858493543426
83583007.8125,-89.6403143823631
83587890.625,-89.71360712633583
83592773.4375,-89.70169374212685
83597656.25,-89.76938894050252
83602539.0625,-89.60327185162694
83607421.875,-89.68034568087592
83612304.6875,-89.56316775740339
83617187.5,-89.6727160842998
83622070.3125,-89.61446545905528
83626953.125,-89.60951359048875
83631835.9375,-89.57574556624746
83636718.75,-89.61765728384799
83641601.5625,-89.59934407764047
83646484.375,-89.60193431595602
83651367.1875,-89.47629159653167
83656250.0,-89.60652644174948
83661132.8125,-89.6710835057504
83666015.625,-89.63558583758515
83670898.4375,-89.51707651703958
83675781.25,-89.60228858478723
83680664.0625,-89.57469376192219
83685546.875,-89.56040650870455
83690429.6875,-89.7146462337798
83695312.5,-89.58866523880187
83700195.3125,-89.6284262584023
83705078.125,-89.57990723764601
83709960.9375,-89.55776938094226
83714843.75,-89.517022867652
83719726.5625,-89.4824514813431
83724609.375,-89.62930882895705
83729492.1875,-89.55621541175506
83734375.0,-89.59332530172895
83739257.8125,-89.58367206606223
83744140.625,-89.59611242546845
83749023.4375,-89.6983800553154
83753906.25,-89.60478861236743
83758789.0625,-89.6226356397099
83763671.875,-89.69691505458417
83768554.6875,-89.66415929595402
83773437.5,-89.6509773886734
83778320.3125,-89.64003068969788
83783203.125,-89.685054624444
83788085.9375,-89.59215895839571
83792968.75,-89.67387673359906
83797851.5625,-89.69825625288235
83802734.375,-89.68898417086427
83807617.1875,-89.78085699229376
83812500.0,-89.72165202315739
83817382.8125,-89.72025590169477
83822265.625,-89.67971686690171
83827148.4375,-89.65660630679724
83832031.25,-89.78184741125301
83836914.0625,-89.63119255154129
83841796.875,-89.83437835281757
83846679.6875,-89.61902066405935
83851562.5,-89.81258736871129
83856445.3125,-89.59012626689267
83861328.125,-89.69755158219502
83866210.9375,-89.67031366667968
83871093.75,-89.57248232127449
83875976.5625,-89.76156606849321
83880859.375,-89.59897123844758
83885742.1875,-89.70636317398987
83890625.0,-89.73156193420866
83895507.8125,-89.74826533560594
83900390.625,-89.8459681495167
83905273.4375,-89.74722980483813
83910156.25,-89.65224835735256
83915039.0625,-89.77165280187577
83919921.875,-89.72120711171428
83924804.6875,-89.73294223954244
83929687.5,-89.79629485053721
83934570.3125,-89.7091890863588
83939453.125,-89.6113151799575
83944335.9375,-89.63037648571435
83949218.75,-89.77157120141476
83954101.5625,-89.64246839755293
83958984.375,-89.67757524418889
83963867.1875,-89.74001214089691
83968750.0,-89.6865431356702
83973632.8125,-89.76514742940753
83978515.625,-89.69058552273196
83983398.4375,-89.74127945929578
83988281.25,-89.81612776237594
83993164.0625,-89.60251305783652
83998046.875,-89.76348354495752
84002929.6875,-89.68649135291113
84007812.5,-89.72132664214917
84012695.3125,-89.71093181104862
84017578.125,-89.67671856465245
84022460.9375,-89.81591602294557
84027343.75,-89.76474981610158
84032226.5625,-89.73288632661931
84037109.375,-89.70703234132256
84041992.1875,-89.69250236955878
84046875.0,-89.60359403089495
84051757.8125,-89.75994649960273
84056640.625,-89.80015973742567
84061523.4375,-89.69562976617092
84066406.25,-89.75339700422612
84071289.0625,-89.71041346950807
84076171.875,-89.69779751932117
84081054.6875,-89.6852528361647
84085937.5,-89.7125949496847
84090820.3125,-89.62603413453246
84095703.125,-89.74896626635831
84100585.9375,-89.81650403751229
84105468.75,-89.80914937599675
84110351.5625,-89.91514659038324
84115234.375,-89.71519448871459
84120117.1875,-89.80994758005693
84125000.0,-89.6719775035696
84129882.8125,-89.68724085572799
84134765.625,-89.81098312067144
84139648.4375,-89.78985219832143
84144531.25,-89.72368096462657
84149414.0625,-89.80635656273282
84154296.875,-89.67496036296006
84159179.6875,-89.69883759236157
84164062.5,-89.73118719547233
84168945.3125,-89.82768274959372
84173828.125,-89.78672627651173
84178710.9375,-89.77667457429084
84183593.75,-89.74767944468431
84188476.5625,-89.8077085272869
84193359.375,-89.6674567157728
84198242.1875,-89.69111243349391
84203125.0,-89.67276278699137
84208007.8125,-89.76278709198192
84212890.625,-89.80422869381204
84217773.4375,-89.68919546916248
84222656.25,-89.69990112977399
84227539.0625,-89.81052769237041
84232421.875,-89.7226038141255
84237304.6875,-89.74205781180137
84242187.5,-89.73170590319575
84247070.3125,-89.72603190887344
84251953.125,-89.73562891888335
84256835.9375,-89.74410665170728
84261718.75,-89.7346983331746
84266601.5625,-89.72985220944844
84271484.375,-89.77293821221338
84276367.1875,-89.72455143818075
84281250.0,-89.8020752056932
84286132.8125,-89.79741517436429
84291015.625,-89.83736528809078
84295898.4375,-89.74835861855988
84300781.25,-89.759312598262
84305664.0625,-89.74515534269813
84310546.875,-89.7463464208673
84315429.6875,-89.7956332836527
84320312.5,-89.75705421918556
84325195.3125,-89.75500394153659
84330078.125,-89.75586036483361
84334960.9375,-89.79755764065115
84339843.75,-89.83438488186752
84344726.5625,-89.66163984475355
84349609.375,-89.83230177847699
84354492.1875,-89.73625125097294
84359375.0,-89.73617980445704
84364257.8125,-89.69176586875892
84369140.625,-89.7447414422592
84374023.4375,-89.83650849395926
84378906.25,-89.80640751322099
84383789.0625,-89.76925396988207
84388671.875,-89.7469739971902
84393554.6875,-89.82489479763896
84398437.5,-89.66902846806082
84403320.3125,-89.6922088871635
84408203.125,-89.79663926392269
84413085.9375,-89.80059021683255
84417968.75,-89.70432517149365
84422851.5625,-89.73987805178785
84427734.375,-89.81984979079837
84432617.1875,-89.72807987225099
84437500.0,-89.78553057663254
84442382.8125,-89.76835203179513
84447265.625,-89.81695698305319
84452148.4375,-89.76490536807535
84457031.25,-89.73025055577529
84461914.0625,-89.74849221969347
84466796.875,-89.78806997221233
84471679.6875,-89.7512904636117
84476562.5,-89.84906284852701
84481445.3125,-89.83623194642664
84486328.125,-89.7359350020493
84491210.9375,-89.8012909058676
84496093.75,-89.72199550367395
84500976.5625,-89.80711788081675
84505859.375,-89.7133756206049
84510742.1875,-89.69252903245257
84515625.0,-89.85431381552203
84520507.8125,-89.68885715907868
84525390.625,-89.76576170262811
84530273.4375,-89.75471216554712
84535156.25,-89.82772094742123
84540039.0625,-89.81977570127941
84544921.875,-89.6975698947345
84549804.6875,-89.72343859997568
84554687.5,-89.85581080205827
84559570.3125,-89.79639159508912
84564453.125,-89.8042735079986
84569335.9375,-89.7331738271713
84574218.75,-89.80329081108002
84579101.5625,-89.69449408780721
84583984.375,-89.72379539634102
84588867.1875,-89.80757608015259
84593750.0,-89.67464209520787
84598632.8125,-89.90716923804194
84603515.625,-89.84508512204772
84608398.4375,-89.73229620236776
84613281.25,-89.84205484710773
84618164.0625,-89.76023466565815
84623046.875,-89.7171891827494
84627929.6875,-89.83403557538733
84632812.5,-89.7812711911711
84637695.3125,-89.80165087355743
84642578.125,-89.84640065308946
84647460.9375,-89.85618654806086
84652343.75,-89.72493977719029
84657226.5625,-89.79176264714664
84662109.375,-89.70133434583258
84666992.1875,-89.78078891627388
84671875.0,-89.85413975112212
84676757.8125,-89.88085828229225
84681640.625,-89.83235809501929
84686523.4375,-89.84427752634386
84691406.25,-89.85981345029239
84696289.0625,-89.75332150842323
84701171.875,-89.81839053483435
84706054.6875,-89.83314027383793
84710937.5,-89.80153490940876
84715820.3125,-89.7905506783174
84720703.125,-89.85300641671591
84725585.9375,-89.8247609524515
84730468.75,-89.78946542619823
84735351.5625,-89.80065918556346
84740234.375,-89.8921912980968
84745117.1875,-89.7138466510211
84750000.0,-89.88174785092548
84754882.8125,-89.73784859515644
84759765.625,-89.79008881886227
84764648.4375,-89.74699077610967
84769531.25,-89.77354140874712
84774414.0625,-89.68938970862777
84779296.875,-89.78600900361593
84784179.6875,-89.68507915521309
84789062.5,-89.72878555987376
84793945.3125,-89.69009188953243
84798828.125,-89.71882688272248
84803710.9375,-89.76203805734403
84808593.75,-89.66684696738446
84813476.5625,-89.67000369235043
84818359.375,-89.95389130366485
84823242.1875,-89.73081580671038
84828125.0,-89.74744175180126
84833007.8125,-89.72206078221771
84837890.625,-89.76986542376022
84842773.4375,-89.68339748719768
84847656.25,-89.80998835030516
84852539.0625,-89.82924890554523
84857421.875,-89.85194386907207
84862304.6875,-89.80910070380443
84867187.5,-89.70715955878009
84872070.3125,-89.8002637156726
84876953.125,-89.72082687095411
84881835.9375,-89.72967460418349
84886718.75,-89.78969634911192
84891601.5625,-89.70109353029878
84896484.375,-89.62040730649517
84901367.1875,-89.74919309220977
84906250.0,-89.82042075556984
84911132.8125,-89.78834340757606
84916015.625,-89.78898421435309
84920898.4375,-89.83800599005127
84925781.25,-89.81159467246161
84930664.0625,-89.86829694029132
84935546.875,-89.7375428544131
84940429.6875,-89.78318443730319
84945312.5,-89.8618976301648
84950195.3125,-89.8451109997215
84955078.125,-89.85234332959521
84959960.9375,-89.82374074346214
84964843.75,-89.77750344065566
84969726.5625,-89.98242832931356
84974609.375,-89.71319345754824
84979492.1875,-89.79097893375899
84984375.0,-89.78036086718183
84989257.8125,-89.74881161946524
84994140.625,-89.81715580063596
84999023.4375,-89.76380355381087
85003906.25,-89.80799178506393
85008789.0625,-89.78535557837537
85013671.875,-89.85129086010593
85018554.6875,-89.72892957536064
85023437.5,-89.80457053271891
85028320.3125,-89.86739531069321
85033203.125,-89.84537010026412
85038085.9375,-89.82745166635016
85042968.75,-89.74254049488107
85047851.5625,-89.75707221821824
85052734.375,-89.79678956713988
85057617.1875,-89.68095828803774
85062500.0,-89.81337049307652
85067382.8125,-89.76523232942537
85072265.625,-89.92339153680047
85077148.4375,-89.93197011282857
85082031.25,-89.77446589724724
85086914.0625,-89.78230128851652
85091796.875,-89.7821810353515
85096679.6875,-89.77827763137984
85101562.5,-89.81417003936451
85106445.3125,-89.8396415141128
85111328.125,-89.72049912451953
85116210.9375,-89.87457104040146
85121093.75,-89.78933159924497
85125976.5625,-89.80637712014934
85130859.375,-89.81516670628281
85135742.1875,-89.71108094524925
85140625.0,-89.80323329986834
85145507.8125,-89.82875949562589
85150390.625,-89.72860806905629
85155273.4375,-89.73645080751345
85160156.25,-89.83294661766823
85165039.0625,-89.81675006772286
85169921.875,-89.8599515946471
85174804.6875,-89.79985923599222
85179687.5,-89.71913866367794
85184570.3125,-89.75828505497421
85189453.125,-89.72202310731245
85194335.9375,-89.74794146702163
85199218.75,-89.7874943423223
85204101.5625,-89.78175711815001
85208984.375,-89.76107361467706
85213867.1875,-89.86928569349936
85218750.0,-89.91257038440617
85223632.8125,-89.84239529499197
85228515.625,-89.73053422817173
85233398.4375,-89.7545449608005
85238281.25,-89.81111723291207
85243164.0625,-89.79706889776767
85248046.875,-89.8082200342549
85252929.6875,-89.78644831804888
85257812.5,-89.84353098521541
85262695.3125,-89.71135332965505
85267578.125,-89.85068660333869
85272460.9375,-89.85676647693
85277343.75,-89.81738708699581
85282226.5625,-89.78024154280808
85287109.375,-89.77276962928232
85291992.1875,-89.70986376681515
85296875.0,-89.80526151893179
85301757.8125,-89.68106607421001
85306640.625,-89.58469850019543
85311523.4375,-89.73246454421206
85316406.25,-89.7404083920666
85321289.0625,-89.69046250911339
85326171.875,-89.66709264938874
85331054.6875,-89.745510085755
85335937.5,-89.59888695157261
85340820.3125,-89.5945616465894
85345703.125,-89.58543407153618
85350585.9375,-89.50677986055732
85355468.75,-89.56792171783914
85360351.5625,-89.72326039055855
85365234.375,-89.59608563312986
85370117.1875,-89.61142844576563
85375000.0,-89.6715913574649
85379882.8125,-89.49250893578346
85384765.625,-89.63781410207272
85389648.4375,-89.50156962689556
85394531.25,-89.58820078583832
85399414.0625,-89.511809483738
85404296.875,-89.4641051687789
85409179.6875,-89.41966543441731
85414062.5,-89.41077523956889
85418945.3125,-89.49861232401992
85423828.125,-89.50627598027734
85428710.9375,-89.5139685438723
85433593.75,-89.42953580535868
85438476.5625,-89.4201182266963
85443359.375,-89.60983373838835
85448242.1875,-89.66894717450057
85453125.0,-89.54458772279938
85458007.8125,-89.62618740675032
85462890.625,-89.55247517049321
85467773.4375,-89.55873692453491
85472656.25,-89.61201716468321
85477539.0625,-89.63813173965957
85482421.875,-89.6060999784367
85487304.6875,-89.65611931143263
85492187.5,-89.62593902386928
85497070.3125,-89.62148173456939
85501953.125,-89.74436126771656
85506835.9375,-89.70686537717248
85511718.75,-89.57853846624732
85516601.5625,-89.84332119631566
85521484.375,-89.80424642012926
85526367.1875,-89.65167994829315
85531250.0,-89.66833466134437
85536132.8125,-89.60471960755311
85541015.625,-89.64697906728699
85545898.4375,-89.66719254792943
85550781.25,-89.81422331005581
85555664.0625,-89.65984371604588
85560546.875,-89.69012854244028
85565429.6875,-89.70306268347099
85570312.5,-89.61868177290663
85575195.3125,-89.74821945372491
85580078.125,-89.65406147853568
85584960.9375,-89.76605266714677
85589843.75,-89.62823202051717
85594726.5625,-89.70616551978117
85599609.375,-89.70458877478387
85604492.1875,-89.74809171116834
85609375.0,-89.76631120206761
85614257.8125,-89.71279965374933
85619140.625,-89.63536522234168
85624023.4375,-89.58423974423042
85628906.25,-89.70676283658716
85633789.0625,-89.66345584832425
85638671.875,-89.63949908323212
85643554.6875,-89.77368352826224
85648437.5,-89.52508636898631
85653320.3125,-89.61983285027961
85658203.125,-89.62017238933672
85663085.9375,-89.69074869120445
85667968.75,-89.48659025590854
85672851.5625,-89.65399501926171
85677734.375,-89.58475823116561
85682617.1875,-89.65433190113168
85687500.0,-89.61386671838045
85692382.8125,-89.63792675098028
85697265.625,-89.60361365269162
85702148.4375,-89.5583305485566
85707031.25,-89.67213942283263
85711914.0625,-89.65207201575731
85716796.875,-89.60335718647809
85721679.6875,-89.6239960990832
85726562.5,-89.65383829989568
85731445.3125,-89.58524455919897
85736328.125,-89.51177410612007
85741210.9375,-89.52394683577077
85746093.75,-89.67986238556699
85750976.5625,-89.71754726412772
85755859.375,-89.62370329094324
85760742.1875,-89.66258779541516
85765625.0,-89.59498928861973
85770507.8125,-89.64802172604965
85775390.625,-89.5577510179551
85780273.4375,-89.5652081118318
85785156.25,-89.5702361098929
85790039.0625,-89.71225327860941
85794921.875,-89.57469174478828
85799804.6875,-89.61372818404044
85804687.5,-89.49995982446964
85809570.3125,-89.54038606361101
85814453.125,-89.57612862892907
85819335.9375,-89.62971907806335
85824218.75,-89.58389553858774
85829101.5625,-89.57835383408161
85833984.375,-89.56142561451037
85838867.1875,-89.55362880923175
85843750.0,-89.52790971704826
85848632.8125,-89.57232604976284
85853515.625,-89.43641363962394
85858398.4375,-89.52150066154454
85863281.25,-89.53924536640284
85868164.0625,-89.5045762802597
85873046.875,-89.474201883754
85877929.6875,-89.47253616725936
85882812.5,-89.61593504965546
85887695.3125,-89.5172194861027
85892578.125,-89.45004030603218
85897460.9375,-89.50995230505305
85902343.75,-89.4399000157338
85907226.5625,-89.46043643873966
85912109.375,-89.27234401420549
85916992.1875,-89.37769246449659
85921875.0,-89.25696351413413
85926757.8125,-89.39609227813241
85931640.625,-89.44221135509315
85936523.4375,-89.27765802839053
85941406.25,-89.32873017330868
85946289.0625,-89.19763700253145
85951171.875,-89.1351570343576
85956054.6875,-89.07240026783009
85960937.5,-89.0106033241535
85965820.3125,-88.97863362400568
85970703.125,-88.83266253232443
85975585.9375,-88.87763235347322
85980468.75,-88.52387469886611
85985351.5625,-88.31240151999648
85990234.375,-87.60732637182085
85995117.1875,-86.30021046825493
86000000.0,-35.86438674620067
86004882.8125,-86.30352899135482
86009765.625,-87.65588323286357
86014648.4375,-88.19899780458488
86019531.25,-88.43564982990111
86024414.0625,-88.68660607655872
86029296.875,-88.7336323288323
86034179.6875,-88.9779915459298
86039062.5,-89.07422639146037
86043945.3125,-88.99905076213946
86048828.125,-89.16342400091278
86053710.9375,-89.23423282343686
86058593.75,-89.32811355851447
86063476.5625,-89.34773450200117
86068359.375,-89.2695922550989
86073242.1875,-89.26002332383538
86078125.0,-89.45336171053847
86083007.8125,-89.39339369309397
86087890.625,-89.38419303522647
86092773.4375,-89.43899202535101
86097656.25,-89.50337279216939
86102539.0625,-89.41777899315329
86107421.875,-89.44441579314281
86112304.6875,-89.39865634992978
86117187.5,-89.44211274394729
86122070.3125,-89.57588572329507
86126953.125,-89.57087792497524
86131835.9375,-89.44219559667187
86136718.75,-89.46269737230293
86141601.5625,-89.54629661377783
86146484.375,-89.43585969537358
86151367.1875,-89.52706059425421
86156250.0,-89.53166467541061
86161132.8125,-89.53613232091175
86166015.625,-89.59070095210674
86170898.4375,-89.50165809064379
86175781.25,-89.5363424533108
86180664.0625,-89.48221447350329
86185546.875,-89.50409746964857
86190429.6875,-89.59756718934298
86195312.5,-89.47521512306477
86200195.3125,-89.55646446084143
86205078.125,-89.60473455920072
86209960.9375,-89.54670728058395
86214843.75,-89.5822529508427
86219726.5625,-89.53296687911171
86224609.375,-89.50139411754793
86229492.1875,-89.59524387249789
86234375.0,-89.70664656008054
86239257.8125,-89.56368421511064
86244140.625,-89.49916308234694
86249023.4375,-89.58425793657037
86253906.25,-89.63370192818951
86258789.0625,-89.55696340318408
86263671.875,-89.49084375942184
86268554.6875,-89.50700188233245
86273437.5,-89.39039317792597
86278320.3125,-89.62124081202379
86283203.125,-89.51249406623623
86288085.9375,-89.48043835103272
86292968.75,-89.50452167825023
86297851.5625,-89.579683403941
86302734.375,-89.54258780030355
86307617.1875,-89.50041216932706
86312500.0,-89.63455009795945
86317382.8125,-89.5365879798999
86322265.625,-89.61118205457967
86327148.4375,-89.62165977312341
86332031.25,-89.43658392917467
86336914.0625,-89.48581059819693
86341796.875,-89.55637359400737
86346679.6875,-89.54369237153395
86351562.5,-89.63248624390712
86356445.3125,-89.63953965626041
86361328.125,-89.53399379122882
86366210.9375,-89.58763894216065
86371093.75,-89.5414249438929
86375976.5625,-89.62005286725031
86380859.375,-89.57524956325844
86385742.1875,-89.6004371347592
86390625.0,-89.52342401459777
86395507.8125,-89.71459969795231
86400390.625,-89.61743278859348
86405273.4375,-89.62020880552163
86410156.25,-89.50888564955298
86415039.0625,-89.6063010782679
86419921.875,-89.58012597934726
86424804.6875,-89.58595117897966
86429687.5,-89.75294267698433
86434570.3125,-89.56957501594769
86439453.125,-89.5232141775584
86444335.9375,-89.69348939492039
86449218.75,-89.62583156839821
86454101.5625,-89.4521049934643
86458984.375,-89.52947621056552
86463867.1875,-89.6915313843785
86468750.0,-89.61286927909961
86473632.8125,-89.58764200140513
86478515.625,-89.67932137491334
86483398.4375,-89.5606517430653
86488281.25,-89.6604660770671
86493164.0625,-89.66434750050783
86498046.875,-89.61013703783863
86502929.6875,-89.54358943773383
86507812.5,-89.62122622184904
86512695.3125,-89.65641302229494
86517578.125,-89.61481213660076
86522460.9375,-89.58656507007811
86527343.75,-89.60981712501541
86532226.5625,-89.50917813958674
86537109.375,-89.43344613441877
86541992.1875,-89.40347896456953
86546875.0,-89.55834279379783
86551757.8125,-89.47371064797653
86556640.625,-89.51027538626082
86561523.4375,-89.46568309272027
86566406.25,-89.37941461600411
86571289.0625,-89.32733244667253
86576171.875,-89.28650073407962
86581054.6875,-89.36595495108901
86585937.5,-89.36359316939826
86590820.3125,-89.3850624160896
86595703.125,-89.28300884804213
86600585.9375,-89.35341619245779
86605468.75,-89.34921863982473
86610351.5625,-89.40414094942645
86615234.375,-89.34224389745177
86620117.1875,-89.47020080419693
86625000.0,-89.42624791936618
86629882.8125,-89.39737643893727
86634765.625,-89.4422915182173
86639648.4375,-89.35268843616518
86644531.25,-89.428794326254
86649414.0625,-89.46242809228511
86654296.875,-89.40384087595748
86659179.6875,-89.63731909494823
86664062.5,-89.54088979945703
86668945.3125,-89.61211007298127
86673828.125,-89.50701159924492
86678710.9375,-89.4987250451037
86683593.75,-89.40026967114164
86688476.5625,-89.6559567056054
86693359.375,-89.56399677448064
86698242.1875,-89.52024007609111
86703125.0,-89.71384506673292
86708007.8125,-89.53832677248332
86712890.625,-89.60628848629375
86717773.4375,-89.54296405553433
86722656.25,-89.53357232761593
86727539.0625,-89.59691148782366
86732421.875,-89.56485048056055
86737304.6875,-89.67973750211067
86742187.5,-89.68296924320504
86747070.3125,-89.6805884979581
86751953.125,-89.58033123836103
86756835.9375,-89.66224297965707
86761718.75,-89.60288697958615
86766601.5625,-89.70935095529828
86771484.375,-89.73996039644126
86776367.1875,-89.69843472069181
86781250.0,-89.64704031020369
86786132.8125,-89.64015182541968
86791015.625,-89.52586812056865
86795898.4375,-89.6814161276875
86800781.25,-89.68190625488927
86805664.0625,-89.59978536515325
86810546.875,-89.71756917013099
86815429.6875,-89.61097420614396
86820312.5,-89.72057340942234
86825195.3125,-89.77700735097821
86830078.125,-89.6076247079738
86834960.9375,-89.74931277021034
86839843.75,-89.65481514140478
86844726.5625,-89.69548458144263
86849609.375,-89.70707424130134
86854492.1875,-89.70473894877239
86859375.0,-89.66508659801227
86864257.8125,-89.61122641348192
86869140.625,-89.62071289964038
86874023.4375,-89.80741637068613
86878906.25,-89.68960807490373
86883789.0625,-89.64982485445836
86888671.875,-89.65338723388476
86893554.6875,-89.69234902414175
86898437.5,-89.5808953249979
86903320.3125,-89.62121084525191
86908203.125,-89.58451270125167
86913085.9375,-89.63325204949965
86917968.75,-89.64768411816118
86922851.5625,-89.68186142528072
86927734.375,-89.74359723634751
86932617.1875,-89.63067213373608
86937500.0,-89.58869237629997
86942382.8125,-89.70599658569643
86947265.625,-89.68359220623574
86952148.4375,-89.66199522462344
86957031.25,-89.72510245810463
86961914.0625,-89.71702608257374
86966796.875,-89.6616622963333
86971679.6875,-89.63685182339674
86976562.5,-89.66666356828506
86981445.3125,-89.64912761712264
86986328.125,-89.70833030725817
86991210.9375,-89.6565033420249
86996093.75,-89.7220646253651
87000976.5625,-89.6449707423516
87005859.375,-89.72980544113486
87010742.1875,-89.70318237348181
87015625.0,-89.69570801887627
87020507.8125,-89.67506701538602
87025390.625,-89.61792414256195
87030273.4375,-89.77734793737088
87035156.25,-89.74724660740469
87040039.0625,-89.72672396970086
87044921.875,-89.7239244365098
87049804.6875,-89.71510087318111
87054687.5,-89.7339874981769
87059570.3125,-89.69598325262837
87064453.125,-89.71721180999256
87069335.9375,-89.67928931410694
87074218.75,-89.62504047773169
87079101.5625,-89.76712493142665
87083984.375,-89.76221808910185
87088867.1875,-89.71570672902195
87093750.0,-89.73966065634889
87098632.8125,-89.72928617904881
87103515.625,-89.69508831359431
87108398.4375,-89.58614620099115
87113281.25,-89.63119331986431
87118164.0625,-89.63654396769587
87123046.875,-89.4993177906774
87127929.6875,-89.59456752033847
87132812.5,-89.61543127757636
87137695.3125,-89.73782519653679
87142578.125,-89.69595466341423
87147460.9375,-89.68021610424447
87152343.75,-89.62159437498511
87157226.5625,-89.66917070815148
87162109.375,-89.71329507128101
87166992.1875,-89.71426806183757
87171875.0,-89.64202037181741
87176757.8125,-89.6819415208534
87181640.625,-89.55030680954764
87186523.4375,-89.62477075268643
87191406.25,-89.65790002791016
87196289.0625,-89.68116447853615
87201171.875,-89.79085005056814
87206054.6875,-89.69208936515292
87210937.5,-89.65210176521563
87215820.3125,-89.721701275898
87220703.125,-89.61216575074809
87225585.9375,-89.64582912105638
87230468.75,-89.70398269771422
87235351.5625,-89.68715634550105
87240234.375,-89.62286126133304
87245117.1875,-89.68314599314854
87250000.0,-89.73939382106408
87254882.8125,-89.65249668209384
87259765.625,-89.64816661179381
87264648.4375,-89.80295789542004
87269531.25,-89.72327226612589
87274414.0625,-89.70853754521983
87279296.875,-89.74722697032024
87284179.6875,-89.74660944824518
87289062.5,-89.78691813235216
87293945.3125,-89.78548458901906
87298828.125,-89.62554179812142
87303710.9375,-89.75204725412232
87308593.75,-89.74855189888737
87313476.5625,-89.70804425734195
87318359.375,-89.72414127697249
87323242.1875,-89.70342479680863
87328125.0,-89.81379925052929
87333007.8125,-89.74026162289985
87337890.625,-89.6764816368381
87342773.4375,-89.79452422383673
87347656.25,-89.77281435598834
87352539.0625,-89.85668944264017
87357421.875,-89.73683621775083
87362304.6875,-89.69860876824828
87367187.5,-89.77820227474152
87372070.3125,-89.7809521296158
87376953.125,-89.6521224419935
87381835.9375,-89.68501194188758
87386718.75,-89.6580134529614
87391601.5625,-89.82158632351047
87396484.375,-89.82441495546735
87401367.1875,-89.79784281969825
87406250.0,-89.80397652098341
87411132.8125,-89.81623481246399
87416015.625,-89.81071281755032
87420898.4375,-89.8714245767163
87425781.25,-89.79343828827592
87430664.0625,-89.74632901396117
87435546.875,-89.71793469553134
87440429.6875,-89.76889850687346
87445312.5,-89.75091231052596
87450195.3125,-89.92018995686377
87455078.125,-89.68505075123284
87459960.9375,-89.7604379148462
87464843.75,-89.73321180495091
87469726.5625,-89.72683145814398
87474609.375,-89.78898265916035
87479492.1875,-89.84030870496747
87484375.0,-89.73201194482078
87489257.8125,-89.68070355738018
87494140.625,-89.78748032827099
87499023.4375,-89.8127663234558
87503906.25,-89.74013151091208
87508789.0625,-89.8193051967161
87513671.875,-89.78431033512453
87518554.6875,-89.7797521381136
87523437.5,-89.83379382312523
87528320.3125,-89.6609723727334
87533203.125,-89.80024862265535
87538085.9375,-89.85187917893018
87542968.75,-89.7648510866293
87547851.5625,-89.759228958964
87552734.375,-89.73079793188697
87557617.1875,-89.88020378383689
87562500.0,-89.78358861812876
87567382.8125,-89.93853141126584
87572265.625,-89.78979594206467
87577148.4375,-89.71885303489836
87582031.25,-89.71602706129454
87586914.0625,-89.83848388542503
87591796.875,-89.77369919888292
87596679.6875,-89.87547500065372
87601562.5,-89.80053864821875
87606445.3125,-89.79182293903031
87611328.125,-89.86365935009903
87616210.9375,-89.81447355254338
87621093.75,-89.81389742236644
87625976.5625,-89.72316423007015
87630859.375,-89.74619869928102
87635742.1875,-89.8046758840311
87640625.0,-89.8544627328564
87645507.8125,-89.81327655641584
87650390.625,-89.74531644202486
87655273.4375,-89.74357730671662
87660156.25,-89.80738254035731
87665039.0625,-89.69993029134181
87669921.875,-89.73191485199996
87674804.6875,-89.76673504382873
87679687.5,-89.8073971658491
87684570.3125,-89.88320156144957
87689453.125,-89.8670463819746
87694335.9375,-89.88326735356787
87699218.75,-89.75992478569503
87704101.5625,-89.8151163954252
87708984.375,-89.80753328114204
87713867.1875,-89.79547541360233
87718750.0,-89.78782758190908
87723632.8125,-89.83350206574801
87728515.625,-89.86354739809161
87733398.4375,-89.90216563971353
87738281.25,-89.88715869749493
87743164.0625,-89.81804358654162
87748046.875,-89.80912850431923
87752929.6875,-89.80618787777661
87757812.5,-89.86011006407168
87762695.3125,-89.8074163365498
87767578.125,-89.81999022571381
87772460.9375,-89.85033768478556
87777343.75,-89.93857561058428
87782226.5625,-89.69773786713986
87787109.375,-89.72016774617191
87791992.1875,-89.89218937942783
87796875.0,-89.83492599292583
87801757.8125,-89.78917187008324
87806640.625,-89.85574412871739
87811523.4375,-89.76635974546829
87816406.25,-89.85975842135386
87821289.0625,-89.91547820615406
87826171.875,-89.7893271326106
87831054.6875,-89.80102859047673
87835937.5,-89.83086746080073
87840820.3125,-89.83355552959435
87845703.125,-89.79353597903051
87850585.9375,-89.72634079790572
87855468.75,-89.81972297974917
87860351.5625,-89.7915951965463
87865234.375,-89.89460403528756
87870117.1875,-89.8654861394505
87875000.0,-89.8196352582834
87879882.8125,-89.867445760838
87884765.625,-89.85924016674815
87889648.4375,-89.84339581309266
87894531.25,-89.84485889766768
87899414.0625,-89.8234551820625
87904296.875,-89.72628702955834
87909179.6875,-89.76080702082123
87914062.5,-89.73391558940824
87918945.3125,-89.86885988982607
87923828.125,-89.8704772426122
87928710.9375,-89.65398933278848
87933593.75,-89.79194095066455
87938476.5625,-89.76970683986076
87943359.375,-89.80199271825472
87948242.1875,-89.85102549998476
87953125.0,-89.85230204402816
87958007.8125,-89.86670815702394
87962890.625,-89.75630207016076
87967773.4375,-89.6857878277676
87972656.25,-89.77139673330544
87977539.0625,-89.71522551144719
87982421.875,-89.88122917559264
87987304.6875,-89.83794507825343
87992187.5,-89.73902972739091
87997070.3125,-89.64433966456323
88001953.125,-89.74952781761141
88006835.9375,-89.69785965347936
88011718.75,-89.81189123870479
88016601.5625,-89.81687247932979
88021484.375,-89.84607768165048
88026367.1875,-89.66555895411537
88031250.0,-89.77378256270472
88036132.8125,-89.76362378697164
88041015.625,-89.87529037556772
88045898.4375,-89.86663165862805
88050781.25,-89.76628285971896
88055664.0625,-89.7697235002799
88060546.875,-89.76846578105204
88065429.6875,-89.71392294029062
88070312.5,-89.75577074217807
88075195.3125,-89.91436879919272
88080078.125,-89.8387495070858
88084960.9375,-89.78168037917217
88089843.75,-89.7681472102879
88094726.5625,-89.7400845150579
88099609.375,-89.81302985679369
88104492.1875,-89.8284127523346
88109375.0,-89.91341804905653
88114257.8125,-89.88256400588759
88119140.625,-89.74475605569046
88124023.4375,-89.75171188033127
88128906.25,-89.74534369558268
88133789.0625,-89.76816052775172
88138671.875,-89.86592523251451
88143554.6875,-89.75900848972691
88148437.5,-89.76660957573068
88153320.3125,-89.80430162570045
88158203.125,-89.71159335203913
88163085.9375,-89.78426858832012
88167968.75,-89.72855980184863
88172851.5625,-89.88062022727976
88177734.375,-89.71862286744806
88182617.1875,-89.8873536644765
88187500.0,-89.91181283977556
88192382.8125,-89.83328587876551
88197265.625,-89.74679300505147
88202148.4375,-89.85787409271379
88207031.25,-89.76674036417805
88211914.0625,-89.81074169912398
88216796.875,-89.76518426223689
88221679.6875,-89.79831671687728
88226562.5,-89.7944443263722
88231445.3125,-89.78350582727029
88236328.125,-89.77023825338227
88241210.9375,-89.83776834511951
88246093.75,-89.76792289348955
88250976.5625,-89.76499067438195
88255859.375,-89.8330417486975
88260742.1875,-89.87236858283802
88265625.0,-89.6205867145506
88270507.8125,-89.64107891617647
88275390.625,-89.71249984509433
88280273.4375,-89.7612173082203
88285156.25,-89.84799279216585
88290039.0625,-89.64776020197328
88294921.875,-89.80440395984601
88299804.6875,-89.75093752075529
88304687.5,-89.85730491203498
88309570.3125,-89.74459037225375
88314453.125,-89.77201956533315
88319335.9375,-89.76545887603604
88324218.75,-89.85710078350704
88329101.5625,-89.83027407917544
88333984.375,-89.80701122243164
88338867.1875,-89.75104080454975
88343750.0,-89.84882648803244
88348632.8125,-89.69117505548195
88353515.625,-89.78279911277124
88358398.4375,-89.85991376265221
88363281.25,-89.73809213176324
88368164.0625,-89.71871523352601
88373046.875,-89.67316123041087
88377929.6875,-89.7808013625529
88382812.5,-89.74323537568534
88387695.3125,-89.6924768788588
88392578.125,-89.77818553939068
88397460.9375,-89.78294148628609
88402343.75,-89.80855977334926
88407226.5625,-89.7978209545185
88412109.375,-89.9370518194203
88416992.1875,-89.78615643612031
88421875.0,-89.80723338004711
88426757.8125,-89.80560031689922
88431640.625,-89.78389640182192
88436523.4375,-89.82008842611629
88441406.25,-89.7299915939426
88446289.0625,-89.77060789607515
88451171.875,-89.7517189928434
88456054.6875,-89.74746492182612
88460937.5,-89.75730921487244
88465820.3125,-89.85349914974503
88470703.125,-89.74217346071012
88475585.9375,-89.72703033180383
88480468.75,-89.8078629050625
88485351.5625,-89.84944294851385
88490234.375,-89.77429253913976
88495117.1875,-89.71911682215077
88500000.0,-89.82190813878219
88504882.8125,-89.75975451804942
88509765.625,-89.81062667213115
88514648.4375,-89.73419179808451
88519531.25,-89.61190941236418
88524414.0625,-89.84925396448548
88529296.875,-89.75787098971264
88534179.6875,-89.6591890139288
88539062.5,-89.64673313653395
88543945.3125,-89.90851371203479
88548828.125,-89.66629292400083
88553710.9375,-89.72797898550277
88558593.75,-89.76212027652602
88563476.5625,-89.7653477835143
88568359.375,-89.77934108345639
88573242.1875,-89.64475721703354
88578125.0,-89.66514947949565
88583007.8125,-89.72274377473988
88587890.625,-89.73474025484796
88592773.4375,-89.77322922946826
88597656.25,-89.7272376887891
88602539.0625,-89.66388394730865
88607421.875,-89.75187432969483
88612304.6875,-89.76609749931373
88617187.5,-89.66161438493589
88622070.3125,-89.71823132882497
88626953.125,-89.73777885939899
88631835.9375,-89.71578106292864
88636718.75,-89.7938683784146
88641601.5625,-89.65309814479673
88646484.375,-89.75868209571667
88651367.1875,-89.80050821410822
88656250.0,-89.75773052462722
88661132.8125,-89.73681068359409
88666015.625,-89.69917244047701
88670898.4375,-89.7034430583987
88675781.25,-89.7721029155266
88680664.0625,-89.66535772146972
88685546.875,-89.76704509582541
88690429.6875,-89.64095248921336
88695312.5,-89.79576281903735
88700195.3125,-89.74394079757414
88705078.125,-89.77553388987064
88709960.9375,-89.6878229359796
88714843.75,-89.8150417522736
88719726.5625,-89.57176567640755
88724609.375,-89.76204039616619
88729492.1875,-89.80348040558962
88734375.0,-89.66624360454341
88739257.8125,-89.71424651843884
88744140.625,-89.79187649998033
88749023.4375,-89.62906521291313
88753906.25,-89.68482870131317
88758789.0625,-89.84756371823624
88763671.875,-89.7110058773907
88768554.6875,-89.68888689391096
88773437.5,-89.74780548035494
88778320.3125,-89.63615425861462
88783203.125,-89.73436522459531
88788085.9375,-89.81704981385371
88792968.75,-89.77178358197713
88797851.5625,-89.68902731322098
88802734.375,-89.66001511519224
88807617.1875,-89.71357277525902
88812500.0,-89.84204705805371
88817382.8125,-89.6424879873914
88822265.625,-89.6305416940879
88827148.4375,-89.7003980006113
88832031.25,-89.77004235047522
88836914.0625,-89.66437911105481
88841796.875,-89.62427923259006
88846679.6875,-89.69309372130544
88851562.5,-89.62117755746678
88856445.3125,-89.66536967231428
88861328.125,-89.71801570707703
88866210.9375,-89.71290002320535
88871093.75,-89.59200065164785
88875976.5625,-89.60637395750226
88880859.375,-89.52227705768075
88885742.1875,-89.39475891568912
88890625.0,-89.27261754184687
88895507.8125,-89.19900995236725
88900390.625,-89.22331578160518
88905273.4375,-89.19427618232481
88910156.25,-88.99596926348306
88915039.0625,-89.31176489568887
88919921.875,-89.28459198432901
88924804.6875,-89.51899833491166
88929687.5,-89.48147865072065
88934570.3125,-89.60806340936205
88939453.125,-89.5406054237331
88944335.9375,-89.64277992521428
88949218.75,-89.639138415838
88954101.5625,-89.63332891317688
88958984.375,-89.65203675776695
88963867.1875,-89.6345645386871
88968750.0,-89.6729712757978
88973632.8125,-89.62300681994321
88978515.625,-89.64453047804966
88983398.4375,-89.7610578684982
88988281.25,-89.6959142942246
88993164.0625,-89.6975375391761
88998046.875,-89.66042066043326
89002929.6875,-89.6438175492656
89007812.5,-89.65590244187703
89012695.3125,-89.69229089045632
89017578.125,-89.63721096547681
89022460.9375,-89.75710599562774
89027343.75,-89.73058253387853
89032226.5625,-89.76241125160016
89037109.375,-89.6619893688102
89041992.1875,-89.66507854732978
89046875.0,-89.71395222892252
89051757.8125,-89.60771259396375
89056640.625,-89.60251592816459
89061523.4375,-89.68759869681526
89066406.25,-89.77005798930233
89071289.0625,-89.71854619890047
89076171.875,-89.62295991216789
89081054.6875,-89.60884846120277
89085937.5,-89.70205618996494
89090820.3125,-89.55382005390877
89095703.125,-89.58603123949075
89100585.9375,-89.61778400614213
89105468.75,-89.68313370989904
89110351.5625,-89.65625410509705
89115234.375,-89.67054174920744
89120117.1875,-89.7366566543455
89125000.0,-89.64167599202082
89129882.8125,-89.75751822751704
89134765.625,-89.62064948918905
89139648.4375,-89.66847687088173
89144531.25,-89.66253123506195
89149414.0625,-89.6101808573251
89154296.875,-89.67544833053731
89159179.6875,-89.68057312703405
89164062.5,-89.68004974620874
89168945.3125,-89.72778646636041
89173828.125,-89.6664279879154
89178710.9375,-89.5916499353637
89183593.75,-89.73217159905835
89188476.5625,-89.6867632361542
89193359.375,-89.6824867060007
89198242.1875,-89.62507272761258
89203125.0,-89.62975821926699
89208007.8125,-89.60569961775664
89212890.625,-89.69288159067881
89217773.4375,-89.61951122987622
89222656.25,-89.73732105573444
89227539.0625,-89.85235507528856
89232421.875,-89.63911349108838
89237304.6875,-89.65352010068523
89242187.5,-89.64289803795981
89247070.3125,-89.59082745463061
89251953.125,-89.70807737058107
89256835.9375,-89.70548994227903
89261718.75,-89.6434852200382
89266601.5625,-89.58284949375985
89271484.375,-89.72182148865511
89276367.1875,-89.52183939842647
89281250.0,-89.64260673545968
89286132.8125,-89.64900598987143
89291015.625,-89.65770702572803
89295898.4375,-89.57028890643136
89300781.25,-89.67287207796886
89305664.0625,-89.62089035344522
89310546.875,-89.67066751160789
89315429.6875,-89.60478355683665
89320312.5,-89.61365637971716
89325195.3125,-89.68023252595745
89330078.125,-89.64179619253247
89334960.9375,-89.6837686940653
89339843.75,-89.62161002678806
89344726.5625,-89.653654890072
89349609.375,-89.6038977808978
89354492.1875,-89.58836763334938
89359375.0,-89.57054718352217
89364257.8125,-89.75408582646185
89369140.625,-89.68069354855987
89374023.4375,-89.61548525428182
89378906.25,-89.5528974892197
89383789.0625,-89.56241372722758
89388671.875,-89.6348754507857
89393554.6875,-89.52646314038554
89398437.5,-89.5307049869493
89403320.3125,-89.63436444533772
89408203.125,-89.53699477687229
89413085.9375,-89.67081723656068
89417968.75,-89.47454660893473
89422851.5625,-89.663574500355
89427734.375,-89.70884206398176
89432617.1875,-89.57880080577257
89437500.0,-89.5653435220544
89442382.8125,-89.70355459239383
89447265.625,-89.57924466981521
89452148.4375,-89.52940826331604
89457031.25,-89.58669157416833
89461914.0625,-89.67393675659608
89466796.875,-89.56890484863538
89471679.6875,-89.59595371540973
89476562.5,-89.68810214002326
89481445.3125,-89.55592029077087
89486328.125,-89.54623864284204
89491210.9375,-89.67962307562505
89496093.75,-89.59095249424038
89500976.5625,-89.75044631417137
89505859.375,-89.67198712329119
89510742.1875,-89.64879167957079
89515625.0,-89.60395408623481
89520507.8125,-89.65302840827275
89525390.625,-89.63600369470237
89530273.4375,-89.57967154046653
89535156.25,-89.7396386050323
89540039.0625,-89.5995820321489
89544921.875,-89.65730661454901
89549804.6875,-89.71898909354076
89554687.5,-89.58028442579598
89559570.3125,-89.67979027926876
89564453.125,-89.56914123527878
89569335.9375,-89.5247885425411
89574218.75,-89.64169676567928
89579101.5625,-89.635961589011
89583984.375,-89.5408222837498
89588867.1875,-89.60006550281659
89593750.0,-89.4911548143221
89598632.8125,-89.56963898377327
89603515.625,-89.46565936048631
89608398.4375,-89.59959959062314
89613281.25,-89.564446849907
89618164.0625,-89.5711512018415
89623046.875,-89.50970070313002
89627929.6875,-89.54180927689754
89632812.5,-89.40736288144285
89637695.3125,-89.30012859888458
89642578.125,-89.23596409197071
89647460.9375,-89.05328799394763
89652343.75,-88.89884440883304
89657226.5625,-88.32745441455671
89662109.375,-87.99797340629365
89666992.1875,-87.73419455657276
89671875.0,-87.75918356196794
89676757.8125,-88.00677213305278
89681640.625,-87.62312696351964
89686523.4375,-86.79711652801848
89691406.25,-85.51187474727539
89696289.0625,-84.17223718481875
89701171.875,-82.62619124118879
89706054.6875,-81.57299860349053
89710937.5,-80.99062020590804
89715820.3125,-80.47953067558186
89720703.125,-80.76234374640961
89725585.9375,-81.12252380992936
89730468.75,-81.45225346223964
89735351.5625,-82.51530084976156
89740234.375,-83.9790356264034
89745117.1875,-85.02789758099135
89750000.0,-85.90984025709486
89754882.8125,-86.82986430258435
89759765.625,-87.76139967736839
89764648.4375,-88.13710933382652
89769531.25,-88.67405923319131
89774414.0625,-88.87464993804699
89779296.875,-89.17007131085666
89784179.6875,-89.23323748146609
89789062.5,-89.48127940123143
89793945.3125,-89.54701228544283
89798828.125,-89.56034044016238
89803710.9375,-89.57252365175623
89808593.75,-89.52315341858619
89813476.5625,-89.54575137764866
89818359.375,-89.6153152242706
89823242.1875,-89.58290001018878
89828125.0,-89.48917759344329
89833007.8125,-89.61178368799676
89837890.625,-89.70268090058138
89842773.4375,-89.64070187718366
89847656.25,-89.59273888942613
89852539.0625,-89.76109926320422
89857421.875,-89.641047148419
89862304.6875,-89.60482979399157
89867187.5,-89.60878916432645
89872070.3125,-89.70897619901001
89876953.125,-89.5399729702365
89881835.9375,-89.7188930900831
89886718.75,-89.61659986534951
89891601.5625,-89.57663799674867
89896484.375,-89.68897366368333
89901367.1875,-89.5293102706191
89906250.0,-89.6258172844145
89911132.8125,-89.66586806153884
89916015.625,-89.65493818524487
89920898.4375,-89.53163764619455
89925781.25,-89.59579772508314
89930664.0625,-89.46290252873615
89935546.875,-89.5675873966785
89940429.6875,-89.55465697711591
89945312.5,-89.57114995832481
89950195.3125,-89.55166719744668
89955078.125,-89.60753418657401
89959960.9375,-89.52297057789875
89964843.75,-89.44949986252632
89969726.5625,-89.44517434429625
89974609.375,-89.48270919752218
89979492.1875,-89.5190638432108
89984375.0,-89.47323901527278
89989257.8125,-89.42916317129993
89994140.625,-89.42391975602837
89999023.4375,-89.17420286361352
90003906.25,-89.38379645282234
90008789.0625,-89.51624129067798
90013671.875,-89.5059196096891
90018554.6875,-89.50034628345637
90023437.5,-89.50459917147646
90028320.3125,-89.38526841149016
90033203.125,-89.60405156317796
90038085.9375,-89.57580763093145
90042968.75,-89.4938791602649
90047851.5625,-89.5158415479807
90052734.375,-89.55902807463906
90057617.1875,-89.51141578675404
90062500.0,-89.55067742555264
90067382.8125,-89.7044394310989
90072265.625,-89.51544277944001
90077148.4375,-89.59445673782724
90082031.25,-89.70711657426332
90086914.0625,-89.6749386122801
90091796.875,-89.6557189615454
90096679.6875,-89.55880465699951
90101562.5,-89.58340104096877
90106445.3125,-89.7211600270858
90111328.125,-89.66004984961108
90116210.9375,-89.61111207400248
90121093.75,-89.71228457364185
90125976.5625,-89.64969228781817
90130859.375,-89.59166523473192
90135742.1875,-89.6728378417026
90140625.0,-89.67990044378055
90145507.8125,-89.65551003417099
90150390.625,-89.6781638909396
90155273.4375,-89.6706530085387
90160156.25,-89.74957615462532
90165039.0625,-89.68163544831452
90169921.875,-89.69715968033631
90174804.6875,-89.65726291579577
90179687.5,-89.64952739957258
90184570.3125,-89.7648144807464
90189453.125,-89.70051459571044
90194335.9375,-89.68179451612508
90199218.75,-89.53545161778666
90204101.5625,-89.72808064741034
90208984.375,-89.59915818431708
90213867.1875,-89.73736783050552
90218750.0,-89.54900668236613
90223632.8125,-89.68697140727264
90228515.625,-89.69056311087604
90233398.4375,-89.6701489144686
90238281.25,-89.78856961515459
90243164.0625,-89.57821046466077
90248046.875,-89.70261602774633
90252929.6875,-89.54599255899791
90257812.5,-89.55130844752068
90262695.3125,-89.59907839237542
90267578.125,-89.3753112093292
90272460.9375,-89.43074057518953
90277343.75,-89.38122404546658
90282226.5625,-89.32491140026823
90287109.375,-89.17730244746477
90291992.1875,-89.10520325789622
90296875.0,-89.08477654803409
90301757.8125,-89.128482866454
90306640.625,-89.32336362087591
90311523.4375,-89.27563975957963
90316406.25,-89.43350375927855
90321289.0625,-89.48289362052171
90326171.875,-89.49192376744205
90331054.6875,-89.54538944088628
90335937.5,-89.5876507866266
90340820.3125,-89.62498463619053
90345703.125,-89.66599288518023
90350585.9375,-89.69108905506431
90355468.75,-89.73126497748228
90360351.5625,-89.69636076175047
90365234.375,-89.80829088278287
90370117.1875,-89.63887446719139
90375000.0,-89.72746533230156
90379882.8125,-89.74421755835988
90384765.625,-89.67341067910388
90389648.4375,-89.62606644044297
90394531.25,-89.70363050716793
90399414.0625,-89.71504493338034
90404296.875,-89.6019349966142
90409179.6875,-89.58915949988005
90414062.5,-89.75050090905452
90418945.3125,-89.75054814281063
90423828.125,-89.7801077939398
90428710.9375,-89.72420541493611
90433593.75,-89.65708426453853
90438476.5625,-89.68493835725928
90443359.375,-89.74255939096528
90448242.1875,-89.64886713270323
90453125.0,-89.75850318424901
90458007.8125,-89.79161423769744
90462890.625,-89.66351443720617
90467773.4375,-89.76850836565512
90472656.25,-89.74971325670722
90477539.0625,-89.7038143378968
90482421.875,-89.70588112627308
90487304.6875,-89.65935885572736
90492187.5,-89.7130494469964
90497070.3125,-89.70696577523432
90501953.125,-89.79900344824517
90506835.9375,-89.83803462227715
90511718.75,-89.67154042059954
90516601.5625,-89.6428244344263
90521484.375,-89.75912031986329
90526367.1875,-89.60667506830572
90531250.0,-89.5983707491738
90536132.8125,-89.72742025871625
90541015.625,-89.71403722957217
90545898.4375,-89.73495840602385
90550781.25,-89.59533573371885
90555664.0625,-89.57267062966966
90560546.875,-89.59109323317509
90565429.6875,-89.6517633676641
90570312.5,-89.57546489095773
90575195.3125,-89.52963520588239
90580078.125,-89.57066516183684
90584960.9375,-89.5260370334872
90589843.75,-89.60844457980551
90594726.5625,-89.53517882436935
90599609.375,-89.520205534573
90604492.1875,-89.54233180457129
90609375.0,-89.55470682017972
90614257.8125,-89.58285819113843
90619140.625,-89.5752100164764
90624023.4375,-89.56922119389611
90628906.25,-89.49047743925496
90633789.0625,-89.70549835281585
90638671.875,-89.62101603270676
90643554.6875,-89.61011275767146
90648437.5,-89.61252518239814
90653320.3125,-89.72163613529204
90658203.125,-89.68198751389164
90663085.9375,-89.73122634006802
90667968.75,-89.79179112822555
90672851.5625,-89.55897345567354
90677734.375,-89.69238230736764
90682617.1875,-89.66144887636327
90687500.0,-89.50810504171122
90692382.8125,-89.67329495718914
90697265.625,-89.60900745976079
90702148.4375,-89.6377920765213
90707031.25,-89.67867580010864
90711914.0625,-89.6252109035596
90716796.875,-89.84855434512536
90721679.6875,-89.66089627990704
90726562.5,-89.81415356956887
90731445.3125,-89.72416008736238
90736328.125,-89.80047502472112
90741210.9375,-89.78155270599896
90746093.75,-89.78881742248325
90750976.5625,-89.79706481232876
90755859.375,-89.8365873890977
90760742.1875,-89.71752346408184
90765625.0,-89.81269656352256
90770507.8125,-89.82421710969777
90775390.625,-89.86146768946529
90780273.4375,-89.80222969597855
90785156.25,-89.73996757806151
90790039.0625,-89.8380628466706
90794921.875,-89.7763986819277
90799804.6875,-89.57440239235413
90804687.5,-89.7785900513916
90809570.3125,-89.69735952544806
90814453.125,-89.63671680848236
90819335.9375,-89.8183674382544
90824218.75,-89.76644432801166
90829101.5625,-89.80754189901131
90833984.375,-89.66040600693572
90838867.1875,-89.69006742932572
90843750.0,-89.79847621805038
90848632.8125,-89.60318135674393
90853515.625,-89.82990721572924
90858398.4375,-89.79492215216158
90863281.25,-89.7627256449511
90868164.0625,-89.80686117650308
90873046.875,-89.75391506317322
90877929.6875,-89.78284519245727
90882812.5,-89.75846018883612
90887695.3125,-89.63363761898586
90892578.125,-89.66502873940041
90897460.9375,-89.67657047480193
90902343.75,-89.84437294491224
90907226.5625,-89.68718407370773
90912109.375,-89.74839615811834
90916992.1875,-89.67283250576821
90921875.0,-89.59819382639375
90926757.8125,-89.67529825591726
90931640.625,-89.73407350124955
90936523.4375,-89.65448735473134
90941406.25,-89.80798283542211
90946289.0625,-89.70221612453426
90951171.875,-89.69777118017328
90956054.6875,-89.66255658660322
90960937.5,-89.75640336917795
90965820.3125,-89.80583707349271
90970703.125,-89.71416584301133
90975585.9375,-89.79156895655623
90980468.75,-89.82389218698532
90985351.5625,-89.744570196393
90990234.375,-89.76494308949336
90995117.1875,-89.78614157770045
91000000.0,-89.5938237181073
91004882.8125,-89.77038117880227
91009765.625,-89.76193737741204
91014648.4375,-89.81980163909842
91019531.25,-89.8287047355569
91024414.0625,-89.6376505323594
91029296.875,-89.69862291636673
91034179.6875,-89.76405078605336
91039062.5,-89.7221290100413
91043945.3125,-89.65504324261059
91048828.125,-89.7999680281516
91053710.9375,-89.63377993348709
91058593.75,-89.79422911488373
91063476.5625,-89.63781686329003
91068359.375,-89.84630066564554
91073242.1875,-89.75696194229843
91078125.0,-89.60969192151799
91083007.8125,-89.77157906079492
91087890.625,-89.69958467684509
91092773.4375,-89.81212812420839
91097656.25,-89.8517814261069
91102539.0625,-89.74025708454559
91107421.875,-89.7592462754744
91112304.6875,-89.77959858873749
91117187.5,-89.7078134598274
91122070.3125,-89.74107400705017
91126953.125,-89.74277134467425
91131835.9375,-89.7347808801394
91136718.75,-89.71168404258952
91141601.5625,-89.7487427204344
91146484.375,-89.67154557365507
91151367.1875,-89.66019061686768
91156250.0,-89.7364106865177
91161132.8125,-89.7948764549198
91166015.625,-89.71511417094507
91170898.4375,-89.7742124676179
91175781.25,-89.86089977208724
91180664.0625,-89.69786815035104
91185546.875,-89.64685306583056
91190429.6875,-89.78799261930308
91195312.5,-89.75579789146258
91200195.3125,-89.7037014704878
91205078.125,-89.65162496935744
91209960.9375,-89.8130536183505
91214843.75,-89.83992395367434
91219726.5625,-89.77449199285982
91224609.375,-89.70970325277
91229492.1875,-89.797390246243
91234375.0,-89.62864019737935
91239257.8125,-89.79279669496282
91244140.625,-89.74657317000205
91249023.4375,-89.58298316605925
91253906.25,-89.67163712118403
91258789.0625,-89.67052444565329
91263671.875,-89.76419397614683
91268554.6875,-89.76658138792169
91273437.5,-89.67363505739849
91278320.3125,-89.74332174886752
91283203.125,-89.64486314515764
91288085.9375,-89.79185321839822
91292968.75,-89.79045505220515
91297851.5625,-89.69117446865266
91302734.375,-89.6678715388868
91307617.1875,-89.77971528172608
91312500.0,-89.62840581008851
91317382.8125,-89.62455599269919
91322265.625,-89.7663832034925
91327148.4375,-89.6972331756692
91332031.25,-89.73260905042739
91336914.0625,-89.65406096378572
91341796.875,-89.77375660485725
91346679.6875,-89.68754632508
91351562.5,-89.74856984415345
91356445.3125,-89.7642314299361
91361328.125,-89.68296341748302
91366210.9375,-89.74048294488725
91371093.75,-89.80480631372271
91375976.5625,-89.71198015021153
91380859.375,-89.6296999813737
91385742.1875,-89.7590836910299
91390625.0,-89.8262597787506
91395507.8125,-89.78460821020963
91400390.625,-89.72653142841804
91405273.4375,-89.65928308238585
91410156.25,-89.7185115352143
91415039.0625,-89.71073161248572
91419921.875,-89.69104342287943
91424804.6875,-89.68083289226573
91429687.5,-89.60213289911846
91434570.3125,-89.6839991068332
91439453.125,-89.74840115254412
91444335.9375,-89.71756817203311
91449218.75,-89.75517221943699
91454101.5625,-89.70938035536943
91458984.375,-89.51233743420778
91463867.1875,-89.69536206637653
91468750.0,-89.68271235291644
91473632.8125,-89.70970384181433
91478515.625,-89.63640422003624
91483398.4375,-89.72140379422089
91488281.25,-89.73162913003256
91493164.0625,-89.812001762211
91498046.875,-89.7083578346516
91502929.6875,-89.71987052578817
91507812.5,-89.77208866085135
91512695.3125,-89.69105248501114
91517578.125,-89.7527516944229
91522460.9375,-89.76127026056196
91527343.75,-89.66520700148374
91532226.5625,-89.77920567173277
91537109.375,-89.6622564372534
91541992.1875,-89.74742747266185
91546875.0,-89.65685373425706
91551757.8125,-89.63448928265541
91556640.625,-89.79141776853598
91561523.4375,-89.65634206708836
91566406.25,-89.67569114500469
91571289.0625,-89.64907683080901
91576171.875,-89.63432905448792
91581054.6875,-89.63859747449254
91585937.5,-89.5537380569557
91590820.3125,-89.49710419430306
91595703.125,-89.29741666161149
91600585.9375,-89.17203272491355
91605468.75,-88.3000683790853
91610351.5625,-87.16572882377352
91615234.375,-87.07784275473645
91620117.1875,-87.06632094973668
91625000.0,-86.45987020936204
91629882.8125,-86.05751866193123
91634765.625,-86.0170200196639
91639648.4375,-86.35386797892988
91644531.25,-86.83176285568103
91649414.0625,-87.14333408581962
91654296.875,-87.03324426614199
91659179.6875,-86.83660776829714
91664062.5,-86.88463460432763
91668945.3125,-87.14994521722079
91673828.125,-86.93966947915533
91678710.9375,-86.06083222332953
91683593.75,-85.1870500857267
91688476.5625,-84.71330513525146
91693359.375,-84.51491497343329
91698242.1875,-84.18610615527558
91703125.0,-83.58906493779162
91708007.8125,-82.92314182942107
91712890.625,-83.1942866564981
91717773.4375,-83.77558124757408
91722656.25,-84.88563871129651
91727539.0625,-86.80929124398017
91732421.875,-88.34126032810696
91737304.6875,-88.68665854141713
91742187.5,-88.90696529670001
91747070.3125,-88.99900097248747
91751953.125,-89.2855485579322
91756835.9375,-89.41649270636549
91761718.75,-89.16829683218012
91766601.5625,-88.81789550834026
91771484.375,-88.6792589561773
91776367.1875,-88.96470296888094
91781250.0,-89.2566132649539
91786132.8125,-89.51150156059978
91791015.625,-89.63146266668107
91795898.4375,-89.50461237989481
91800781.25,-89.62284898034892
91805664.0625,-89.69629899403807
91810546.875,-89.58859636750336
91815429.6875,-89.56594503804303
91820312.5,-89.70258841374906
91825195.3125,-89.69637691337823
91830078.125,-89.67152209552913
91834960.9375,-89.64652576350721
91839843.75,-89.59860671775505
91844726.5625,-89.6205845983809
91849609.375,-89.63389109871642
91854492.1875,-89.54051631746793
91859375.0,-89.60194780286764
91864257.8125,-89.63530320822076
91869140.625,-89.5602442030623
91874023.4375,-89.64927495588114
91878906.25,-89.58198241417188
91883789.0625,-89.66949171468838
91888671.875,-89.6262956223897
91893554.6875,-89.46618890417861
91898437.5,-89.5942255036208
91903320.3125,-89.65031277046427
91908203.125,-89.50744268279007
91913085.9375,-89.55497727387717
91917968.75,-89.62712900871514
91922851.5625,-89.64792828493543
91927734.375,-89.52979068356203
91932617.1875,-89.50769388931431
91937500.0,-89.53111603016447
91942382.8125,-89.43332862218679
91947265.625,-89.51555429010182
91952148.4375,-89.35316116494465
91957031.25,-89.44854059714129
91961914.0625,-89.45039912834807
91966796.875,-89.36902512778079
91971679.6875,-89.39379326746007
91976562.5,-89.33360526575746
91981445.3125,-89.41877201004596
91986328.125,-89.44131597591192
91991210.9375,-89.38465513745936
91996093.75,-89.30691953145208
92000976.5625,-88.98407902580783
92005859.375,-89.2943983384414
92010742.1875,-89.27446838202951
92015625.0,-89.48803560129261
92020507.8125,-89.51109447996294
92025390.625,-89.43660843110615
92030273.4375,-89.49445056896741
92035156.25,-89.56865843547033
92040039.0625,-89.71842696631214
92044921.875,-89.66567840726913
92049804.6875,-89.68623705853335
92054687.5,-89.6398169035752
92059570.3125,-89.56350364042063
92064453.125,-89.60049639012885
92069335.9375,-89.56067865029829
92074218.75,-89.57791900513163
92079101.5625,-89.60705725172485
92083984.375,-89.6726303057878
92088867.1875,-89.57494415834071
92093750.0,-89.5639368830125
92098632.8125,-89.65396633907375
92103515.625,-89.6890342384595
92108398.4375,-89.61287305870403
92113281.25,-89.70213403816552
92118164.0625,-89.7073023514549
92123046.875,-89.64255945387583
92127929.6875,-89.61401348728481
92132812.5,-89.62220632727627
92137695.3125,-89.70878893559023
92142578.125,-89.61135203890095
92147460.9375,-89.66407219146566
92152343.75,-89.5716111729684
92157226.5625,-89.5959960378128
92162109.375,-89.75555608729908
92166992.1875,-89.67493804144854
92171875.0,-89.5519888211895
92176757.8125,-89.59229699914434
92181640.625,-89.64578659019645
92186523.4375,-89.62669143025568
92191406.25,-89.56314022450084
92196289.0625,-89.58780044496055
92201171.875,-89.66463859029543
92206054.6875,-89.59838739733581
92210937.5,-89.50836455220244
92215820.3125,-89.53105433461747
92220703.125,-89.6446342694756
92225585.9375,-89.64515717331662
92230468.75,-89.58332475828871
92235351.5625,-89.41169413131678
92240234.375,-89.5857503383539
92245117.1875,-89.44116715959007
92250000.0,-88.91522548037145
92254882.8125,-88.86436490454469
92259765.625,-89.0292458201258
92264648.4375,-88.90638642969418
92269531.25,-88.75192881992075
92274414.0625,-88.6792384884181
92279296.875,-88.66347911174552
92284179.6875,-88.63809112589496
92289062.5,-88.59260016618703
92293945.3125,-88.49517937155485
92298828.125,-88.6300369368742
92303710.9375,-88.81517227014234
92308593.75,-89.05144110346174
92313476.5625,-89.01458600792242
92318359.375,-89.06412239558159
92323242.1875,-89.04951190898612
92328125.0,-89.11370536003065
92333007.8125,-89.32458957071043
92337890.625,-89.3759717804902
92342773.4375,-89.28770549491804
92347656.25,-89.46239801166024
92352539.0625,-89.43190500436651
92357421.875,-89.46772094448696
92362304.6875,-89.53277627568167
92367187.5,-89.52605597750974
92372070.3125,-89.56346326890034
92376953.125,-89.47676575955259
92381835.9375,-89.50669995404235
92386718.75,-89.47800835933828
92391601.5625,-89.68558868559873
92396484.375,-89.46586148431203
92401367.1875,-89.5884628740157
92406250.0,-89.53715589640387
92411132.8125,-89.58531341970851
92416015.625,-89.55701862544882
92420898.4375,-89.44554074802116
92425781.25,-89.54364722031423
92430664.0625,-89.50610000063065
92435546.875,-89.50466565239967
92440429.6875,-89.58213701818642
92445312.5,-89.52000477858735
92450195.3125,-89.59494234809179
92455078.125,-89.5089780797139
92459960.9375,-89.47124844873645
92464843.75,-89.46967902787475
92469726.5625,-89.62871557080265
92474609.375,-89.57410903090772
92479492.1875,-89.6016773389913
92484375.0,-89.62087465120052
92489257.8125,-89.53756430470708
92494140.625,-89.6933259514808
92499023.4375,-89.54027358795318
92503906.25,-89.61800345069017
92508789.0625,-89.46639659782335
92513671.875,-89.61197637588577
92518554.6875,-89.40410175892643
92523437.5,-89.51677514050641
92528320.3125,-89.50530560163955
92533203.125,-89.38622807450287
92538085.9375,-89.43733706090487
92542968.75,-89.41137788012784
92547851.5625,-89.35395344561019
92552734.375,-89.36460189339874
92557617.1875,-89.47298172654988
92562500.0,-89.30633552599977
92567382.8125,-89.37687604882544
92572265.625,-89.23489100397708
92577148.4375,-89.28995066403675
92582031.25,-89.19782419408199
92586914.0625,-89.25272694045029
92591796.875,-89.3255358067274
92596679.6875,-89.23706662151753
92601562.5,-89.38502239864476
92606445.3125,-89.2970429993463
92611328.125,-89.32529119599957
92616210.9375,-89.38052563577776
92621093.75,-89.44074464629549
92625976.5625,-89.31154585194565
92630859.375,-89.45652490461305
92635742.1875,-89.48126662679843
92640625.0,-89.52761734287401
92645507.8125,-89.37416086281584
92650390.625,-89.47708432625217
92655273.4375,-89.53213627578737
92660156.25,-89.51471900363504
92665039.0625,-89.44086459129079
92669921.875,-89.36273055055261
92674804.6875,-89.31526530702712
92679687.5,-89.23779296191663
92684570.3125,-88.96784868817846
92689453.125,-88.81522310039682
92694335.9375,-88.67619271855176
92699218.75,-88.89550157758364
92704101.5625,-88.96879448324606
92708984.375,-89.0226200126518
92713867.1875,-89.30637820301047
92718750.0,-89.40814483636126
92723632.8125,-89.3753244728558
92728515.625,-89.42250641126887
92733398.4375,-89.37346895309065
92738281.25,-89.41910455959524
92743164.0625,-89.32591269513361
92748046.875,-89.49262013066246
92752929.6875,-89.49249370237456
92757812.5,-89.38304882515334
92762695.3125,-89.48626984789223
92767578.125,-89.37999534242016
92772460.9375,-89.42434837382444
92777343.75,-89.58819712495733
92782226.5625,-89.62579935525687
92787109.375,-89.56174040902289
92791992.1875,-89.63260209606727
92796875.0,-89.52958786886876
92801757.8125,-89.50034777869598
92806640.625,-89.5781596642071
92811523.4375,-89.59856630835947
92816406.25,-89.62662624982931
92821289.0625,-89.51031816334608
92826171.875,-89.57694587473205
92831054.6875,-89.59883593139693
92835937.5,-89.52841978871587
92840820.3125,-89.7170521395712
92845703.125,-89.64726686189326
92850585.9375,-89.55517867418018
92855468.75,-89.53430813175652
92860351.5625,-89.53200050988005
92865234.375,-89.61589393079004
92870117.1875,-89.6288190438988
92875000.0,-89.55308959903758
92879882.8125,-89.62390896456782
92884765.625,-89.52869608866533
92889648.4375,-89.55944186449963
92894531.25,-89.52594796522618
92899414.0625,-89.48833036479326
92904296.875,-89.6445321918221
92909179.6875,-89.56601896452236
92914062.5,-89.54142589739214
92918945.3125,-89.64763707320284
92923828.125,-89.57289995785052
92928710.9375,-89.51035860984842
92933593.75,-89.4598231075258
92938476.5625,-89.53548920034851
92943359.375,-89.5737040726068
92948242.1875,-89.73550293679753
92953125.0,-89.54392677777054
92958007.8125,-89.47934586554891
92962890.625,-89.57232790778659
92967773.4375,-89.60477783007352
92972656.25,-89.55579266901043
92977539.0625,-89.56947323692089
92982421.875,-89.50359324833852
92987304.6875,-89.55665867128903
92992187.5,-89.56595023702289
92997070.3125,-89.55448116004533
93001953.125,-89.43162674301709
93006835.9375,-89.4483156215224
93011718.75,-89.48082561896146
93016601.5625,-89.61156878936043
93021484.375,-89.51030822835355
93026367.1875,-89.52758243149708
93031250.0,-89.56920681992162
93036132.8125,-89.6868809493796
93041015.625,-89.60982048853379
93045898.4375,-89.54081595831934
93050781.25,-89.64688635763852
93055664.0625,-89.6913225554485
93060546.875,-89.55426154056124
93065429.6875,-89.47103652602507
93070312.5,-89.58214297092641
93075195.3125,-89.6533435653873
93080078.125,-89.53410435629843
93084960.9375,-89.47604065449073
93089843.75,-89.69144995921539
93094726.5625,-89.61778305795741
93099609.375,-89.62859990751684
93104492.1875,-89.60100979283035
93109375.0,-89.65322484365458
93114257.8125,-89.48202984890264
93119140.625,-89.54160831999934
93124023.4375,-89.55957377872673
93128906.25,-89.61235590221366
93133789.0625,-89.45358141780073
93138671.875,-89.42793540524062
93143554.6875,-89.57686393092408
93148437.5,-89.61245356392598
93153320.3125,-89.63635289505959
93158203.125,-89.57489328025008
93163085.9375,-89.51917037563675
93167968.75,-89.60641332979367
93172851.5625,-89.68076476962412
93177734.375,-89.5091272583575
93182617.1875,-89.5583302908197
93187500.0,-89.55654361717694
93192382.8125,-89.57976803761446
93197265.625,-89.57598637448831
93202148.4375,-89.5304023281939
93207031.25,-89.54407642878016
93211914.0625,-89.66370283874272
93216796.875,-89.63563425837546
93221679.6875,-89.61073998870941
93226562.5,-89.61593844211927
93231445.3125,-89.6507838224419
93236328.125,-89.64316674073845
93241210.9375,-89.59123256406605
93246093.75,-89.61609524184072
93250976.5625,-89.55788752035596
93255859.375,-89.57177631656825
93260742.1875,-89.60242738614434
93265625.0,-89.45525528563641
93270507.8125,-89.57872004526178
93275390.625,-89.59783598069217
93280273.4375,-89.62449505606082
93285156.25,-89.51054136329961
93290039.0625,-89.51853492126352
93294921.875,-89.50882369893063
93299804.6875,-89.52146928199446
93304687.5,-89.610851020762
93309570.3125,-89.45295693268616
93314453.125,-89.51789202369747
93319335.9375,-89.49768099195236
93324218.75,-89.61079121834729
93329101.5625,-89.61585942693188
93333984.375,-89.70439491657476
93338867.1875,-89.59730972118473
93343750.0,-89.71721478797963
93348632.8125,-89.66730346617732
93353515.625,-89.62939870458476
93358398.4375,-89.58681167430296
93363281.25,-89.69319551678623
93368164.0625,-89.57612271745612
93373046.875,-89.62455215056266
93377929.6875,-89.56731871029194
93382812.5,-89.6098235710383
93387695.3125,-89.59093490433796
93392578.125,-89.66239187204022
93397460.9375,-89.45228046497351
93402343.75,-89.45993173503726
93407226.5625,-89.60926304982576
93412109.375,-89.50253338031374
93416992.1875,-89.60328219276352
93421875.0,-89.52927039432811
93426757.8125,-89.4972962632774
93431640.625,-89.53838120518765
93436523.4375,-89.63767561444092
93441406.25,-89.59607240692779
93446289.0625,-89.52378750600792
93451171.875,-89.59277888223608
93456054.6875,-89.55343334599132
93460937.5,-89.55152385292837
93465820.3125,-89.50002486425393
93470703.125,-89.49407894212118
93475585.9375,-89.54773252154209
93480468.75,-89.45837281564658
93485351.5625,-89.54783290510048
93490234.375,-89.64857800619026
93495117.1875,-89.67964440270077
93500000.0,-89.61694542352211
93504882.8125,-89.60024947100692
93509765.625,-89.53173756832848
93514648.4375,-89.65973806768886
93519531.25,-89.67832073936734
93524414.0625,-89.70980763713791
93529296.875,-89.51644636273156
93534179.6875,-89.60308263636296
93539062.5,-89.52281164261973
93543945.3125,-89.62175746116299
93548828.125,-89.60881578696029
93553710.9375,-89.65243048621477
93558593.75,-89.6689922046821
93563476.5625,-89.66540915479294
93568359.375,-89.56786366720172
93573242.1875,-89.66397078597458
93578125.0,-89.60272110582227
93583007.8125,-89.68019682254686
93587890.625,-89.56649172866983
93592773.4375,-89.58079502572397
93597656.25,-89.59739858702176
93602539.0625,-89.58151382789751
93607421.875,-89.63788097768042
93612304.6875,-89.71529749437173
93617187.5,-89.57837695223222
93622070.3125,-89.62509969386792
93626953.125,-89.61099637012538
93631835.9375,-89.66468234759407
93636718.75,-89.65931283073311
93641601.5625,-89.58572551026185
93646484.375,-89.62171101276272
93651367.1875,-89.64873435270053
93656250.0,-89.73285174987694
93661132.8125,-89.51466118152703
93666015.625,-89.68638752881947
93670898.4375,-89.57256584749624
93675781.25,-89.65183006652586
93680664.0625,-89.56808770926045
93685546.875,-89.59511651328467
93690429.6875,-89.62720095519288
93695312.5,-89.56846142867309
93700195.3125,-89.75262656222117
93705078.125,-89.68066975092268
93709960.9375,-89.67227661906693
93714843.75,-89.5573084661927
93719726.5625,-89.73110320096683
93724609.375,-89.68260540954924
93729492.1875,-89.61363344755267
93734375.0,-89.68015532962588
93739257.8125,-89.54310283584962
93744140.625,-89.70317064806792
93749023.4375,-89.58669894084153
93753906.25,-89.72878197672333
93758789.0625,-89.66862883548242
93763671.875,-89.64812430143286
93768554.6875,-89.65080953747929
93773437.5,-89.46963501458049
93778320.3125,-89.67993342973185
93783203.125,-89.58355574553894
93788085.9375,-89.55227560543096
93792968.75,-89.6611423942278
93797851.5625,-89.6755356547842
93802734.375,-89.72024997659253
93807617.1875,-89.72273905368118
93812500.0,-89.672305086687
93817382.8125,-89.74303032564148
93822265.625,-89.65934184499292
93827148.4375,-89.6917933659372
93832031.25,-89.56272051931171
93836914.0625,-89.69067856564553
93841796.875,-89.57547129732066
93846679.6875,-89.53080120945623
93851562.5,-89.67383359777543
93856445.3125,-89.58420274184783
93861328.125,-89.58185130022093
93866210.9375,-89.70179883848283
93871093.75,-89.67175683707359
93875976.5625,-89.59206827455455
93880859.375,-89.75951701826747
93885742.1875,-89.63271063039568
93890625.0,-89.68716345916533
93895507.8125,-89.72632626430587
93900390.625,-89.5618230549216
93905273.4375,-89.71460024159848
93910156.25,-89.56995337864396
93915039.0625,-89.63653623404386
93919921.875,-89.70513318207202
93924804.6875,-89.7592541511425
93929687.5,-89.57204408089174
93934570.3125,-89.50787851346706
93939453.125,-89.68047017781376
93944335.9375,-89.74356528673059
93949218.75,-89.64445428530144
93954101.5625,-89.69380431537971
93958984.375,-89.72111952726718
93963867.1875,-89.65367051994156
93968750.0,-89.61537476492782
93973632.8125,-89.72923475419603
93978515.625,-89.65952398440666
93983398.4375,-89.63471956124496
93988281.25,-89.80929144834246
93993164.0625,-89.66850774808111
93998046.875,-89.5476362832257
94002929.6875,-89.76102078752862
94007812.5,-89.76191325828532
94012695.3125,-89.57803917924997
94017578.125,-89.65799122649094
94022460.9375,-89.67142462377149
94027343.75,-89.60389426558021
94032226.5625,-89.55491646850311
94037109.375,-89.72016626193374
94041992.1875,-89.787483424096
94046875.0,-89.62693862307862
94051757.8125,-89.58157254981745
94056640.625,-89.64752353714397
94061523.4375,-89.64522523788452
94066406.25,-89.7631764747785
94071289.0625,-89.65201200119532
94076171.875,-89.65243371019722
94081054.6875,-89.62934576365032
94085937.5,-89.63604838814922
94090820.3125,-89.59393692729154
94095703.125,-89.73157954752475
94100585.9375,-89.70584240930589
94105468.75,-89.64748282086208
94110351.5625,-89.718012702962
94115234.375,-89.64421793579208
94120117.1875,-89.72394196283719
94125000.0,-89.57179780441209
94129882.8125,-89.63624204481974
94134765.625,-89.7428186674554
94139648.4375,-89.65741987634141
94144531.25,-89.71868045397622
94149414.0625,-89.72512229445226
94154296.875,-89.66926396600098
94159179.6875,-89.75578121355431
94164062.5,-89.70941694536273
94168945.3125,-89.71908721566885
94173828.125,-89.72449577341817
94178710.9375,-89.5160795821923
94183593.75,-89.68648767738799
94188476.5625,-89.66622594312642
94193359.375,-89.81824265396804
94198242.1875,-89.64503676899955
94203125.0,-89.63197776783218
94208007.8125,-89.80548465540349
94212890.625,-89.68718959940307
94217773.4375,-89.71875624048027
94222656.25,-89.74230219110189
94227539.0625,-89.71964272939167
94232421.875,-89.6906256340809
94237304.6875,-89.65306669228522
94242187.5,-89.64640671836887
94247070.3125,-89.71084602509987
94251953.125,-89.67033819009055
94256835.9375,-89.75587647641785
94261718.75,-89.5966766809961
94266601.5625,-89.69370341687582
94271484.375,-89.75479351945845
94276367.1875,-89.65219310903092
94281250.0,-89.71675662665209
94286132.8125,-89.67241258350023
94291015.625,-89.64192295621939
94295898.4375,-89.64311982439528
94300781.25,-89.70778674708308
94305664.0625,-89.72177066324733
94310546.875,-89.60213149681428
94315429.6875,-89.74851658929475
94320312.5,-89.76025077615034
94325195.3125,-89.73905817426362
94330078.125,-89.75307492099074
94334960.9375,-89.68395663333465
94339843.75,-89.55913713749436
94344726.5625,-89.58815831705846
94349609.375,-89.70338967139651
94354492.1875,-89.67862649467665
94359375.0,-89.70370473645156
94364257.8125,-89.70929394783414
94369140.625,-89.70331022262675
94374023.4375,-89.63241171477469
94378906.25,-89.65937107220418
94383789.0625,-89.49908244195746
94388671.875,-89.63106508447527
94393554.6875,-89.62527486027054
94398437.5,-89.60557051981345
94403320.3125,-89.67807578947105
94408203.125,-89.58720394294966
94413085.9375,-89.67636172883144
94417968.75,-89.7588950562654
94422851.5625,-89.72247726051927
94427734.375,-89.74492719442111
94432617.1875,-89.72020975491222
94437500.0,-89.58439444039473
94442382.8125,-89.7513381051975
94447265.625,-89.8251065224184
94452148.4375,-89.6673574486654
94457031.25,-89.83754246191387
94461914.0625,-89.67558646906912
94466796.875,-89.74031652575417
94471679.6875,-89.63655829962619
94476562.5,-89.72590087312031
94481445.3125,-89.74589487851756
94486328.125,-89.6317355087009
94491210.9375,-89.66784605759702
94496093.75,-89.61120461916761
94500976.5625,-89.62302833269203
94505859.375,-89.73459877682845
94510742.1875,-89.800890593019
94515625.0,-89.73198680470713
94520507.8125,-89.79228185340696
94525390.625,-89.67581916800307
94530273.4375,-89.7427037606935
94535156.25,-89.69635729379797
94540039.0625,-89.6932805370916
94544921.875,-89.60455259601775
94549804.6875,-89.67378113963119
94554687.5,-89.66039905622
94559570.3125,-89.65275515021
94564453.125,-89.72954036531905
94569335.9375,-89.66977613674285
94574218.75,-89.75683293083068
94579101.5625,-89.73950358980761
94583984.375,-89.68455569254311
94588867.1875,-89.80572151610897
94593750.0,-89.55694843026416
94598632.8125,-89.69705161850996
94603515.625,-89.79128502591573
94608398.4375,-89.62409496702486
94613281.25,-89.70023071595566
94618164.0625,-89.68253477139288
94623046.875,-89.63088082097545
94627929.6875,-89.77841775998715
94632812.5,-89.61374328954872
94637695.3125,-89.62517170390979
94642578.125,-89.63524536882528
94647460.9375,-89.64494002318185
94652343.75,-89.72749615156988
94657226.5625,-89.6781577139576
94662109.375,-89.73062073365907
94666992.1875,-89.80192614889117
94671875.0,-89.8148895429633
94676757.8125,-89.8017503015742
94681640.625,-89.67011266513038
94686523.4375,-89.64656294420479
94691406.25,-89.64828150425535
94696289.0625,-89.6587147331503
94701171.875,-89.78939593933643
94706054.6875,-89.6089985886619
94710937.5,-89.77844978533432
94715820.3125,-89.63028926412659
94720703.125,-89.75328433673442
94725585.9375,-89.7152310010751
94730468.75,-89.80594629103112
94735351.5625,-89.70309082382724
94740234.375,-89.70452202279148
94745117.1875,-89.65086128309588
94750000.0,-89.72313536256246
94754882.8125,-89.75476092167497
94759765.625,-89.63393985491123
94764648.4375,-89.68419679307911
94769531.25,-89.70413859227779
94774414.0625,-89.62446295821584
94779296.875,-89.76567718461459
94784179.6875,-89.66384879113087
94789062.5,-89.58546666648269
94793945.3125,-89.68783276986247
94798828.125,-89.61558981969483
94803710.9375,-89.67498532144299
94808593.75,-89.65231094167467
94813476.5625,-89.73816354517152
94818359.375,-89.67337904445924
94823242.1875,-89.67490316963398
94828125.0,-89.6189654227557
94833007.8125,-89.75625116899997
94837890.625,-89.65327528307466
94842773.4375,-89.64095338666507
94847656.25,-89.60674866139402
94852539.0625,-89.70624938833129
94857421.875,-89.73761011741996
94862304.6875,-89.74979085161931
94867187.5,-89.68735114053894
94872070.3125,-89.77551383239248
94876953.125,-89.73373426264016
94881835.9375,-89.62734397914389
94886718.75,-89.66859457822426
94891601.5625,-89.73857778218317
94896484.375,-89.67895062263122
94901367.1875,-89.65424814413498
94906250.0,-89.75557602155229
94911132.8125,-89.6772962085474
94916015.625,-89.76848832410599
94920898.4375,-89.7996497819492
94925781.25,-89.70083703380777
94930664.0625,-89.75720964795164
94935546.875,-89.592042962481
94940429.6875,-89.74624695561718
94945312.5,-89.65873894043449
94950195.3125,-89.61555195410719
94955078.125,-89.69537279929989
94959960.9375,-89.6212152347326
94964843.75,-89.75720238127832
94969726.5625,-89.57697138048277
94974609.375,-89.69202872963575
94979492.1875,-89.70816735019704
94984375.0,-89.69674488869939
94989257.8125,-89.69500977983304
94994140.625,-89.69372331354433
94999023.4375,-89.61080198349953
95003906.25,-89.75090972888563
95008789.0625,-89.72553721518443
95013671.875,-89.5955350015766
95018554.6875,-89.65950030435917
95023437.5,-89.72892036232855
95028320.3125,-89.7622824473811
95033203.125,-89.64464526720658
95038085.9375,-89.51431550729095
95042968.75,-89.49219782340325
95047851.5625,-89.25942055533102
95052734.375,-88.75063612371804
95057617.1875,-88.63401027143107
95062500.0,-88.01330582062283
95067382.8125,-87.73808812563601
95072265.625,-87.65954556210522
95077148.4375,-87.2001659810544
95082031.25,-86.95402890370772
95086914.0625,-87.03734338485143
95091796.875,-86.81571340442156
95096679.6875,-86.42743076217167
95101562.5,-84.25982763327755
95106445.3125,-87.46600360966306
95111328.125,-87.78347828015174
95116210.9375,-87.66066923953184
95121093.75,-87.54184124806324
95125976.5625,-87.32309909373274
95130859.375,-86.97092599151742
95135742.1875,-86.86354779079733
95140625.0,-86.68452276647164
95145507.8125,-86.69393695045568
95150390.625,-87.56361548574739
95155273.4375,-87.83694974997778
95160156.25,-88.26346167030971
95165039.0625,-88.76009064753043
95169921.875,-89.33189228096728
95174804.6875,-89.56201765166153
95179687.5,-89.53601657119111
95184570.3125,-89.72533506221023
95189453.125,-89.72327172689629
95194335.9375,-89.77052709587937
95199218.75,-89.84873719264763
95204101.5625,-89.63285374070432
95208984.375,-89.79682368819277
95213867.1875,-89.76546461263149
95218750.0,-89.66074714223092
95223632.8125,-89.6879089715211
95228515.625,-89.66707419194196
95233398.4375,-89.68641126752576
95238281.25,-89.72591535196347
95243164.0625,-89.65324612322445
95248046.875,-89.81469207285662
95252929.6875,-89.72489951236236
95257812.5,-89.71106007574721
95262695.3125,-89.73124729331954
95267578.125,-89.8093875703934
95272460.9375,-89.69180093292889
95277343.75,-89.60546165134937
95282226.5625,-89.70860038186669
95287109.375,-89.78620635968727
95291992.1875,-89.85202516395705
95296875.0,-89.7216005285151
95301757.8125,-89.83219315586257
95306640.625,-89.70619107666457
95311523.4375,-89.75600789870902
95316406.25,-89.63293018328417
95321289.0625,-89.6258865552748
95326171.875,-89.70082296835417
95331054.6875,-89.85902691563149
95335937.5,-89.73421541702112
95340820.3125,-89.65550695355154
95345703.125,-89.67082530229058
95350585.9375,-89.61520651469499
95355468.75,-89.66327122681517
95360351.5625,-89.79328882096829
95365234.375,-89.67659607217217
95370117.1875,-89.77596499195863
95375000.0,-89.75354304671941
95379882.8125,-89.68375377801797
95384765.625,-89.80188229048747
95389648.4375,-89.62549311949726
95394531.25,-89.78204347147522
95399414.0625,-89.6835195791185
95404296.875,-89.6851297268542
95409179.6875,-89.64578549537987
95414062.5,-89.56526122529834
95418945.3125,-89.63691212680322
95423828.125,-89.6520645514168
95428710.9375,-89.69261897365107
95433593.75,-89.64512245974731
95438476.5625,-89.67245519140906
95443359.375,-89.66066800930119
95448242.1875,-89.69793238264879
95453125.0,-89.70342009658191
95458007.8125,-89.71370962587531
95462890.625,-89.7096343551662
95467773.4375,-89.55728395019571
95472656.25,-89.85027727424242
95477539.0625,-89.52799643265223
95482421.875,-89.67998336954747
95487304.6875,-89.59875548019627
95492187.5,-89.77522862226894
95497070.3125,-89.66155540259541
95501953.125,-89.75375736781623
95506835.9375,-89.61715481216777
95511718.75,-89.7104707176832
95516601.5625,-89.80022960241175
95521484.375,-89.75255875770526
95526367.1875,-89.74572584454395
95531250.0,-89.8016570065952
95536132.8125,-89.70553169522145
95541015.625,-89.65528222984506
95545898.4375,-89.78411323003337
95550781.25,-89.7836022490273
95555664.0625,-89.76133353901696
95560546.875,-89.74310511297713
95565429.6875,-89.60923958647084
95570312.5,-89.71026491627345
95575195.3125,-89.65662433935307
95580078.125,-89.65718787289293
95584960.9375,-89.65306151047616
95589843.75,-89.57293870162547
95594726.5625,-89.69253472616779
95599609.375,-89.51273298672896
95604492.1875,-89.5812822177457
95609375.0,-89.42504202136445
95614257.8125,-89.17884084932942
95619140.625,-89.02001949569026
95624023.4375,-88.58664582271638
95628906.25,-87.75239257097266
95633789.0625,-86.11248537809385
95638671.875,-85.18212284532538
95643554.6875,-84.44584905052568
95648437.5,-83.44355078131161
95653320.3125,-82.78669789522559
95658203.125,-81.61490169616363
95663085.9375,-80.79642395143222
95667968.75,-79.44995280692996
95672851.5625,-79.07587042917197
95677734.375,-78.8345068911853
95682617.1875,-79.11243087336499
95687500.0,-79.01227552103427
95692382.8125,-77.99356462424436
95697265.625,-77.1299354600965
95702148.4375,-76.52600156018923
95707031.25,-76.95247761238397
95711914.0625,-77.66231241814299
95716796.875,-78.33488726648264
95721679.6875,-78.87965005640308
95726562.5,-79.68536243014941
95731445.3125,-80.07067151302309
95736328.125,-81.23324112868355
95741210.9375,-82.09778789458599
95746093.75,-82.80033821787106
95750976.5625,-83.78417217805239
95755859.375,-84.59228868204815
95760742.1875,-85.59176180930481
95765625.0,-86.05154010266583
95770507.8125,-87.11799857405379
95775390.625,-88.48606393416586
95780273.4375,-88.9161354505654
95785156.25,-89.04563416398724
95790039.0625,-89.33275414314897
95794921.875,-89.50631488046955
95799804.6875,-89.51576471175918
95804687.5,-89.60888125636583
95809570.3125,-89.66503514289599
95814453.125,-89.52640149220204
95819335.9375,-89.75546169158736
95824218.75,-89.7787609376075
95829101.5625,-89.57001817613636
95833984.375,-89.6894860160632
95838867.1875,-89.55045825573708
95843750.0,-89.68385936084454
95848632.8125,-89.64194498794609
95853515.625,-89.71245913876265
95858398.4375,-89.59235123703306
95863281.25,-89.53679140809817
95868164.0625,-89.73818711020701
95873046.875,-89.70739205887281
95877929.6875,-89.72939272593246
95882812.5,-89.7243380668312
95887695.3125,-89.73292637068357
95892578.125,-89.82510019620011
95897460.9375,-89.66776841643221
95902343.75,-89.75462263667279
95907226.5625,-89.73719910532654
95912109.375,-89.74448421721243
95916992.1875,-89.63300617064786
95921875.0,-89.84629779205551
95926757.8125,-89.59966598506233
95931640.625,-89.68149787128007
95936523.4375,-89.68067814988362
95941406.25,-89.70403544952273
95946289.0625,-89.75489320083719
95951171.875,-89.78328423542021
95956054.6875,-89.63867821212625
95960937.5,-89.61449945609894
95965820.3125,-89.68444149150034
95970703.125,-89.67130555288838
95975585.9375,-89.75102455483326
95980468.75,-89.72488255406782
95985351.5625,-89.6277643873915
95990234.375,-89.67181793373047
95995117.1875,-89.71148023828891
