Frecuencia_Hz,PSD_dBm
98000000.0,-92.85292631960667
98004882.8125,-92.91057265284749
98009765.625,-92.90205099899413
98014648.4375,-92.72676580457767
98019531.25,-92.86005209373843
98024414.0625,-93.00593998155955
98029296.875,-92.88110316133941
98034179.6875,-92.8363149512885
98039062.5,-92.93685984617264
98043945.3125,-92.86857913684801
98048828.125,-92.85251841531687
98053710.9375,-92.82906515260999
98058593.75,-92.89795375540817
98063476.5625,-92.8509587833617
98068359.375,-92.9011591795875
98073242.1875,-92.92269190274538
98078125.0,-92.96191586707064
98083007.8125,-92.85513608415852
98087890.625,-92.98874395479785
98092773.4375,-92.99418479088527
98097656.25,-92.8636365224769
98102539.0625,-92.96402486321949
98107421.875,-92.94636723982941
98112304.6875,-92.91532735018612
98117187.5,-92.82434120595059
98122070.3125,-92.8549354293514
98126953.125,-92.85185082167513
98131835.9375,-92.88956737550063
98136718.75,-92.88611602070614
98141601.5625,-92.84596464438431
98146484.375,-92.98585802310387
98151367.1875,-92.8454758147974
98156250.0,-92.93306417667742
98161132.8125,-92.95687254355269
98166015.625,-92.85042449772166
98170898.4375,-92.8653034723308
98175781.25,-92.8826926056528
98180664.0625,-93.01405326218048
98185546.875,-92.86761852204921
98190429.6875,-92.94769230214843
98195312.5,-92.88094512317693
98200195.3125,-92.90795002112554
98205078.125,-92.98556845631265
98209960.9375,-92.96745535601886
98214843.75,-92.99109882142236
98219726.5625,-92.89880416707507
98224609.375,-92.97558550277859
98229492.1875,-92.86163471524739
98234375.0,-92.89782103577826
98239257.8125,-92.87839253437599
98244140.625,-92.78887659149967
98249023.4375,-92.90066151436005
98253906.25,-92.92386136325743
98258789.0625,-92.96450431561885
98263671.875,-92.79503982142393
98268554.6875,-92.73011691031286
98273437.5,-92.91038770709201
98278320.3125,-92.94715420108619
98283203.125,-93.02047811213237
98288085.9375,-92.99840060495819
98292968.75,-92.87288440088429
98297851.5625,-92.90819036026537
98302734.375,-92.98078851542931
98307617.1875,-92.95762093704604
98312500.0,-92.9556164983274
98317382.8125,-92.92234984511552
98322265.625,-92.90084371348576
98327148.4375,-92.92268805743322
98332031.25,-92.8171638662057
98336914.0625,-92.98233311731437
98341796.875,-92.81722942736494
98346679.6875,-92.98028525557126
98351562.5,-92.9133573790586
98356445.3125,-92.79378597234904
98361328.125,-92.96682671937356
98366210.9375,-92.89935105974081
98371093.75,-92.88913237476007
98375976.5625,-92.99439803959893
98380859.375,-92.90124775651944
98385742.1875,-92.87366115491645
98390625.0,-92.92311101685758
98395507.8125,-92.87052920414581
98400390.625,-92.92035423587026
98405273.4375,-92.93873095426196
98410156.25,-92.91435201761087
98415039.0625,-92.91174890680821
98419921.875,-92.9112575174768
98424804.6875,-92.93291075430548
98429687.5,-92.90225723885075
98434570.3125,-92.91837845169155
98439453.125,-92.93278730786182
98444335.9375,-93.00380068778531
98449218.75,-92.94123533431983
98454101.5625,-92.94903614855
98458984.375,-92.95563722669365
98463867.1875,-92.94519821681288
98468750.0,-92.83234454041553
98473632.8125,-92.92183101771406
98478515.625,-92.90185186133843
98483398.4375,-92.84616234643516
98488281.25,-92.82653573504481
98493164.0625,-92.89818777933922
98498046.875,-92.99072956965648
98502929.6875,-92.89519055486025
98507812.5,-92.74434977348105
98512695.3125,-92.720494013751
98517578.125,-92.80817425644958
98522460.9375,-92.75556601186116
98527343.75,-92.68737873123601
98532226.5625,-92.77134777159722
98537109.375,-92.74211686030787
98541992.1875,-92.5943328569162
98546875.0,-92.64560770920707
98551757.8125,-92.56311473245478
98556640.625,-92.55567096029364
98561523.4375,-92.52054061763556
98566406.25,-92.62686186698173
98571289.0625,-92.56776756372307
98576171.875,-92.45090237264574
98581054.6875,-92.44239028488752
98585937.5,-92.43283548116045
98590820.3125,-92.39236650611087
98595703.125,-92.26122048979096
98600585.9375,-92.22568462376955
98605468.75,-92.19920487239443
98610351.5625,-92.14866423596914
98615234.375,-92.19559235823522
98620117.1875,-92.08595732158778
98625000.0,-92.2271505190975
98629882.8125,-92.2703372978686
98634765.625,-92.33190617891151
98639648.4375,-92.41844395928806
98644531.25,-92.53638637463385
98649414.0625,-92.56007747819669
98654296.875,-92.53145260369473
98659179.6875,-92.63943447588335
98664062.5,-92.63774172826996
98668945.3125,-92.7244114371671
98673828.125,-92.73758045927036
98678710.9375,-92.76644952541142
98683593.75,-92.82114415851095
98688476.5625,-92.80537885198353
98693359.375,-92.7854497942389
98698242.1875,-92.84385048326502
98703125.0,-92.79048968643644
98708007.8125,-92.94030912078847
98712890.625,-92.93787495800271
98717773.4375,-92.81479670622878
98722656.25,-92.81404973378494
98727539.0625,-93.01164880509643
98732421.875,-93.01944511190533
98737304.6875,-92.95377474573252
98742187.5,-92.90976860217788
98747070.3125,-92.96808250335818
98751953.125,-92.87856935009205
98756835.9375,-93.0553199839946
98761718.75,-92.85682468967966
98766601.5625,-92.85506340310314
98771484.375,-92.80733411639957
98776367.1875,-92.90491454847282
98781250.0,-92.93627453199636
98786132.8125,-92.86642275103497
98791015.625,-92.91717663330397
98795898.4375,-92.88435591969352
98800781.25,-92.88931752335304
98805664.0625,-92.8125870719455
98810546.875,-92.94198918021888
98815429.6875,-92.87667429127035
98820312.5,-92.71239089306235
98825195.3125,-92.83513973032206
98830078.125,-92.81361914201665
98834960.9375,-92.79979516785545
98839843.75,-92.75550909820382
98844726.5625,-92.81630568615194
98849609.375,-92.77728459626104
98854492.1875,-92.72327038752658
98859375.0,-92.89361069661524
98864257.8125,-92.88132962897828
98869140.625,-92.80650906637669
98874023.4375,-92.79001321915808
98878906.25,-92.92034845597468
98883789.0625,-92.71055730171736
98888671.875,-92.75757203726317
98893554.6875,-92.7819860854944
98898437.5,-92.8695434909182
98903320.3125,-92.94192634147419
98908203.125,-92.94053961069005
98913085.9375,-92.72956468564689
98917968.75,-92.84457132145269
98922851.5625,-92.8760095595494
98927734.375,-92.86742073018706
98932617.1875,-92.78912032466948
98937500.0,-92.87154110556472
98942382.8125,-92.83300900080371
98947265.625,-92.75689204054493
98952148.4375,-92.75384530419939
98957031.25,-92.9007562102797
98961914.0625,-92.95897731998548
98966796.875,-92.98570372492853
98971679.6875,-92.8908223244301
98976562.5,-92.93624436830495
98981445.3125,-92.91293074706056
98986328.125,-92.96622658791969
98991210.9375,-92.7942078722757
98996093.75,-92.95175607472768
99000976.5625,-92.76283784331693
99005859.375,-92.80865842446613
99010742.1875,-92.82716794788118
99015625.0,-92.8064669815625
99020507.8125,-92.93255471961507
99025390.625,-92.81868994366837
99030273.4375,-92.75153813608748
99035156.25,-92.82085449191206
99040039.0625,-92.73344706071293
99044921.875,-92.77896123400998
99049804.6875,-92.7682391700408
99054687.5,-92.69904758963258
99059570.3125,-92.65791109110876
99064453.125,-92.7477436565477
99069335.9375,-92.58589685691132
99074218.75,-92.72351538511086
99079101.5625,-92.6663852546946
99083984.375,-92.56708396171496
99088867.1875,-92.56725015555014
99093750.0,-92.59128446076025
99098632.8125,-92.73318106179264
99103515.625,-92.63337926507342
99108398.4375,-92.61976538766052
99113281.25,-92.52995136841136
99118164.0625,-92.70345914060326
99123046.875,-92.52231944813391
99127929.6875,-92.57489938586943
99132812.5,-92.54171759382831
99137695.3125,-92.6671297767567
99142578.125,-92.60810247331071
99147460.9375,-92.72825116474868
99152343.75,-92.65252738978643
99157226.5625,-92.71894463266966
99162109.375,-92.65688442524328
99166992.1875,-92.71111347122365
99171875.0,-92.68808881073286
99176757.8125,-92.65703671040643
99181640.625,-92.8217711596092
99186523.4375,-92.74382436774837
99191406.25,-92.84676055246075
99196289.0625,-92.78170293061441
99201171.875,-92.85855532883542
99206054.6875,-92.88087423738085
99210937.5,-92.82325530658693
99215820.3125,-92.65525903409304
99220703.125,-92.86119067066994
99225585.9375,-92.76303374081647
99230468.75,-92.75960386752092
99235351.5625,-92.72953163637095
99240234.375,-92.69979103520382
99245117.1875,-92.82474789324954
99250000.0,-92.85202070626829
99254882.8125,-92.65041042731707
99259765.625,-92.71906120984443
99264648.4375,-92.81745812693524
99269531.25,-92.7146868880316
99274414.0625,-92.77691211865314
99279296.875,-92.69067922125313
99284179.6875,-92.66003891141901
99289062.5,-92.7189858335314
99293945.3125,-92.70601673986906
99298828.125,-92.53978784572658
99303710.9375,-92.65657991099897
99308593.75,-92.62228638922107
99313476.5625,-92.56162679294565
99318359.375,-92.69370890151839
99323242.1875,-92.63445189592284
99328125.0,-92.64094716121758
99333007.8125,-92.5510296060433
99337890.625,-92.53320884544709
99342773.4375,-92.46168555632076
99347656.25,-92.45939925635471
99352539.0625,-92.33768313606177
99357421.875,-92.39663770452785
99362304.6875,-92.4216980120325
99367187.5,-92.28986691016294
99372070.3125,-92.27838000256187
99376953.125,-92.23194522869119
99381835.9375,-92.20122179491827
99386718.75,-91.9768435807865
99391601.5625,-92.02138920731826
99396484.375,-92.11961420549105
99401367.1875,-92.02104241427406
99406250.0,-92.0643423793291
99411132.8125,-92.03261634011471
99416015.625,-92.10352540629347
99420898.4375,-91.94686522213917
99425781.25,-92.13409613666971
99430664.0625,-92.2659344837831
99435546.875,-92.2289208000806
99440429.6875,-92.3880619015049
99445312.5,-92.29208198134202
99450195.3125,-92.3955022592165
99455078.125,-92.41007948397285
99459960.9375,-92.47620038661137
99464843.75,-92.46941632022529
99469726.5625,-92.52345151839864
99474609.375,-92.6200642421415
99479492.1875,-92.63408584558954
99484375.0,-92.62759271661918
99489257.8125,-92.6034230775411
99494140.625,-92.70911677211043
99499023.4375,-92.64012508767604
99503906.25,-92.66225521193269
99508789.0625,-92.71964609695743
99513671.875,-92.67246598785474
99518554.6875,-92.66097433336802
99523437.5,-92.67447007042304
99528320.3125,-92.71020423451182
99533203.125,-92.81460744552817
99538085.9375,-92.80379047719981
99542968.75,-92.74545518878827
99547851.5625,-92.78738788457144
99552734.375,-92.84902582893025
99557617.1875,-92.6349802277108
99562500.0,-92.88547566166693
99567382.8125,-92.8901343708628
99572265.625,-92.84734335488707
99577148.4375,-92.66052802100137
99582031.25,-92.75394054875076
99586914.0625,-92.79105825861649
99591796.875,-92.85068178664784
99596679.6875,-92.81958643505038
99601562.5,-92.7521161325192
99606445.3125,-92.7908687533237
99611328.125,-92.68626152873628
99616210.9375,-92.50583610730726
99621093.75,-92.37708402213923
99625976.5625,-92.54684608741707
99630859.375,-92.48216846672759
99635742.1875,-90.55541787019732
99640625.0,-90.24301064896076
99645507.8125,-90.45597190384913
99650390.625,-91.12368015946024
99655273.4375,-90.8090147653256
99660156.25,-90.51009947802399
99665039.0625,-90.38766967821428
99669921.875,-89.81469177907888
99674804.6875,-89.37787573550582
99679687.5,-87.09501686885966
99684570.3125,-87.44247594066508
99689453.125,-87.41038131612976
99694335.9375,-85.08914269790043
99699218.75,-77.75006830388105
99704101.5625,-81.0276606956898
99708984.375,-85.15239460744243
99713867.1875,-86.09068378742091
99718750.0,-84.12973696193328
99723632.8125,-86.42371812717423
99728515.625,-87.53656453921903
99733398.4375,-87.66380772619948
99738281.25,-88.09148018379699
99743164.0625,-89.15941287512723
99748046.875,-90.09231984593137
99752929.6875,-90.60812470089098
99757812.5,-89.98042792397729
99762695.3125,-90.5724580426999
99767578.125,-92.24607148028022
99772460.9375,-92.39237378813155
99777343.75,-92.37017762886092
99782226.5625,-92.4210909877338
99787109.375,-92.78155802949885
99791992.1875,-92.67817773466894
99796875.0,-92.8162630513574
99801757.8125,-92.749951192905
99806640.625,-92.94745815989884
99811523.4375,-92.80714368571896
99816406.25,-92.78780731791485
99821289.0625,-92.88266843152712
99826171.875,-92.80890910258253
99831054.6875,-92.8531273480591
99835937.5,-92.84727213276906
99840820.3125,-92.79285992002644
99845703.125,-92.80964618612876
99850585.9375,-92.8478514612427
99855468.75,-92.74558581306627
99860351.5625,-92.82097665332012
99865234.375,-92.71978580286597
99870117.1875,-92.85462675703363
99875000.0,-92.85286350586264
99879882.8125,-92.8857357373106
99884765.625,-92.76170898455976
99889648.4375,-92.92624313757455
99894531.25,-92.83950685030544
99899414.0625,-92.95661974062799
99904296.875,-92.788437188361
99909179.6875,-92.80804580911143
99914062.5,-92.79252991015193
99918945.3125,-92.94211988554383
99923828.125,-92.91751839073993
99928710.9375,-92.79350461958936
99933593.75,-92.86699785460985
99938476.5625,-92.73549212826256
99943359.375,-92.81235927975987
99948242.1875,-92.8006817489989
99953125.0,-92.77540301887637
99958007.8125,-92.8664586936091
99962890.625,-92.89082973898334
99967773.4375,-92.73497041452958
99972656.25,-92.82431672418997
99977539.0625,-92.66218241457656
99982421.875,-92.7235117389315
99987304.6875,-92.7395770853393
99992187.5,-92.81444035476343
99997070.3125,-92.75693334564954
100001953.125,-92.60130761093794
100006835.9375,-92.82155803742813
100011718.75,-92.74102141545899
100016601.5625,-92.75865313629151
100021484.375,-92.78015058004922
100026367.1875,-92.81647072749377
100031250.0,-92.75386062769593
100036132.8125,-92.75654150778897
100041015.625,-92.78984283179011
100045898.4375,-92.79159478314119
100050781.25,-92.7198546667216
100055664.0625,-92.77679430537393
100060546.875,-92.83316248233825
100065429.6875,-92.79298279482705
100070312.5,-92.87287516204123
100075195.3125,-92.86108523981869
100080078.125,-92.78325852681363
100084960.9375,-92.95360681280934
100089843.75,-92.73910101642105
100094726.5625,-92.75262801895761
100099609.375,-92.79679048323408
100104492.1875,-92.84845274098569
100109375.0,-92.77863548729411
100114257.8125,-92.83318823712514
100119140.625,-92.91511132607695
100124023.4375,-92.7262861120266
100128906.25,-92.88770483455605
100133789.0625,-92.69679233357587
100138671.875,-92.79509118922607
100143554.6875,-92.85506101504006
100148437.5,-92.95949938690921
100153320.3125,-92.74107427897835
100158203.125,-92.79395685753553
100163085.9375,-92.77001690512486
100167968.75,-92.95580820731243
100172851.5625,-92.85760128524655
100177734.375,-92.72395444151365
100182617.1875,-92.90047137302551
100187500.0,-92.76629703399885
100192382.8125,-92.88631069318774
100197265.625,-92.69709015529773
100202148.4375,-92.8025244028795
100207031.25,-92.73208312163862
100211914.0625,-92.8366440677101
100216796.875,-92.92674115115693
100221679.6875,-92.84958077939683
100226562.5,-92.80159861249706
100231445.3125,-92.8124446877639
100236328.125,-92.77684099405798
100241210.9375,-92.83632642891226
100246093.75,-92.84120076309074
100250976.5625,-92.9748322360343
100255859.375,-92.72722303863827
100260742.1875,-92.70367522632642
100265625.0,-92.76359163049784
100270507.8125,-92.8024053315884
100275390.625,-92.82607950399299
100280273.4375,-92.69079693748802
100285156.25,-92.70490201702864
100290039.0625,-92.73186521115724
100294921.875,-92.73686911056475
100299804.6875,-92.68500521436772
100304687.5,-92.75395213579401
100309570.3125,-92.89335990537168
100314453.125,-92.87563846847848
100319335.9375,-92.66397114752903
100324218.75,-92.93037123972641
100329101.5625,-92.70082746250048
100333984.375,-92.77925320607778
100338867.1875,-92.86865266476235
100343750.0,-92.87825366918617
100348632.8125,-92.8154716365861
100353515.625,-92.82143319144149
100358398.4375,-92.74237107639382
100363281.25,-92.92501059108446
100368164.0625,-92.77559657622444
100373046.875,-92.8120247411523
100377929.6875,-92.73156109131202
100382812.5,-92.88755227899586
100387695.3125,-92.74349641873818
100392578.125,-92.81627166994247
100397460.9375,-92.79629666264228
100402343.75,-92.87192750674012
100407226.5625,-92.84929163214605
100412109.375,-92.8006718189549
100416992.1875,-92.83024942205668
100421875.0,-92.78485463171845
100426757.8125,-92.8332982468813
100431640.625,-92.83290212989417
100436523.4375,-92.8589966966496
100441406.25,-92.75689353524146
100446289.0625,-92.74811198464303
100451171.875,-92.81474734969743
100456054.6875,-92.83573527872989
100460937.5,-92.76678868869448
100465820.3125,-92.87251054468419
100470703.125,-92.80888655432855
100475585.9375,-92.70035448625305
100480468.75,-92.75920344969396
100485351.5625,-92.67803102853631
100490234.375,-92.78075829854828
100495117.1875,-92.77598354078773
100500000.0,-92.60105496256224
100504882.8125,-92.6041980296105
100509765.625,-92.6363436628692
100514648.4375,-92.52985069262147
100519531.25,-92.42514462221556
100524414.0625,-92.34114371963943
100529296.875,-92.40140367064424
100534179.6875,-92.4315294484966
100539062.5,-92.26003345951943
100543945.3125,-92.21346768427733
100548828.125,-92.06712003904599
100553710.9375,-92.08084655722078
100558593.75,-91.92937870435665
100563476.5625,-91.80609341304199
100568359.375,-91.68895000747202
100573242.1875,-91.6153672937337
100578125.0,-91.6624271042268
100583007.8125,-91.56790048662822
100587890.625,-91.34325169893748
100592773.4375,-91.40223587026094
100597656.25,-91.33656421368076
100602539.0625,-91.40427354268778
100607421.875,-91.36226651128524
100612304.6875,-91.4104786633099
100617187.5,-91.60817469255045
100622070.3125,-91.73187231723344
100626953.125,-91.93378038367933
100631835.9375,-91.97193931294603
100636718.75,-92.1175656337328
100641601.5625,-92.11914723155135
100646484.375,-92.27305096846902
100651367.1875,-92.37138387057175
100656250.0,-92.3330900525105
100661132.8125,-92.40020891086996
100666015.625,-92.51558381394909
100670898.4375,-92.48282058538132
100675781.25,-92.57337033533884
100680664.0625,-92.65444911124658
100685546.875,-92.63371705759701
100690429.6875,-92.6688343781521
100695312.5,-92.77103986551299
100700195.3125,-92.80530900060023
100705078.125,-92.88444599838519
100709960.9375,-92.81922612723525
100714843.75,-92.83726675447267
100719726.5625,-92.82793369389844
100724609.375,-92.91923723232244
100729492.1875,-92.78762453503592
100734375.0,-92.8488195632448
100739257.8125,-92.86221446220188
100744140.625,-92.85402375160322
100749023.4375,-92.80352955387451
100753906.25,-92.89123186626401
100758789.0625,-92.88702509009258
100763671.875,-92.87922387137164
100768554.6875,-92.83259136878686
100773437.5,-92.77880024852044
100778320.3125,-92.75705423879631
100783203.125,-92.84397630824805
100788085.9375,-92.86333530354176
100792968.75,-92.79560630518557
100797851.5625,-92.81588555901536
100802734.375,-92.84518411418833
100807617.1875,-92.85969250668668
100812500.0,-92.76613641960859
100817382.8125,-92.8715350534448
100822265.625,-92.87469978328306
100827148.4375,-92.87247927650085
100832031.25,-92.85889659796473
100836914.0625,-92.79473336245633
100841796.875,-92.92188559486422
100846679.6875,-92.93215875305893
100851562.5,-92.89240768288576
100856445.3125,-92.84259240115932
100861328.125,-92.9135063104359
100866210.9375,-92.87778218612075
100871093.75,-92.89334471536063
100875976.5625,-92.88741977940253
100880859.375,-92.75945576198856
100885742.1875,-92.81833587232808
100890625.0,-92.90342958459664
100895507.8125,-92.88294035987042
100900390.625,-92.89614575533187
100905273.4375,-92.73969729205191
100910156.25,-92.88803590572397
100915039.0625,-92.85402561024677
100919921.875,-92.92875256041776
100924804.6875,-92.80449201990874
100929687.5,-92.89017918762207
100934570.3125,-92.81697498056562
100939453.125,-92.81859386120581
100944335.9375,-92.94257690606486
100949218.75,-92.82207270128526
100954101.5625,-92.90278486468847
100958984.375,-92.8972871334908
100963867.1875,-92.8357957356651
100968750.0,-92.97579938356299
100973632.8125,-92.86702929727548
100978515.625,-92.80370163684407
100983398.4375,-92.74762869793724
100988281.25,-92.9151734751648
100993164.0625,-92.86635961306837
100998046.875,-92.90750328899153
101002929.6875,-92.91019430359461
101007812.5,-92.75036559487182
101012695.3125,-92.74034196833239
101017578.125,-92.971458695911
101022460.9375,-92.79400745900406
101027343.75,-92.86396550044347
101032226.5625,-92.74454290243557
101037109.375,-92.79393704766
101041992.1875,-92.77066814783961
101046875.0,-92.96399477602625
101051757.8125,-92.85397228000159
101056640.625,-92.80933360635095
101061523.4375,-92.76048052055555
101066406.25,-92.91323130880616
101071289.0625,-92.74991221015395
101076171.875,-92.83083863988742
101081054.6875,-92.87148695562843
101085937.5,-92.70457376310225
101090820.3125,-92.78674712240328
101095703.125,-92.87054773491565
101100585.9375,-92.7318689414663
101105468.75,-92.69131378509121
101110351.5625,-92.59212478495064
101115234.375,-92.57981305376293
101120117.1875,-92.29499696253751
101125000.0,-92.4044688056569
101129882.8125,-92.04882511024528
101134765.625,-91.6628738775849
101139648.4375,-91.41433837777083
101144531.25,-90.99678696950951
101149414.0625,-90.61487169344292
101154296.875,-90.16303746055624
101159179.6875,-89.7802736297864
101164062.5,-89.3911516723906
101168945.3125,-89.21701912530997
101173828.125,-88.99434088295092
101178710.9375,-89.10072555147673
101183593.75,-89.05928224354244
101188476.5625,-89.0980504699757
101193359.375,-89.08488093492588
101198242.1875,-89.48264582677376
101203125.0,-89.68324009952107
101208007.8125,-90.29892771733415
101212890.625,-90.71653492316568
101217773.4375,-90.99709412666354
101222656.25,-91.02883911893247
101227539.0625,-91.11215989859687
101232421.875,-91.31105695966619
101237304.6875,-91.66773196745706
101242187.5,-91.86968799437338
101247070.3125,-91.92186662270558
101251953.125,-92.04614400246749
101256835.9375,-92.15812544744787
101261718.75,-92.43786435909567
101266601.5625,-92.59337374690608
101271484.375,-92.64074655131401
101276367.1875,-92.58561225658025
101281250.0,-92.74949646394742
101286132.8125,-92.69549056240396
101291015.625,-92.58285758685187
101295898.4375,-92.4884487167119
101300781.25,-92.43017812240365
101305664.0625,-92.5012116806289
101310546.875,-92.46708208596439
101315429.6875,-92.42027846341372
101320312.5,-92.3795672169704
101325195.3125,-92.38374694753585
101330078.125,-92.20507706243771
101334960.9375,-92.22439795455679
101339843.75,-92.20644700908619
101344726.5625,-92.01500514691972
101349609.375,-92.03465475875558
101354492.1875,-92.0078574540517
101359375.0,-91.95436167008859
101364257.8125,-91.86916062508931
101369140.625,-91.85961070320192
101374023.4375,-91.90104344803845
101378906.25,-91.77604088278224
101383789.0625,-91.70796915232097
101388671.875,-91.83272934714583
101393554.6875,-91.86242485639897
101398437.5,-91.89706242114875
101403320.3125,-91.95887748231809
101408203.125,-92.0947114566635
101413085.9375,-92.17813821912168
101417968.75,-92.12582843955764
101422851.5625,-92.30602348076528
101427734.375,-92.15437801703558
101432617.1875,-92.25121829031474
101437500.0,-92.23314214046394
101442382.8125,-92.32920126593069
101447265.625,-92.36275132901841
101452148.4375,-92.35405363995253
101457031.25,-92.35073699499654
101461914.0625,-92.5335622395801
101466796.875,-92.57584795989786
101471679.6875,-92.46013637327425
101476562.5,-92.55114078906698
101481445.3125,-92.68818898226624
101486328.125,-92.65539971714327
101491210.9375,-92.65606000753229
101496093.75,-92.65920585949641
101500976.5625,-92.74485975634002
101505859.375,-92.73718162971161
101510742.1875,-92.73125947328012
101515625.0,-92.83589524108808
101520507.8125,-92.83983503048313
101525390.625,-92.76264400562494
101530273.4375,-92.86905419306476
101535156.25,-92.7733100889327
101540039.0625,-92.75680028247027
101544921.875,-92.93679894817151
101549804.6875,-92.79145125213947
101554687.5,-92.94683524722723
101559570.3125,-92.97017908584681
101564453.125,-92.81245491694443
101569335.9375,-92.89673546281608
101574218.75,-92.80505079513239
101579101.5625,-92.83720574032861
101583984.375,-92.91233805340792
101588867.1875,-92.8271473370859
101593750.0,-92.79964246234297
101598632.8125,-92.85462714262553
101603515.625,-92.86688649034838
101608398.4375,-92.9200387372307
101613281.25,-92.79813584435783
101618164.0625,-92.82890080129414
101623046.875,-92.61953551369425
101627929.6875,-92.71010922479385
101632812.5,-92.76557742809206
101637695.3125,-92.83916801166467
101642578.125,-92.77046625920744
101647460.9375,-92.65921811576783
101652343.75,-92.67113659153753
101657226.5625,-92.76566842073993
101662109.375,-92.59632168634428
101666992.1875,-92.46155122449969
101671875.0,-92.19214259600625
101676757.8125,-91.84710668653642
101681640.625,-91.38804032199715
101686523.4375,-90.53521902572578
101691406.25,-90.08149835868207
101696289.0625,-89.57421990579644
101701171.875,-88.57077550066859
101706054.6875,-88.71572113332746
101710937.5,-88.75237337734657
101715820.3125,-89.19333258140097
101720703.125,-90.1535806576953
101725585.9375,-91.12708218590669
101730468.75,-91.22077156726814
101735351.5625,-91.38809910641842
101740234.375,-91.38657531134146
101745117.1875,-91.17278359332039
101750000.0,-91.57111953180808
101754882.8125,-91.74669029748972
101759765.625,-92.00881857965891
101764648.4375,-92.22109064366538
101769531.25,-92.469276999258
101774414.0625,-92.59094270262594
101779296.875,-92.6520031924934
101784179.6875,-92.8027322779979
101789062.5,-92.75985701008256
101793945.3125,-92.87988996820098
101798828.125,-92.86131885819665
101803710.9375,-92.8793207218047
101808593.75,-92.92243133785948
101813476.5625,-93.00039620804077
101818359.375,-92.79428049490235
101823242.1875,-92.83904200996889
101828125.0,-92.85436211243987
101833007.8125,-92.88493064114766
101837890.625,-92.98178548196685
101842773.4375,-92.88791427466091
101847656.25,-92.90095512869252
101852539.0625,-92.95547280638147
101857421.875,-92.76245700989361
101862304.6875,-92.89509065618358
101867187.5,-92.95536854897523
101872070.3125,-92.7905169016328
101876953.125,-92.78214094099184
101881835.9375,-92.88782292769417
101886718.75,-92.87508864910066
101891601.5625,-92.9047317918675
101896484.375,-92.86668580239149
101901367.1875,-92.85962533426894
101906250.0,-92.90499519009754
101911132.8125,-92.82449580600758
101916015.625,-92.71426842192992
101920898.4375,-92.8141198329003
101925781.25,-92.83208922983812
101930664.0625,-92.72934504751743
101935546.875,-92.89495646727818
101940429.6875,-92.7892132172349
101945312.5,-92.754622431663
101950195.3125,-92.80619469440515
101955078.125,-92.68336598911978
101959960.9375,-92.59917915246743
101964843.75,-92.77444147440772
101969726.5625,-92.68654100878857
101974609.375,-92.82261200972226
101979492.1875,-92.6955379101928
101984375.0,-92.5130271155042
101989257.8125,-92.75476884160463
101994140.625,-92.49929431325998
101999023.4375,-92.30458236867878
102003906.25,-92.35331566493895
102008789.0625,-92.30303325653938
102013671.875,-92.23993740626918
102018554.6875,-92.21208586854968
102023437.5,-92.26682512817422
102028320.3125,-92.34633464338538
102033203.125,-92.28640931791819
102038085.9375,-92.36405198423051
102042968.75,-92.45290894846804
102047851.5625,-92.4757381664034
102052734.375,-92.39382475437918
102057617.1875,-92.53028312729262
102062500.0,-92.59965033843739
102067382.8125,-92.63644267121288
102072265.625,-92.67065506019901
102077148.4375,-92.69339863870212
102082031.25,-92.68609444031651
102086914.0625,-92.86102349530671
102091796.875,-92.62363958149828
102096679.6875,-92.78394838086342
102101562.5,-92.80935376482131
102106445.3125,-92.72324424130255
102111328.125,-92.82912659198405
102116210.9375,-92.88473638083371
102121093.75,-92.78292896323143
102125976.5625,-92.88862553470415
102130859.375,-92.87752723883995
102135742.1875,-92.77579762505158
102140625.0,-92.73345371547893
102145507.8125,-92.92523296612805
102150390.625,-92.83781182739659
102155273.4375,-92.89101641606092
102160156.25,-92.77219451212059
102165039.0625,-92.87174612323392
102169921.875,-92.87134101789928
102174804.6875,-92.80916701056364
102179687.5,-92.89224428251038
102184570.3125,-92.9015919042316
102189453.125,-92.94417400242452
102194335.9375,-92.85900145763515
102199218.75,-92.94694572501072
102204101.5625,-92.85462511699404
102208984.375,-92.85932107865219
102213867.1875,-92.81188244009411
102218750.0,-92.86402927965818
102223632.8125,-92.76057894017862
102228515.625,-92.83264234283149
102233398.4375,-92.79880855436892
102238281.25,-92.8224676891733
102243164.0625,-92.70840113551606
102248046.875,-92.83074808557012
102252929.6875,-92.8528132298361
102257812.5,-92.8642198747761
102262695.3125,-92.82197308319871
102267578.125,-92.85430423851142
102272460.9375,-92.81622848212126
102277343.75,-92.75997901387606
102282226.5625,-92.72726922701372
102287109.375,-92.93791665787006
102291992.1875,-92.85755591639057
102296875.0,-92.8051495165561
102301757.8125,-92.91240218986965
102306640.625,-92.88910997793562
102311523.4375,-92.90036110145968
102316406.25,-92.80317823680923
102321289.0625,-92.90220154600172
102326171.875,-92.83918599964005
102331054.6875,-92.77418885686419
102335937.5,-92.77733626339483
102340820.3125,-92.69551918227842
102345703.125,-92.79742586164713
102350585.9375,-92.86646645739887
102355468.75,-92.91588569088054
102360351.5625,-92.8621570830467
102365234.375,-92.96209409939158
102370117.1875,-92.70383598275234
102375000.0,-92.87072197161609
102379882.8125,-92.78612743737685
102384765.625,-92.87697945154858
102389648.4375,-92.97272662770814
102394531.25,-92.84696877359852
102399414.0625,-92.80214485824527
102404296.875,-92.86861541762468
102409179.6875,-92.77152134264165
102414062.5,-92.82422169995436
102418945.3125,-92.96847350705264
102423828.125,-92.7728487470958
102428710.9375,-92.84480988470366
102433593.75,-92.841760502191
102438476.5625,-92.92175283039364
102443359.375,-92.81962742947547
102448242.1875,-92.87826940390912
102453125.0,-92.91140436063353
102458007.8125,-92.95056838002296
102462890.625,-92.89261135208011
102467773.4375,-92.79748642862577
102472656.25,-92.71991338610621
102477539.0625,-92.80313992107429
102482421.875,-92.8904412694954
102487304.6875,-92.83780162288477
102492187.5,-92.81116035671312
102497070.3125,-92.91018521073818
102501953.125,-92.9547567885073
102506835.9375,-92.82643925600124
102511718.75,-92.77153192244467
102516601.5625,-92.6892243069671
102521484.375,-92.79738581437789
102526367.1875,-92.77324766745642
102531250.0,-92.78564128576858
102536132.8125,-92.84410782464084
102541015.625,-92.83172596231219
102545898.4375,-92.80298171195443
102550781.25,-92.78665819710386
102555664.0625,-92.76665375978169
102560546.875,-92.73913433614868
102565429.6875,-92.76196565748756
102570312.5,-92.66877552067328
102575195.3125,-92.68093242756092
102580078.125,-92.68933108416132
102584960.9375,-92.52899314330674
102589843.75,-92.5750843290783
102594726.5625,-92.58282802241237
102599609.375,-92.68659102527738
102604492.1875,-92.63012706919187
102609375.0,-92.7591778338423
102614257.8125,-92.79221319619754
102619140.625,-92.79480298099489
102624023.4375,-92.84959260173633
102628906.25,-92.73505443436284
102633789.0625,-92.77547695525689
102638671.875,-92.78223716201026
102643554.6875,-92.79973714286695
102648437.5,-92.69631805242008
102653320.3125,-92.83210914234363
102658203.125,-92.93678362682019
102663085.9375,-92.90648973989803
102667968.75,-92.919204110364
102672851.5625,-92.64522166032779
102677734.375,-92.87388537176327
102682617.1875,-92.7802290495435
102687500.0,-92.82299119681852
102692382.8125,-92.84009778634507
102697265.625,-92.78948925315225
102702148.4375,-92.72680958166305
102707031.25,-92.73652301554239
102711914.0625,-92.74771419788985
102716796.875,-92.78045305617059
102721679.6875,-92.78976782646401
102726562.5,-92.84158234859768
102731445.3125,-92.80228273427775
102736328.125,-92.78496119913396
102741210.9375,-92.88069206490786
102746093.75,-93.03846781657597
102750976.5625,-92.85543190414737
102755859.375,-92.74551528894978
102760742.1875,-92.90669817129032
102765625.0,-92.870175760293
102770507.8125,-92.81010038012587
102775390.625,-92.86452338261705
102780273.4375,-92.79342159214687
102785156.25,-92.70988541808927
102790039.0625,-92.78202689085785
102794921.875,-92.8569126348842
102799804.6875,-92.81030564340602
102804687.5,-92.80475799576078
102809570.3125,-92.72468098570701
102814453.125,-92.72238172687182
102819335.9375,-92.74067913353727
102824218.75,-92.76573835321565
102829101.5625,-92.84836625961893
102833984.375,-92.87204575308053
102838867.1875,-92.93637484199294
102843750.0,-92.86414697322112
102848632.8125,-92.74815218366345
102853515.625,-92.78752579015284
102858398.4375,-92.70847365159301
102863281.25,-92.87314905803618
102868164.0625,-92.61123103875465
102873046.875,-92.7714563660918
102877929.6875,-92.70390350726186
102882812.5,-92.71077562807773
102887695.3125,-92.69503067495737
102892578.125,-92.75375573416707
102897460.9375,-92.72662723328102
102902343.75,-92.73834573071272
102907226.5625,-92.63297568054867
102912109.375,-92.70805244226753
102916992.1875,-92.75899527820246
102921875.0,-92.66701933622647
102926757.8125,-92.76828093411854
102931640.625,-92.75492663371958
102936523.4375,-92.77190724794139
102941406.25,-92.76325821670187
102946289.0625,-92.66863485662785
102951171.875,-92.74754363357926
102956054.6875,-92.68320885115858
102960937.5,-92.75293658693363
102965820.3125,-92.7943618716123
102970703.125,-92.87400809765222
102975585.9375,-92.78856451368023
102980468.75,-92.89446896164989
102985351.5625,-92.80947499041372
102990234.375,-92.87864205784044
102995117.1875,-92.77540654599017
103000000.0,-92.75117303981577
103004882.8125,-92.89183375865031
103009765.625,-92.72407290918576
103014648.4375,-92.87067318981204
103019531.25,-92.7055823710831
103024414.0625,-92.75814879363003
103029296.875,-92.82848122368702
103034179.6875,-92.77450331692208
103039062.5,-92.84632301025746
103043945.3125,-92.83172812853743
103048828.125,-92.80233261245522
103053710.9375,-92.79086809235633
103058593.75,-92.81303711241455
103063476.5625,-92.7626676576773
103068359.375,-92.69704051360264
103073242.1875,-92.75424179630369
103078125.0,-92.75079071743806
103083007.8125,-92.77904082618838
103087890.625,-92.6828924915639
103092773.4375,-92.71250808520227
103097656.25,-92.55383499341244
103102539.0625,-92.76920630644605
103107421.875,-92.73026345053557
103112304.6875,-92.73295351064297
103117187.5,-92.70177323796881
103122070.3125,-92.66041271326276
103126953.125,-92.76844921622634
103131835.9375,-92.73185851838377
103136718.75,-92.71652413429064
103141601.5625,-92.62552811962627
103146484.375,-92.64101162407488
103151367.1875,-92.65022469261996
103156250.0,-92.84015355541368
103161132.8125,-92.6274368365232
103166015.625,-92.7780425230842
103170898.4375,-92.72727238942511
103175781.25,-92.87792591741206
103180664.0625,-92.80579859678593
103185546.875,-92.81599043777817
103190429.6875,-92.8348011701948
103195312.5,-92.81634186360523
103200195.3125,-92.82393291184962
103205078.125,-92.79926639962932
103209960.9375,-92.83046871980395
103214843.75,-92.90833810296542
103219726.5625,-92.84158842291413
103224609.375,-92.74818313445988
103229492.1875,-92.67736094496223
103234375.0,-92.83470087778323
103239257.8125,-92.79343574540073
103244140.625,-92.87268861767973
103249023.4375,-92.79372259031038
103253906.25,-92.72922260426657
103258789.0625,-92.63259586449746
103263671.875,-92.73984326823549
103268554.6875,-92.73828247579175
103273437.5,-92.77595546453315
103278320.3125,-92.70092085584412
103283203.125,-92.62023586383356
103288085.9375,-92.75245337889461
103292968.75,-92.80119387458109
103297851.5625,-92.68683340280745
103302734.375,-92.7890771047222
103307617.1875,-92.87559443020993
103312500.0,-92.72558817281327
103317382.8125,-92.69704019343453
103322265.625,-92.62505787202812
103327148.4375,-92.73990818220665
103332031.25,-92.70928847325297
103336914.0625,-92.6137909291347
103341796.875,-92.62349711407856
103346679.6875,-92.79619739440474
103351562.5,-92.6569177304535
103356445.3125,-92.68031154067683
103361328.125,-92.7224310951215
103366210.9375,-92.67868442727718
103371093.75,-92.59794559216078
103375976.5625,-92.69928224330789
103380859.375,-92.73859077279064
103385742.1875,-92.63347116432476
103390625.0,-92.76574091579516
103395507.8125,-92.8052458015602
103400390.625,-92.7874200777571
103405273.4375,-92.79614402011885
103410156.25,-92.76987499766966
103415039.0625,-92.79243455192423
103419921.875,-92.82160795966226
103424804.6875,-92.70005028392191
103429687.5,-92.76627682138809
103434570.3125,-92.73098464478159
103439453.125,-92.6848243722263
103444335.9375,-92.78067252680361
103449218.75,-92.81934806863836
103454101.5625,-92.82179841567716
103458984.375,-92.83401619104586
103463867.1875,-92.67874361693026
103468750.0,-92.77220903247425
103473632.8125,-92.70018487803759
103478515.625,-92.6071410068302
103483398.4375,-92.77863561332583
103488281.25,-92.61495760590424
103493164.0625,-92.67044727446671
103498046.875,-92.7795918542931
103502929.6875,-92.7323649166878
103507812.5,-92.5519389868974
103512695.3125,-92.65967381651842
103517578.125,-92.71751900905804
103522460.9375,-92.7046490651563
103527343.75,-92.67810061204398
103532226.5625,-92.67194254053078
103537109.375,-92.59210391114325
103541992.1875,-92.80972803868727
103546875.0,-92.56943185756393
103551757.8125,-92.7708975447477
103556640.625,-92.6963495369624
103561523.4375,-92.70677237647553
103566406.25,-92.65938435072195
103571289.0625,-92.64483924772665
103576171.875,-92.54608653379773
103581054.6875,-92.66035270061596
103585937.5,-92.47950285744966
103590820.3125,-92.40539829777094
103595703.125,-91.92500783245944
103600585.9375,-91.1740866531442
103605468.75,-90.26219587991977
103610351.5625,-89.63557177713471
103615234.375,-89.28644602056823
103620117.1875,-88.59639364711401
103625000.0,-87.97099772361548
103629882.8125,-87.60144928395104
103634765.625,-87.55230243101954
103639648.4375,-87.18969517161128
103644531.25,-86.5200162866642
103649414.0625,-85.88389718088439
103654296.875,-85.34301190763759
103659179.6875,-84.90367890538377
103664062.5,-84.45905105445414
103668945.3125,-83.94766980454338
103673828.125,-83.33750867964142
103678710.9375,-82.50338594035597
103683593.75,-82.0789955925678
103688476.5625,-81.51345901141806
103693359.375,-81.1039651787595
103698242.1875,-81.01646337111032
103703125.0,-80.77254044912743
103708007.8125,-80.87027019732264
103712890.625,-81.21610608353032
103717773.4375,-81.753128115631
103722656.25,-82.50053268109721
103727539.0625,-83.03977313869845
103732421.875,-83.73491344091559
103737304.6875,-84.21183474083082
103742187.5,-84.79362922467104
103747070.3125,-85.74907622276575
103751953.125,-86.18909671912917
103756835.9375,-86.68875449853363
103761718.75,-86.76845428136869
103766601.5625,-86.94245276896805
103771484.375,-87.41103071432656
103776367.1875,-88.21559175815818
103781250.0,-89.12868739931949
103786132.8125,-89.14087151911829
103791015.625,-89.7178782250146
103795898.4375,-90.42096025436598
103800781.25,-91.22204259495709
103805664.0625,-92.17705650495
103810546.875,-92.46047153954842
103815429.6875,-92.59421310171996
103820312.5,-92.71662248802392
103825195.3125,-92.81181162248976
103830078.125,-92.89924019336587
103834960.9375,-92.7747975086084
103839843.75,-92.66115161974088
103844726.5625,-92.7762427722848
103849609.375,-92.70849430939361
103854492.1875,-92.94507253437138
103859375.0,-92.75164437949275
103864257.8125,-92.82813276317452
103869140.625,-92.74875780651035
103874023.4375,-92.7216544790729
103878906.25,-92.88107099530168
103883789.0625,-92.81340984687051
103888671.875,-92.917352504966
103893554.6875,-92.78476954173297
103898437.5,-92.74052933684126
103903320.3125,-92.7301735749472
103908203.125,-92.60611620180322
103913085.9375,-92.56760131561344
103917968.75,-92.61438639710201
103922851.5625,-92.59472350399474
103927734.375,-92.55716730568477
103932617.1875,-92.51631241546309
103937500.0,-92.45377737896337
103942382.8125,-92.46258263377817
103947265.625,-92.19116961648643
103952148.4375,-92.23145410073334
103957031.25,-92.14672272848631
103961914.0625,-92.04847044399483
103966796.875,-91.90738284542573
103971679.6875,-91.82111313806652
103976562.5,-91.64325759494207
103981445.3125,-91.61016459331984
103986328.125,-91.32191320654815
103991210.9375,-91.35395446787766
103996093.75,-91.24006261902284
104000976.5625,-91.20566714173842
104005859.375,-91.2816984746247
104010742.1875,-91.36049760472017
104015625.0,-91.28689703784877
104020507.8125,-91.42085511787653
104025390.625,-91.57106567519949
104030273.4375,-91.64091850085626
104035156.25,-91.88548192902482
104040039.0625,-92.0068676404878
104044921.875,-91.96004248523002
104049804.6875,-92.06647933425384
104054687.5,-92.22274807088726
104059570.3125,-92.30533415582755
104064453.125,-92.41651301026374
104069335.9375,-92.44236537724223
104074218.75,-92.42684343379153
104079101.5625,-92.48055416361694
104083984.375,-92.60476747713176
104088867.1875,-92.56390437537021
104093750.0,-92.69453368577717
104098632.8125,-92.73648532392679
104103515.625,-92.7437840377533
104108398.4375,-92.76871764533416
104113281.25,-92.74066917049288
104118164.0625,-92.82116063488795
104123046.875,-92.83584677437969
104127929.6875,-92.7601696700506
104132812.5,-92.86552986397271
104137695.3125,-92.8848562360755
104142578.125,-92.98556411171143
104147460.9375,-92.81471920599722
104152343.75,-92.92831353812562
104157226.5625,-92.88920183181256
104162109.375,-92.90293125837141
104166992.1875,-92.83942638113339
104171875.0,-92.84261911077334
104176757.8125,-92.94830601799538
104181640.625,-92.84898673295629
104186523.4375,-92.87923541169212
104191406.25,-92.78254371564233
104196289.0625,-92.83882378242146
104201171.875,-92.98295150532357
104206054.6875,-92.86659845212617
104210937.5,-92.76189079168208
104215820.3125,-92.85091225507219
104220703.125,-92.79911904435627
104225585.9375,-92.76163314982301
104230468.75,-92.81902258203255
104235351.5625,-92.81047555013225
104240234.375,-92.85433397926326
104245117.1875,-92.85322754619531
104250000.0,-92.9245617136333
104254882.8125,-92.82687684925139
104259765.625,-92.8170155669059
104264648.4375,-92.78922926687619
104269531.25,-92.83526458028359
104274414.0625,-92.82671023409512
104279296.875,-92.79235952664732
104284179.6875,-92.74813409236972
104289062.5,-92.85031926564457
104293945.3125,-92.83223120837229
104298828.125,-92.83083190849251
104303710.9375,-92.84546241587441
104308593.75,-92.78354725894894
104313476.5625,-92.87777739880966
104318359.375,-92.8046449465345
104323242.1875,-92.90339000938164
104328125.0,-92.84513710059394
104333007.8125,-92.81983002742442
104337890.625,-92.73733555197151
104342773.4375,-92.88642321594051
104347656.25,-92.90958461522129
104352539.0625,-92.95270795709695
104357421.875,-92.83996948271206
104362304.6875,-92.87565019001701
104367187.5,-92.91009202076177
104372070.3125,-92.97983206768887
104376953.125,-92.76137274666519
104381835.9375,-92.87934856075088
104386718.75,-92.89484423821409
104391601.5625,-92.85097230397722
104396484.375,-92.88283933001361
104401367.1875,-92.9318168307118
104406250.0,-92.91797818170221
104411132.8125,-92.85717447658962
104416015.625,-92.84701370303333
104420898.4375,-92.91333525923645
104425781.25,-92.76027437396894
104430664.0625,-92.82095755509357
104435546.875,-92.77559637378826
104440429.6875,-92.95155220819066
104445312.5,-92.847696851931
104450195.3125,-92.84593883833762
104455078.125,-92.88605651728926
104459960.9375,-92.86394908310729
104464843.75,-92.85381092557006
104469726.5625,-92.86206461459332
104474609.375,-92.89388026822081
104479492.1875,-92.74264079933306
104484375.0,-92.84857659225679
104489257.8125,-92.97955912061298
104494140.625,-92.86462796344065
104499023.4375,-92.91192037207514
104503906.25,-92.86322535915156
104508789.0625,-92.95078620891735
104513671.875,-92.84106965680883
104518554.6875,-92.87610277500937
104523437.5,-92.66466695611402
104528320.3125,-92.71654992310624
104533203.125,-92.87068075381143
104538085.9375,-92.79610990273466
104542968.75,-92.7647387315669
104547851.5625,-92.74269161265269
104552734.375,-92.66229819613375
104557617.1875,-92.88901141984641
104562500.0,-92.74449429754947
104567382.8125,-92.70766391159128
104572265.625,-92.54913849002173
104577148.4375,-92.58731611659664
104582031.25,-92.56431157335001
104586914.0625,-92.7484218875334
104591796.875,-92.60511836779676
104596679.6875,-92.46970482519609
104601562.5,-92.4714113380104
104606445.3125,-92.67571701162379
104611328.125,-92.8131237590348
104616210.9375,-92.64602197545227
104621093.75,-92.75859766443685
104625976.5625,-92.70723065159734
104630859.375,-92.76240229790045
104635742.1875,-92.86579255768248
104640625.0,-92.87291158258674
104645507.8125,-92.77046191408041
104650390.625,-92.75006555867958
104655273.4375,-92.82223396515317
104660156.25,-92.85668987358983
104665039.0625,-92.94993728127349
104669921.875,-92.75730988683625
104674804.6875,-92.89282073823398
104679687.5,-92.8325029701048
104684570.3125,-92.7869343735984
104689453.125,-92.81546128707765
104694335.9375,-92.9723720782959
104699218.75,-92.87616304402383
104704101.5625,-92.86841272112807
104708984.375,-92.8342074571143
104713867.1875,-92.7993915985034
104718750.0,-92.8609030985009
104723632.8125,-92.85809913514822
104728515.625,-92.95596458362343
104733398.4375,-92.84649021362097
104738281.25,-92.87972259516246
104743164.0625,-92.82172096705185
104748046.875,-92.90508250505601
104752929.6875,-92.78180024926388
104757812.5,-92.77421718946172
104762695.3125,-92.792108207193
104767578.125,-92.81847146313791
104772460.9375,-92.85073985318908
104777343.75,-92.82659757824473
104782226.5625,-92.93457739361958
104787109.375,-92.77917840355857
104791992.1875,-92.83662027693634
104796875.0,-92.80601989571946
104801757.8125,-92.80699700614355
104806640.625,-92.82104871093478
104811523.4375,-92.82262191584144
104816406.25,-92.86480639914052
104821289.0625,-92.82419552602533
104826171.875,-92.88942849406592
104831054.6875,-92.81050262988339
104835937.5,-92.77150151211708
104840820.3125,-92.88819807541842
104845703.125,-92.84305006876897
104850585.9375,-92.86728708707952
104855468.75,-92.83668369558262
104860351.5625,-92.88095080762903
104865234.375,-92.81350250621361
104870117.1875,-92.7399893109943
104875000.0,-92.79721023628889
104879882.8125,-92.87932564156262
104884765.625,-92.85830973609097
104889648.4375,-92.79293951755531
104894531.25,-92.88604317149179
104899414.0625,-92.78734458762591
104904296.875,-92.8218363007893
104909179.6875,-92.75638651251592
104914062.5,-92.90924870600571
104918945.3125,-92.83236370737185
104923828.125,-92.80561866415201
104928710.9375,-92.8619325560908
104933593.75,-92.84133710366933
104938476.5625,-92.79572275196324
104943359.375,-92.67809126316538
104948242.1875,-92.93675986610208
104953125.0,-92.7650397332591
104958007.8125,-92.84799504524122
104962890.625,-92.8368818000487
104967773.4375,-92.78052727718489
104972656.25,-92.82660900469605
104977539.0625,-92.74352415702478
104982421.875,-92.83768190542551
104987304.6875,-92.81099996869852
104992187.5,-92.90453076649635
104997070.3125,-92.79682117763176
105001953.125,-92.76703150066598
105006835.9375,-92.81648521105242
105011718.75,-92.86370897986154
105016601.5625,-92.77049093476353
105021484.375,-92.80422999664393
105026367.1875,-92.83671179549063
105031250.0,-92.75469614434388
105036132.8125,-92.90625149512633
105041015.625,-92.76670023623643
105045898.4375,-92.96189961736812
105050781.25,-92.760994742555
105055664.0625,-92.91077565233013
105060546.875,-92.7433084771769
105065429.6875,-92.83636730209776
105070312.5,-92.83303746953112
105075195.3125,-92.75979764476762
105080078.125,-92.75747209416193
105084960.9375,-92.77143863938858
105089843.75,-92.87772353122239
105094726.5625,-92.79859417027671
105099609.375,-92.79628050726478
105104492.1875,-92.8678930978786
105109375.0,-92.82891614426435
105114257.8125,-92.90647800476154
105119140.625,-92.81738294951924
105124023.4375,-92.88094885130252
105128906.25,-92.92359150517629
105133789.0625,-92.84873772972895
105138671.875,-92.72975091458255
105143554.6875,-92.87441536922859
105148437.5,-92.84697621746406
105153320.3125,-92.82856306928062
105158203.125,-92.89065115333102
105163085.9375,-92.77348591070509
105167968.75,-92.73631140604127
105172851.5625,-92.93885222764374
105177734.375,-92.79866278035024
105182617.1875,-92.70335870861055
105187500.0,-92.92202717208443
105192382.8125,-92.82759306763742
105197265.625,-92.79357285811383
105202148.4375,-92.75072705127775
105207031.25,-92.81786642165224
105211914.0625,-92.65449403757216
105216796.875,-92.78213979964187
105221679.6875,-92.68935869920588
105226562.5,-92.77896351359976
105231445.3125,-92.7468429521372
105236328.125,-92.71423447543418
105241210.9375,-92.84092271080704
105246093.75,-92.75395604256852
105250976.5625,-92.75870472528473
105255859.375,-92.76834277936817
105260742.1875,-92.86743801292275
105265625.0,-92.91643696593863
105270507.8125,-92.81758472978487
105275390.625,-92.80539441414905
105280273.4375,-92.77308923782743
105285156.25,-92.68692798950707
105290039.0625,-92.8299444888722
105294921.875,-92.78484066571991
105299804.6875,-92.7988607482803
105304687.5,-92.73527645243107
105309570.3125,-92.76911490098985
105314453.125,-92.82030974094846
105319335.9375,-92.78605702316133
105324218.75,-92.83597267173636
105329101.5625,-92.69864160192841
105333984.375,-92.73457911961717
105338867.1875,-92.72134206333516
105343750.0,-92.82597538098142
105348632.8125,-92.95675327229668
105353515.625,-92.67671727634882
105358398.4375,-92.80758332432873
105363281.25,-92.86092290136835
105368164.0625,-92.8914454507036
105373046.875,-92.80407159136081
105377929.6875,-92.75167973113653
105382812.5,-92.78384234740548
105387695.3125,-92.83107933589977
105392578.125,-92.79727575616678
105397460.9375,-92.71339298999868
105402343.75,-92.76634985923533
105407226.5625,-92.74051143915102
105412109.375,-92.660067789424
105416992.1875,-92.72316489450776
105421875.0,-92.63501858625563
105426757.8125,-92.63918587849233
105431640.625,-92.63413843334115
105436523.4375,-92.67217375297187
105441406.25,-92.72875882058773
105446289.0625,-92.74530019884605
105451171.875,-92.46754366533867
105456054.6875,-92.51229173010023
105460937.5,-92.56647923076136
105465820.3125,-92.49277171443762
105470703.125,-92.42302466146705
105475585.9375,-92.50103739289997
105480468.75,-92.47399385586598
105485351.5625,-92.54086360535482
105490234.375,-92.45433406143331
105495117.1875,-92.45040441831125
105500000.0,-92.59948408228254
105504882.8125,-92.64087856202022
105509765.625,-92.58879025355992
105514648.4375,-92.59846244275269
105519531.25,-92.54508894768918
105524414.0625,-92.54843399723916
105529296.875,-92.64817865394977
105534179.6875,-92.6941534518119
105539062.5,-92.65997246859047
105543945.3125,-92.60714494896146
105548828.125,-92.67087721196037
105553710.9375,-92.65690098833036
105558593.75,-92.56030042509866
105563476.5625,-92.63799516588628
105568359.375,-92.64585904806205
105573242.1875,-92.6963228561064
105578125.0,-92.6237583780682
105583007.8125,-92.5737462108886
105587890.625,-92.52725878057566
105592773.4375,-92.46558189054116
105597656.25,-92.4568754941453
105602539.0625,-92.2735896048087
105607421.875,-91.89194454328396
105612304.6875,-91.463260659633
105617187.5,-90.84368321091722
105622070.3125,-90.0728329105988
105626953.125,-89.62759472893444
105631835.9375,-88.8880461911923
105636718.75,-87.96362449506546
105641601.5625,-87.53687037833888
105646484.375,-86.99893196844835
105651367.1875,-86.70872461802742
105656250.0,-86.3614508061001
105661132.8125,-85.97314020194057
105666015.625,-85.50538709540524
105670898.4375,-85.15773234899282
105675781.25,-84.39729261268016
105680664.0625,-83.70975258850714
105685546.875,-83.52012201819701
105690429.6875,-83.45366757017968
105695312.5,-84.09361156230369
105700195.3125,-86.40370501059078
105705078.125,-88.49804558823581
105709960.9375,-90.26909710706823
105714843.75,-90.92493943595048
105719726.5625,-90.67743068880813
105724609.375,-90.32280384855716
105729492.1875,-90.19660547614916
105734375.0,-89.8950470892045
105739257.8125,-89.27958863834738
105744140.625,-89.06092773087914
105749023.4375,-89.13058703523183
105753906.25,-89.18412089302501
105758789.0625,-89.59694652487218
105763671.875,-89.84033572111423
105768554.6875,-90.22298613792037
105773437.5,-90.27435212919275
105778320.3125,-90.67030414622138
105783203.125,-90.99445183603302
105788085.9375,-91.45945555833404
105792968.75,-91.75428313100903
105797851.5625,-91.9432087099971
105802734.375,-92.23677501505531
105807617.1875,-92.37260970489513
105812500.0,-92.51986327864446
105817382.8125,-92.54962320660599
105822265.625,-92.707423618685
105827148.4375,-92.67902559272301
105832031.25,-92.72751309717671
105836914.0625,-92.92898410016187
105841796.875,-92.68773658675076
105846679.6875,-92.82966332919358
105851562.5,-92.89440229687608
105856445.3125,-92.7295748253365
105861328.125,-92.80593677002696
105866210.9375,-92.80443195287774
105871093.75,-92.75956475101168
105875976.5625,-92.54414675144196
105880859.375,-92.79736788853918
105885742.1875,-92.6532861853093
105890625.0,-92.68301059020396
105895507.8125,-92.69599643094054
105900390.625,-92.66959236854814
105905273.4375,-92.65448948495194
105910156.25,-92.58990620785707
105915039.0625,-92.60349218864133
105919921.875,-92.4274920407145
105924804.6875,-92.45335048839618
105929687.5,-92.43309028499624
105934570.3125,-92.3700356197636
105939453.125,-92.44632820733463
105944335.9375,-92.26285476333521
105949218.75,-92.30403067673569
105954101.5625,-92.25455165701692
105958984.375,-92.13660457622424
105963867.1875,-92.16913943277578
105968750.0,-92.03330588847206
105973632.8125,-91.93007134030773
105978515.625,-91.97359939745962
105983398.4375,-91.8263860582627
105988281.25,-91.72116029126346
105993164.0625,-91.69011503237704
105998046.875,-91.5704645159249
106002929.6875,-91.54738497048899
106007812.5,-91.59136449708856
106012695.3125,-91.52487053837075
106017578.125,-91.48763885829436
106022460.9375,-91.44354985964662
106027343.75,-91.3204987976145
106032226.5625,-91.64441944699837
106037109.375,-91.56300673413227
106041992.1875,-91.75180838277771
106046875.0,-91.84583120385042
106051757.8125,-91.8261020126019
106056640.625,-92.05833230999141
106061523.4375,-92.10441637134596
106066406.25,-92.18542307595433
106071289.0625,-92.19412587263713
106076171.875,-92.16187340880111
106081054.6875,-92.33386917235453
106085937.5,-92.4040748965761
106090820.3125,-92.49962061067981
106095703.125,-92.37766075147314
106100585.9375,-92.51833441047009
106105468.75,-92.73366245620446
106110351.5625,-92.61024674038555
106115234.375,-92.74589056970794
106120117.1875,-92.71665159171715
106125000.0,-92.77836561038521
106129882.8125,-92.7258145166956
106134765.625,-92.74275812391795
106139648.4375,-92.89687805271527
106144531.25,-92.6288349045642
106149414.0625,-92.73163989649558
106154296.875,-92.92229922550968
106159179.6875,-92.85474148427127
106164062.5,-92.86583506995177
106168945.3125,-92.95495579555126
106173828.125,-92.88039217917867
106178710.9375,-92.77387945364052
106183593.75,-92.82814247471114
106188476.5625,-92.91207868636499
106193359.375,-92.8455583604528
106198242.1875,-92.84200838491972
106203125.0,-92.74864937548551
106208007.8125,-92.80990116253602
106212890.625,-92.81931032121375
106217773.4375,-92.78765383870825
106222656.25,-92.89018654632918
106227539.0625,-92.78565518873975
106232421.875,-92.71783582587844
106237304.6875,-92.79685407392972
106242187.5,-92.85434351863907
106247070.3125,-92.93979922251344
106251953.125,-92.86833967340002
106256835.9375,-92.91987675688722
106261718.75,-92.77479644365116
106266601.5625,-92.79840351952535
106271484.375,-92.7740564854596
106276367.1875,-92.75477176649258
106281250.0,-92.84094661875974
106286132.8125,-92.90584933103747
106291015.625,-92.85998959740584
106295898.4375,-92.80763816629837
106300781.25,-92.86522712143261
106305664.0625,-92.81237035249185
106310546.875,-92.83314017202872
106315429.6875,-92.74327392809218
106320312.5,-92.71418269857622
106325195.3125,-92.89458423237357
106330078.125,-92.73008203655331
106334960.9375,-92.788149490871
106339843.75,-92.7551516941327
106344726.5625,-92.77539318370555
106349609.375,-92.74949172227423
106354492.1875,-92.73800284914532
106359375.0,-92.79490018413796
106364257.8125,-92.76971775774393
106369140.625,-92.7071243768633
106374023.4375,-92.9295521042472
106378906.25,-92.73773849416861
106383789.0625,-92.93356372251316
106388671.875,-92.73497803760227
106393554.6875,-92.7483564352537
106398437.5,-92.8017610498755
106403320.3125,-92.83796196039626
106408203.125,-92.75124294521439
106413085.9375,-92.85278785632232
106417968.75,-92.86884855534953
106422851.5625,-92.7873634460556
106427734.375,-92.85176920385416
106432617.1875,-92.7945235475423
106437500.0,-92.78657250294432
106442382.8125,-92.71587063386966
106447265.625,-92.74900248416489
106452148.4375,-92.79642131309461
106457031.25,-92.8024756200723
106461914.0625,-92.69063427606679
106466796.875,-92.7799769884015
106471679.6875,-92.82834488554369
106476562.5,-92.7568053963949
106481445.3125,-92.8232888700727
106486328.125,-92.86545301050788
106491210.9375,-92.87722476642134
106496093.75,-92.62097816159479
106500976.5625,-92.55294736877158
106505859.375,-92.75277086185068
106510742.1875,-92.72495319611812
106515625.0,-92.68378329388025
106520507.8125,-92.68057429942843
106525390.625,-92.55223792743155
106530273.4375,-92.65366892035274
106535156.25,-92.7526239861229
106540039.0625,-92.64763949108925
106544921.875,-92.68996205195725
106549804.6875,-92.66836848512517
106554687.5,-92.74984258207087
106559570.3125,-92.71275675649807
106564453.125,-92.84069326877818
106569335.9375,-92.83739654417744
106574218.75,-92.78413921690199
106579101.5625,-92.82062602806943
106583984.375,-92.72437715563487
106588867.1875,-92.79449164335747
106593750.0,-92.7754975897484
106598632.8125,-92.83474216872077
106603515.625,-92.74185850737231
106608398.4375,-92.83905033397815
106613281.25,-92.7891919651662
106618164.0625,-92.86755406514922
106623046.875,-92.94167053047079
106627929.6875,-92.78778011224853
106632812.5,-92.88068267586016
106637695.3125,-92.73531362221854
106642578.125,-92.85594068414622
106647460.9375,-92.86330866681402
106652343.75,-92.84778189020125
106657226.5625,-92.88880136121901
106662109.375,-92.94374070334325
106666992.1875,-92.83058790980778
106671875.0,-92.80088637336954
106676757.8125,-92.99425425745144
106681640.625,-92.8437998299533
106686523.4375,-92.80927967300914
106691406.25,-92.92767944766683
106696289.0625,-92.79038283594824
106701171.875,-92.80386397682466
106706054.6875,-92.75804559835987
106710937.5,-92.94678171858698
106715820.3125,-92.77507968902145
106720703.125,-92.73625328000287
106725585.9375,-92.87630498743391
106730468.75,-92.85349540140089
106735351.5625,-92.80394120419442
106740234.375,-92.84783023787665
106745117.1875,-92.9333356098613
106750000.0,-92.83360947093973
106754882.8125,-92.7854113717377
106759765.625,-92.81029127072574
106764648.4375,-92.90445341825637
106769531.25,-92.79758043007064
106774414.0625,-92.92113651181194
106779296.875,-92.749104946561
106784179.6875,-92.85245608648265
106789062.5,-92.65315381859313
106793945.3125,-92.85642458286324
106798828.125,-92.81666230768437
106803710.9375,-92.86112542815633
106808593.75,-92.87240239642236
106813476.5625,-92.83459939886737
106818359.375,-92.80769989638665
106823242.1875,-92.82484773505391
106828125.0,-92.80032216153668
106833007.8125,-92.86974672302193
106837890.625,-92.85215322843334
106842773.4375,-92.76853868037338
106847656.25,-92.78560413526452
106852539.0625,-92.8936738778186
106857421.875,-92.75594477407455
106862304.6875,-92.93254101689422
106867187.5,-92.84269440788711
106872070.3125,-92.81756794865123
106876953.125,-92.82904517323703
106881835.9375,-92.81946633161064
106886718.75,-92.79637043389181
106891601.5625,-92.7459718068884
106896484.375,-92.80323861915389
106901367.1875,-92.72869002407762
106906250.0,-92.81495080795989
106911132.8125,-92.85131681041631
106916015.625,-92.85655895341495
106920898.4375,-92.86863455268747
106925781.25,-92.80495734798808
106930664.0625,-92.80164056250581
106935546.875,-92.85332492145548
106940429.6875,-92.81121436530464
106945312.5,-92.7785095349166
106950195.3125,-92.82956171288387
106955078.125,-92.89183274774987
106959960.9375,-92.86057069996309
106964843.75,-92.85898065023159
106969726.5625,-92.87167891569334
106974609.375,-92.83486200411357
106979492.1875,-92.89427555791013
106984375.0,-92.88375992652726
106989257.8125,-92.87319796491897
106994140.625,-92.76112817534329
106999023.4375,-92.83344693390791
107003906.25,-92.96483677860508
107008789.0625,-92.83738009558968
107013671.875,-92.9437607799544
107018554.6875,-92.82632477373733
107023437.5,-92.92360216112127
107028320.3125,-92.84828958577722
107033203.125,-92.86724436808987
107038085.9375,-92.76606657566944
107042968.75,-92.8366756467853
107047851.5625,-92.78178235019337
107052734.375,-92.95495073001342
107057617.1875,-92.89703548001037
107062500.0,-92.61648782925201
107067382.8125,-92.76799540220165
107072265.625,-92.83119585454034
107077148.4375,-92.79799182370627
107082031.25,-92.82700622017308
107086914.0625,-92.75315023619578
107091796.875,-92.75730957944012
107096679.6875,-92.84266492623487
107101562.5,-92.76450889973975
107106445.3125,-92.83042815703186
107111328.125,-92.86542308342234
107116210.9375,-92.74107945372276
107121093.75,-92.87159378096507
107125976.5625,-92.920281855533
107130859.375,-92.90122894556288
107135742.1875,-92.83051720438459
107140625.0,-92.78541295012292
107145507.8125,-92.8575139748894
107150390.625,-92.95328296594622
107155273.4375,-92.90793095474942
107160156.25,-92.94099567787964
107165039.0625,-92.85529559340117
107169921.875,-92.70299554548225
107174804.6875,-92.77738347792453
107179687.5,-92.96337838286351
107184570.3125,-92.83838737120024
107189453.125,-92.8733215305493
107194335.9375,-92.83196024598834
107199218.75,-92.91492108949708
107204101.5625,-92.85474178411977
107208984.375,-92.8006066813887
107213867.1875,-92.8750443893995
107218750.0,-92.83148082915596
107223632.8125,-92.87770600331089
107228515.625,-92.89618609495278
107233398.4375,-92.89330075709893
107238281.25,-92.79762645728798
107243164.0625,-92.92628073881548
107248046.875,-92.87670018924868
107252929.6875,-92.78399560906178
107257812.5,-92.8360435943768
107262695.3125,-92.75233039561874
107267578.125,-92.89628815138417
107272460.9375,-92.83278727098559
107277343.75,-92.73993904635716
107282226.5625,-92.81330495756325
107287109.375,-92.7404681946378
107291992.1875,-92.81579496703768
107296875.0,-92.73960622328266
107301757.8125,-92.73954948269994
107306640.625,-92.78061247360628
107311523.4375,-92.91587227095204
107316406.25,-92.9240502907978
107321289.0625,-92.8207739628464
107326171.875,-92.86692681138516
107331054.6875,-92.74526252033343
107335937.5,-92.79032089884487
107340820.3125,-92.70734005422955
107345703.125,-92.88948303751403
107350585.9375,-92.8379354685598
107355468.75,-92.8245247189293
107360351.5625,-92.87579218759186
107365234.375,-92.84059831813974
107370117.1875,-92.81377638837543
107375000.0,-92.77693849248533
107379882.8125,-92.71943013740633
107384765.625,-92.7242523953287
107389648.4375,-92.85059570844868
107394531.25,-92.89286438660315
107399414.0625,-92.95937715246961
107404296.875,-92.81440270722948
107409179.6875,-92.88595972986258
107414062.5,-92.93542184983755
107418945.3125,-92.76572002744251
107423828.125,-92.83942109590356
107428710.9375,-92.84406683470704
107433593.75,-92.80172795830703
107438476.5625,-92.80890809103587
107443359.375,-92.70354229113752
107448242.1875,-92.83411514735792
107453125.0,-92.84395724006768
107458007.8125,-92.80845721096892
107462890.625,-92.60738906244109
107467773.4375,-92.82554279719977
107472656.25,-92.78599306100162
107477539.0625,-92.85697822111044
107482421.875,-92.83871019967106
107487304.6875,-92.70764218262815
107492187.5,-92.88294521450635
107497070.3125,-92.85650671886066
107501953.125,-92.82650015223541
107506835.9375,-92.86891044559204
107511718.75,-93.00130341895505
107516601.5625,-92.8173121951834
107521484.375,-92.73719022729338
107526367.1875,-92.8856000396525
107531250.0,-92.82982143367346
107536132.8125,-92.84907557108613
107541015.625,-92.70022841691042
107545898.4375,-92.8372540737906
107550781.25,-92.84860762837826
107555664.0625,-92.84816150418129
107560546.875,-92.798977345922
107565429.6875,-92.87775932410136
107570312.5,-92.78569351177876
107575195.3125,-92.83241830425712
107580078.125,-92.92985369431034
107584960.9375,-92.78175776960148
107589843.75,-92.69346341278259
107594726.5625,-92.8878224329867
107599609.375,-92.77685675230265
107604492.1875,-92.79009821440377
107609375.0,-92.83782053213412
107614257.8125,-92.84803969526644
107619140.625,-92.70810250170226
107624023.4375,-92.72668484622002
107628906.25,-92.77608134056013
107633789.0625,-92.72547502931968
107638671.875,-92.85765792893338
107643554.6875,-92.74217227486747
107648437.5,-92.72778449768856
107653320.3125,-92.68745040971245
107658203.125,-92.6859919668994
107663085.9375,-92.64103253107115
107667968.75,-92.75715510978313
107672851.5625,-92.83699391103383
107677734.375,-92.6975473426653
107682617.1875,-92.69716759644189
107687500.0,-92.7532133627619
107692382.8125,-92.73435428528987
107697265.625,-92.94136040483974
107702148.4375,-92.8388513363692
107707031.25,-92.77161565497931
107711914.0625,-92.7355835397272
107716796.875,-92.76926670346131
107721679.6875,-92.78600002671408
107726562.5,-92.75235399706366
107731445.3125,-92.74376554364531
107736328.125,-92.77127392673691
107741210.9375,-92.74178269658984
107746093.75,-92.83009339323277
107750976.5625,-92.61708228113102
107755859.375,-92.70655384139326
107760742.1875,-92.77072519913207
107765625.0,-92.77238432507397
107770507.8125,-92.62363193783744
107775390.625,-92.73358953006061
107780273.4375,-92.70684383722568
107785156.25,-92.62957458854882
107790039.0625,-92.79466704148388
107794921.875,-92.70952613482427
107799804.6875,-92.78464742406595
107804687.5,-92.71114847603724
107809570.3125,-92.80441807963251
107814453.125,-92.67264695595102
107819335.9375,-92.73228388583564
107824218.75,-92.65662289373205
107829101.5625,-92.7528953904164
107833984.375,-92.73553783740562
107838867.1875,-92.75685611927881
107843750.0,-92.73690637008917
107848632.8125,-92.75462744924067
107853515.625,-92.7980825025175
107858398.4375,-92.60984950178783
107863281.25,-92.71952623878616
107868164.0625,-92.64658582437684
107873046.875,-92.65222468033139
107877929.6875,-92.61377459959758
107882812.5,-92.70973801206111
107887695.3125,-92.76188399141637
107892578.125,-92.7753990526626
107897460.9375,-92.68223655770757
107902343.75,-92.79373892592477
107907226.5625,-92.68659079724455
107912109.375,-92.70125623813203
107916992.1875,-92.54455620993207
107921875.0,-92.58485075645018
107926757.8125,-92.65131183023752
107931640.625,-92.53769125706259
107936523.4375,-92.71589969281254
107941406.25,-92.61339736843587
107946289.0625,-92.50908642877931
107951171.875,-92.56311125468989
107956054.6875,-92.36453995952093
107960937.5,-92.28289512670523
107965820.3125,-92.3358815931162
107970703.125,-92.35240784176801
107975585.9375,-91.98774351952034
107980468.75,-91.63458530383463
107985351.5625,-91.56887622507378
107990234.375,-90.97328975974654
107995117.1875,-90.05550984490645
108000000.0,-40.26527976893296
108004882.8125,-90.0513846996929
108009765.625,-91.07426865044368
108014648.4375,-91.65528755294486
108019531.25,-91.58514162362002
108024414.0625,-91.99763663185561
108029296.875,-92.25412421561228
108034179.6875,-92.24751932684211
108039062.5,-92.44786756562758
108043945.3125,-92.46878553457552
108048828.125,-92.44522710505663
108053710.9375,-92.55743149294952
108058593.75,-92.47344788401412
108063476.5625,-92.48456245582662
108068359.375,-92.47895567563913
108073242.1875,-92.60244136257316
108078125.0,-92.63823424586815
108083007.8125,-92.64067090625409
108087890.625,-92.59983345086351
108092773.4375,-92.67089605719067
108097656.25,-92.53317351779228
108102539.0625,-92.70409509070242
108107421.875,-92.72415867436098
108112304.6875,-92.66491820983836
108117187.5,-92.68131111443674
108122070.3125,-92.70440353148456
108126953.125,-92.57575883031654
108131835.9375,-92.81269248727648
108136718.75,-92.72574252079494
108141601.5625,-92.59871505864663
108146484.375,-92.79001763889704
108151367.1875,-92.65250852808424
108156250.0,-92.7540061223009
108161132.8125,-92.74165208393572
108166015.625,-92.64803283862008
108170898.4375,-92.73643385125897
108175781.25,-92.63336591667218
108180664.0625,-92.64302397065197
108185546.875,-92.65075261482832
108190429.6875,-92.61583691588339
108195312.5,-92.72096484697971
108200195.3125,-92.62866844032712
108205078.125,-92.76493148715392
108209960.9375,-92.73272651990155
108214843.75,-92.69483922205691
108219726.5625,-92.82535544169315
108224609.375,-92.7135029599354
108229492.1875,-92.74523445306846
108234375.0,-92.84678057431148
108239257.8125,-92.81545247183311
108244140.625,-92.64916792069758
108249023.4375,-92.63750855232365
108253906.25,-92.68117835264155
108258789.0625,-92.87827973165048
108263671.875,-92.80046489111228
108268554.6875,-92.78413243813819
108273437.5,-92.78961420525141
108278320.3125,-92.7937957768319
108283203.125,-92.7334722284588
108288085.9375,-92.71102043722652
108292968.75,-92.721069332285
108297851.5625,-92.74765603011454
108302734.375,-92.79959870835393
108307617.1875,-92.7893300209407
108312500.0,-92.7002146857304
108317382.8125,-92.87070876110374
108322265.625,-92.8568577981768
108327148.4375,-92.80626790152073
108332031.25,-92.64249540219987
108336914.0625,-92.77583323832033
108341796.875,-92.71945970965882
108346679.6875,-92.7089057794858
108351562.5,-92.79041197653169
108356445.3125,-92.77166526097807
108361328.125,-92.82958619099355
108366210.9375,-92.79204998779625
108371093.75,-92.66338169428835
108375976.5625,-92.79881472223676
108380859.375,-92.85565730045684
108385742.1875,-92.6725906014187
108390625.0,-92.78637045131498
108395507.8125,-92.79662342421213
108400390.625,-92.74965039114244
108405273.4375,-92.64051312597604
108410156.25,-92.72820469837919
108415039.0625,-92.62126782167519
108419921.875,-92.78047036719767
108424804.6875,-92.8034509486451
108429687.5,-92.83287886560825
108434570.3125,-92.82142738646053
108439453.125,-92.76071994356616
108444335.9375,-92.76279705681335
108449218.75,-92.79566217251721
108454101.5625,-92.66740828581499
108458984.375,-92.69269121909551
108463867.1875,-92.70839505532587
108468750.0,-92.77867262552903
108473632.8125,-92.78784443145159
108478515.625,-92.79051653201296
108483398.4375,-92.69630477588865
108488281.25,-92.82062327344764
108493164.0625,-92.77875964120514
108498046.875,-92.79727113085781
108502929.6875,-92.76025373839653
108507812.5,-92.80549542210599
108512695.3125,-92.83000537943022
108517578.125,-92.73796513808179
108522460.9375,-92.78802748211098
108527343.75,-92.83756749410688
108532226.5625,-92.74746163031702
108537109.375,-92.71903369469482
108541992.1875,-92.66676110665159
108546875.0,-92.74839445158835
108551757.8125,-92.85981177448383
108556640.625,-92.71146541520991
108561523.4375,-92.8473761918313
108566406.25,-92.85697517782444
108571289.0625,-92.69142149325711
108576171.875,-92.69529045804853
108581054.6875,-92.73148764602635
108585937.5,-92.76724222445304
108590820.3125,-92.67987851161743
108595703.125,-92.6909080137413
108600585.9375,-92.8848285328672
108605468.75,-92.73929663168673
108610351.5625,-92.76675247779994
108615234.375,-92.81235767196355
108620117.1875,-92.70494787757625
108625000.0,-92.84325643310683
108629882.8125,-92.77463148242433
108634765.625,-92.73362232059509
108639648.4375,-92.8867865890002
108644531.25,-92.90264551371962
108649414.0625,-92.96105914972173
108654296.875,-92.78941749672381
108659179.6875,-92.70026873921253
108664062.5,-92.7398428526183
108668945.3125,-92.90066990621719
108673828.125,-92.69317487411044
108678710.9375,-92.70271706073135
108683593.75,-92.89195834246414
108688476.5625,-92.77124591016718
108693359.375,-92.70776332124578
108698242.1875,-92.85716546273304
108703125.0,-92.72114483225141
108708007.8125,-92.84897106488484
108712890.625,-92.74826283560327
108717773.4375,-92.69528453993243
108722656.25,-92.77793056054938
108727539.0625,-92.80184727017544
108732421.875,-92.7627629361545
108737304.6875,-92.80675042309105
108742187.5,-92.82910001425898
108747070.3125,-92.79015032562384
108751953.125,-92.78271916635953
108756835.9375,-92.75093511395386
108761718.75,-92.908314823604
108766601.5625,-92.8170072734618
108771484.375,-92.74629807772283
108776367.1875,-92.79289326775995
108781250.0,-92.7852496323078
108786132.8125,-92.76953711903982
108791015.625,-92.71771729028762
108795898.4375,-92.82325622459513
108800781.25,-92.73521412079634
108805664.0625,-92.77116189900309
108810546.875,-92.83497384015658
108815429.6875,-92.92266524491487
108820312.5,-92.76803279528514
108825195.3125,-92.80530022462025
108830078.125,-92.80296477978146
108834960.9375,-92.87649133641676
108839843.75,-92.86705313588305
108844726.5625,-92.83648175877073
108849609.375,-92.87786087144298
108854492.1875,-92.73134741473558
108859375.0,-92.80110175107299
108864257.8125,-92.80350059651366
108869140.625,-92.7688143291598
108874023.4375,-92.87414896085647
108878906.25,-92.76666782265858
108883789.0625,-92.75998118731951
108888671.875,-92.8392454646496
108893554.6875,-92.84939450934982
108898437.5,-92.83395081548684
108903320.3125,-92.88248627366872
108908203.125,-92.79285396107758
108913085.9375,-92.69849303346106
108917968.75,-92.82540840065434
108922851.5625,-92.73114560682285
108927734.375,-92.86316766296292
108932617.1875,-92.71364172201524
108937500.0,-92.78804515889243
108942382.8125,-92.79550049462256
108947265.625,-92.80331755735358
108952148.4375,-92.93403560310134
108957031.25,-92.78636071785266
108961914.0625,-92.856091955247
108966796.875,-92.77633406926546
108971679.6875,-92.85106984718868
108976562.5,-92.83235713678943
108981445.3125,-92.87479035688972
108986328.125,-92.81179932215369
108991210.9375,-92.79714206682877
108996093.75,-92.91210948978863
109000976.5625,-92.8562084102166
109005859.375,-92.8012778450809
109010742.1875,-92.82630009095303
109015625.0,-92.83298163812117
109020507.8125,-92.76887140251426
109025390.625,-92.7391361302731
109030273.4375,-92.83420948803663
109035156.25,-92.79735648110392
109040039.0625,-92.86044688195969
109044921.875,-92.88749624891233
109049804.6875,-92.81444384803055
109054687.5,-92.8559729713408
109059570.3125,-92.89262272886509
109064453.125,-92.8415001287112
109069335.9375,-92.81568471787827
109074218.75,-92.8361754715352
109079101.5625,-92.78898972185365
109083984.375,-92.89145222007954
109088867.1875,-92.70204801763256
109093750.0,-92.70433535076228
109098632.8125,-92.81872202375104
109103515.625,-92.78642497995068
109108398.4375,-92.76876710159792
109113281.25,-92.81713134194146
109118164.0625,-92.80920950956303
109123046.875,-92.81870762168242
109127929.6875,-92.9047567584193
109132812.5,-92.75323308957755
109137695.3125,-92.85033492404742
109142578.125,-92.73696786509913
109147460.9375,-92.76944718179809
109152343.75,-92.81540759141234
109157226.5625,-92.75023217352287
109162109.375,-92.82142775006338
109166992.1875,-92.74284556983332
109171875.0,-92.82843475967977
109176757.8125,-92.78873182453353
109181640.625,-92.75359322701482
109186523.4375,-92.75939079064071
109191406.25,-92.7565722242934
109196289.0625,-92.91404080311943
109201171.875,-92.82986274167021
109206054.6875,-92.68129365356847
109210937.5,-92.81743288614877
109215820.3125,-92.82441012909888
109220703.125,-92.82951787258088
109225585.9375,-92.80668386843729
109230468.75,-92.88494286814168
109235351.5625,-92.90849786421592
109240234.375,-92.80714864693488
109245117.1875,-92.75294895209046
109250000.0,-92.89982411862042
109254882.8125,-92.86817080343053
109259765.625,-92.79437508436172
109264648.4375,-92.8650072410791
109269531.25,-92.79451928846609
109274414.0625,-92.67757684055817
109279296.875,-92.91144080024975
109284179.6875,-92.8417632406047
109289062.5,-92.81772152685906
109293945.3125,-92.77395623336156
109298828.125,-92.72518471449135
109303710.9375,-92.78494213644638
109308593.75,-92.92399748312351
109313476.5625,-92.90266904241992
109318359.375,-92.80059172980967
109323242.1875,-92.900784937606
109328125.0,-92.89531331064575
109333007.8125,-92.77846762424562
109337890.625,-92.79020056295215
109342773.4375,-92.88254834053748
109347656.25,-92.96820828541453
109352539.0625,-92.86079326207397
109357421.875,-92.80028513265196
109362304.6875,-92.8016089041896
109367187.5,-92.78675829802648
109372070.3125,-92.82976759016557
109376953.125,-92.7891344091228
109381835.9375,-92.91452828910226
109386718.75,-92.71274908070839
109391601.5625,-92.8975456477279
109396484.375,-92.71702641110613
109401367.1875,-92.82552783937388
109406250.0,-92.84110361535858
109411132.8125,-92.87728972551511
109416015.625,-92.80819870418438
109420898.4375,-92.78263539494469
109425781.25,-92.8655713290922
109430664.0625,-92.78972526813266
109435546.875,-92.82500380720919
109440429.6875,-92.68759052673875
109445312.5,-92.76879694850942
109450195.3125,-92.63069535086518
109455078.125,-92.6964695412546
109459960.9375,-92.74870050169466
109464843.75,-92.71001308915982
109469726.5625,-92.68773277030121
109474609.375,-92.68139247944876
109479492.1875,-92.59170213530504
109484375.0,-92.57372437989073
109489257.8125,-92.72434810604557
109494140.625,-92.73223142432624
109499023.4375,-92.6365237104265
109503906.25,-92.61529879743111
109508789.0625,-92.69255765511511
109513671.875,-92.6983901010473
109518554.6875,-92.84882411028636
109523437.5,-92.73924833378561
109528320.3125,-92.78916203362266
109533203.125,-92.80222685044615
109538085.9375,-92.78573557801366
109542968.75,-92.79027185397825
109547851.5625,-92.76409873386478
109552734.375,-92.84923146247777
109557617.1875,-92.80008851315341
109562500.0,-92.8537890616686
109567382.8125,-92.84380476189588
109572265.625,-92.7382721964496
109577148.4375,-92.89953732195033
109582031.25,-92.66243362052407
109586914.0625,-92.91521360625572
109591796.875,-92.86980177370984
109596679.6875,-92.82179476089601
109601562.5,-92.91617978282804
109606445.3125,-92.86207081123376
109611328.125,-92.8892740933878
109616210.9375,-92.87358140321263
109621093.75,-92.90307309889559
109625976.5625,-92.84255280664615
109630859.375,-92.78628428983671
109635742.1875,-92.87108028713257
109640625.0,-92.76765806811525
109645507.8125,-92.87662500124301
109650390.625,-92.83164347494306
109655273.4375,-92.7445945079867
109660156.25,-92.91039016662114
109665039.0625,-92.87696452350843
109669921.875,-92.9853833564564
109674804.6875,-92.79655089142648
109679687.5,-92.83298440330384
109684570.3125,-92.84792118803014
109689453.125,-92.82071963146817
109694335.9375,-92.82779708097547
109699218.75,-92.89377033894192
109704101.5625,-92.80738492151119
109708984.375,-92.8838652927677
109713867.1875,-92.82920032547892
109718750.0,-92.88400933637718
109723632.8125,-92.86708766833246
109728515.625,-92.8504735534163
109733398.4375,-92.8251448150867
109738281.25,-92.94901546538424
109743164.0625,-92.81097893340029
109748046.875,-92.82222349700518
109752929.6875,-92.95913572626131
109757812.5,-92.83927082811496
109762695.3125,-92.80665193909442
109767578.125,-92.89845002933299
109772460.9375,-92.8989626912551
109777343.75,-92.88105491951083
109782226.5625,-92.8192523578929
109787109.375,-92.83839203689735
109791992.1875,-92.89064342336735
109796875.0,-92.80771940538273
109801757.8125,-92.86249010959042
109806640.625,-92.8897192915718
109811523.4375,-92.87752120716763
109816406.25,-92.89571490225183
109821289.0625,-92.92410960408083
109826171.875,-92.92774277627836
109831054.6875,-92.79337584190924
109835937.5,-92.75102213617683
109840820.3125,-92.80291231420074
109845703.125,-92.97371722205304
109850585.9375,-92.71454160524337
109855468.75,-92.83596325433496
109860351.5625,-92.90525122239083
109865234.375,-92.81285564958785
109870117.1875,-92.75284423537073
109875000.0,-92.72893701712735
109879882.8125,-92.81864179581672
109884765.625,-92.61903803419753
109889648.4375,-92.72464003732762
109894531.25,-92.57268669944733
109899414.0625,-92.52229216484045
109904296.875,-92.48503855723365
109909179.6875,-92.59945692175057
109914062.5,-92.4152790197378
109918945.3125,-92.44483775181149
109923828.125,-92.30704094274776
109928710.9375,-92.16196911159213
109933593.75,-92.13714053940697
109938476.5625,-92.08640322888493
109943359.375,-91.91546434789677
109948242.1875,-91.87425762828133
109953125.0,-91.8622730140581
109958007.8125,-91.78394530221505
109962890.625,-91.62909838479627
109967773.4375,-91.54963422187788
109972656.25,-91.4778981151428
109977539.0625,-91.47933979238772
109982421.875,-91.48725142205598
109987304.6875,-91.53817377239687
109992187.5,-91.45685300902659
109997070.3125,-91.5804732691542
110001953.125,-91.57937965364741
110006835.9375,-91.76481097358308
110011718.75,-91.7040240834547
110016601.5625,-91.7587848052712
110021484.375,-91.95122344236668
110026367.1875,-92.09781786605296
110031250.0,-92.14919565232282
110036132.8125,-92.22064326058972
110041015.625,-92.16890931669894
110045898.4375,-92.25793219373207
110050781.25,-92.34621766000782
110055664.0625,-92.40125656776607
110060546.875,-92.37276146845323
110065429.6875,-92.40107352160652
110070312.5,-92.50729275934259
110075195.3125,-92.47240937431934
110080078.125,-92.54667184908334
110084960.9375,-92.58349406990274
110089843.75,-92.55368779445533
110094726.5625,-92.737443712517
110099609.375,-92.7780599195165
110104492.1875,-92.74229365109
110109375.0,-92.69309213159033
110114257.8125,-92.66593384491341
110119140.625,-92.85560682929662
110124023.4375,-92.83930772187443
110128906.25,-92.83399220394548
110133789.0625,-92.82272529653935
110138671.875,-92.76740311486799
110143554.6875,-92.84245233245991
110148437.5,-92.97031835796639
110153320.3125,-92.77068936616215
110158203.125,-92.79631031436048
110163085.9375,-92.76645747856645
110167968.75,-92.80222200051338
110172851.5625,-92.84766862951437
110177734.375,-92.91539642969565
110182617.1875,-92.83514823608672
110187500.0,-92.71812743330031
110192382.8125,-92.87378856624079
110197265.625,-92.83955660651927
110202148.4375,-92.84344289418632
110207031.25,-92.73974361249446
110211914.0625,-92.73945587933358
110216796.875,-92.75788845453289
110221679.6875,-92.64930289399979
110226562.5,-92.51031693658939
110231445.3125,-92.50428342724123
110236328.125,-92.42219335377169
110241210.9375,-92.31694745178655
110246093.75,-92.41770676308118
110250976.5625,-92.3191545634148
110255859.375,-92.24266596916291
110260742.1875,-92.40117609098911
110265625.0,-92.47292270405799
110270507.8125,-92.52557122181426
110275390.625,-92.58329880569383
110280273.4375,-92.65861621305706
110285156.25,-92.64549978125538
110290039.0625,-92.54279017806618
110294921.875,-92.11351741328474
110299804.6875,-91.72359227367505
110304687.5,-90.82467082778959
110309570.3125,-90.56270900484466
110314453.125,-90.80209819252136
110319335.9375,-90.87280007386073
110324218.75,-91.25160864250947
110329101.5625,-91.39821124397852
110333984.375,-91.6950540520539
110338867.1875,-91.73166087158182
110343750.0,-91.81731332201787
110348632.8125,-92.0004628573756
110353515.625,-92.06092248345203
110358398.4375,-92.09716901540017
110363281.25,-92.26963981432323
110368164.0625,-92.48592724396369
110373046.875,-92.62186961576398
110377929.6875,-92.55865643876001
110382812.5,-92.75017906166602
110387695.3125,-92.70176129408583
110392578.125,-92.75713043755968
110397460.9375,-92.85373184312294
110402343.75,-92.82098851991591
110407226.5625,-92.81753561101942
110412109.375,-92.72014960256251
110416992.1875,-92.70019006261438
110421875.0,-92.85627416557608
110426757.8125,-92.85207750040573
110431640.625,-92.70133940444393
110436523.4375,-92.72767708239621
110441406.25,-92.76881308093695
110446289.0625,-92.84422991947486
110451171.875,-92.67897480775622
110456054.6875,-92.83496651878906
110460937.5,-92.6446418307068
110465820.3125,-92.69271116926586
110470703.125,-92.62882052834439
110475585.9375,-92.5705760406243
110480468.75,-92.55488426486727
110485351.5625,-92.61085291573897
110490234.375,-92.66499190904182
110495117.1875,-92.62673019204814
110500000.0,-92.54768912013023
110504882.8125,-92.56047357770487
110509765.625,-92.52409825134745
110514648.4375,-92.49669121631985
110519531.25,-92.57531863788239
110524414.0625,-92.51064271141564
110529296.875,-92.47971926898859
110534179.6875,-92.53173264230202
110539062.5,-92.62964230552518
110543945.3125,-92.5215854028219
110548828.125,-92.50101061044222
110553710.9375,-92.68156796424742
110558593.75,-92.67224383484313
110563476.5625,-92.754309905887
110568359.375,-92.77703672189767
110573242.1875,-92.71371422892815
110578125.0,-92.7541377934389
110583007.8125,-92.72668243911536
110587890.625,-92.78280109818775
110592773.4375,-92.83750050911055
110597656.25,-92.8548251065339
110602539.0625,-92.83278048214129
110607421.875,-92.8630592751588
110612304.6875,-92.73918535911758
110617187.5,-92.70764932086493
110622070.3125,-92.80189250277684
110626953.125,-92.77067799185309
110631835.9375,-92.79888224907796
110636718.75,-92.83510969464618
110641601.5625,-92.87660930929692
110646484.375,-92.79444602629547
110651367.1875,-92.65130417918422
110656250.0,-92.81325647321518
110661132.8125,-92.76321403783226
110666015.625,-92.82883732091182
110670898.4375,-92.79184600749221
110675781.25,-92.87343838055142
110680664.0625,-92.76683167354506
110685546.875,-92.83345384187874
110690429.6875,-92.87435674575826
110695312.5,-92.79246346924069
110700195.3125,-92.8824892484894
110705078.125,-92.88882393223088
110709960.9375,-92.83422829029828
110714843.75,-92.76047606562014
110719726.5625,-92.75134575206127
110724609.375,-92.7897918895759
110729492.1875,-92.8284250691419
110734375.0,-92.78546855888425
110739257.8125,-92.83984841730393
110744140.625,-92.85048561569883
110749023.4375,-92.85297089934323
110753906.25,-92.85179849178013
110758789.0625,-92.84626235978226
110763671.875,-92.82211785438244
110768554.6875,-92.87763104017418
110773437.5,-92.85684516982712
110778320.3125,-92.87713982511949
110783203.125,-92.80372096459553
110788085.9375,-92.72741988410564
110792968.75,-92.7878752644705
110797851.5625,-92.84858161214808
110802734.375,-92.76625439658545
110807617.1875,-92.83975428681109
110812500.0,-92.77912583064395
110817382.8125,-92.87427104942049
110822265.625,-92.80544769167352
110827148.4375,-92.82550482134016
110832031.25,-92.84694537526514
110836914.0625,-92.84459532048697
110841796.875,-92.73378895049973
110846679.6875,-92.8532869228797
110851562.5,-92.91995206331546
110856445.3125,-92.81914536003919
110861328.125,-92.72776650411086
110866210.9375,-92.78828254089333
110871093.75,-92.74717449401214
110875976.5625,-92.85418066728175
110880859.375,-92.91071294605877
110885742.1875,-92.86307534409667
110890625.0,-92.85470087163773
110895507.8125,-92.78318706432421
110900390.625,-92.81388839848682
110905273.4375,-92.70643040642094
110910156.25,-92.89574972281667
110915039.0625,-92.76552504323618
110919921.875,-92.83018241489205
110924804.6875,-92.90474780091307
110929687.5,-92.88792173793229
110934570.3125,-92.7436550241988
110939453.125,-92.78315039449271
110944335.9375,-92.74427722715367
110949218.75,-92.91143897774569
110954101.5625,-92.86405623164814
110958984.375,-92.83269818627414
110963867.1875,-92.81805177072513
110968750.0,-92.70949629368224
110973632.8125,-92.87224004370657
110978515.625,-92.87433311404453
110983398.4375,-92.83128140461184
110988281.25,-92.74916078577658
110993164.0625,-92.7574952928118
110998046.875,-92.88995324090911
111002929.6875,-92.92430615950383
111007812.5,-92.80646077699978
111012695.3125,-92.9370806425357
111017578.125,-92.74843326431974
111022460.9375,-92.81413984914352
111027343.75,-92.89738544342146
111032226.5625,-92.84742650945691
111037109.375,-93.0005900022247
111041992.1875,-92.85806286474732
111046875.0,-92.79355151960328
111051757.8125,-92.88987264785891
111056640.625,-92.68213655734934
111061523.4375,-92.79458165459741
111066406.25,-92.8666901220297
111071289.0625,-92.77412075285295
111076171.875,-92.76647036978903
111081054.6875,-92.80798185745869
111085937.5,-92.75412932444448
111090820.3125,-92.83681139110092
111095703.125,-92.82350860782691
111100585.9375,-92.91531144568842
111105468.75,-92.76793741173276
111110351.5625,-92.78340328836168
111115234.375,-92.8528962569518
111120117.1875,-92.88553411652072
111125000.0,-92.83968410308267
111129882.8125,-92.67311745698385
111134765.625,-92.79833265436267
111139648.4375,-92.86715604570412
111144531.25,-92.86004950275486
111149414.0625,-92.80406250154044
111154296.875,-92.78072818480501
111159179.6875,-92.76829437544092
111164062.5,-92.83972676062396
111168945.3125,-92.80371770426873
111173828.125,-92.78857033883068
111178710.9375,-92.78958696851657
111183593.75,-92.77441976057938
111188476.5625,-92.84710441367142
111193359.375,-92.71427949964604
111198242.1875,-92.79914802555368
111203125.0,-92.82794172275271
111208007.8125,-92.7999430413212
111212890.625,-92.86462982830693
111217773.4375,-92.74988377185787
111222656.25,-92.81174222752927
111227539.0625,-92.78378394002118
111232421.875,-92.8533498566257
111237304.6875,-92.81741592356926
111242187.5,-92.7388054129579
111247070.3125,-92.85439632711282
111251953.125,-92.87844871470296
111256835.9375,-92.82641362246346
111261718.75,-92.82105463270793
111266601.5625,-92.86583164387838
111271484.375,-92.7678247290344
111276367.1875,-92.78972531652988
111281250.0,-92.7724983085404
111286132.8125,-92.85922024136394
111291015.625,-92.8575709327882
111295898.4375,-92.6192526729657
111300781.25,-92.72549427287564
111305664.0625,-92.79515560484643
111310546.875,-92.75561811228255
111315429.6875,-92.7022706994315
111320312.5,-92.78964047887033
111325195.3125,-92.81254396028658
111330078.125,-92.73742084221044
111334960.9375,-92.83987019988194
111339843.75,-92.83229127589183
111344726.5625,-92.73555949151822
111349609.375,-92.83695204496982
111354492.1875,-92.7692370527258
111359375.0,-92.77443774536894
111364257.8125,-92.70207954911561
111369140.625,-92.75026945617213
111374023.4375,-92.74126496119524
111378906.25,-92.78234347801407
111383789.0625,-92.69318253039205
111388671.875,-92.69619962387816
111393554.6875,-92.69572268371266
111398437.5,-92.56006881495833
111403320.3125,-92.50160256801482
111408203.125,-92.5048614766948
111413085.9375,-92.59556867542932
111417968.75,-92.48657919084076
111422851.5625,-92.4972170513303
111427734.375,-92.58229187137206
111432617.1875,-92.657886038323
111437500.0,-92.70641165572903
111442382.8125,-92.68317111261337
111447265.625,-92.51014932499692
111452148.4375,-92.74910020806772
111457031.25,-92.77997492445539
111461914.0625,-92.6816858864999
111466796.875,-92.68790903423368
111471679.6875,-92.72660756817106
111476562.5,-92.81537401899658
111481445.3125,-92.8783449098297
111486328.125,-92.8603656901054
111491210.9375,-92.84045148411965
111496093.75,-92.7962972798513
111500976.5625,-92.84801192525853
111505859.375,-92.84963486611133
111510742.1875,-92.90032579996418
111515625.0,-92.81008456576032
111520507.8125,-92.80447868783008
111525390.625,-92.82647070077329
111530273.4375,-92.79403159745317
111535156.25,-92.78673366878618
111540039.0625,-92.7672841730234
111544921.875,-92.77580062334556
111549804.6875,-92.86717909559789
111554687.5,-92.76149668281542
111559570.3125,-92.77383365686768
111564453.125,-92.78163355268072
111569335.9375,-92.79380304012818
111574218.75,-92.9225645867289
111579101.5625,-92.73610960402789
111583984.375,-92.81995322208661
111588867.1875,-92.86066182953334
111593750.0,-92.72238422303803
111598632.8125,-92.81604307582765
111603515.625,-92.84743351350028
111608398.4375,-92.94472766336247
111613281.25,-92.80664256100951
111618164.0625,-92.59301154011479
111623046.875,-92.9636614166848
111627929.6875,-92.86458907248951
111632812.5,-92.80734611928042
111637695.3125,-92.74784058214487
111642578.125,-92.682484138907
111647460.9375,-92.82037702224645
111652343.75,-92.7521169799358
111657226.5625,-92.78169977087904
111662109.375,-92.80362363830844
111666992.1875,-92.72988156373569
111671875.0,-92.73778221994712
111676757.8125,-92.87628959932482
111681640.625,-92.78663831299113
111686523.4375,-92.85283344850703
111691406.25,-92.87495940880828
111696289.0625,-92.8880934193239
111701171.875,-92.84701909684867
111706054.6875,-92.79085118761665
111710937.5,-92.81010216739236
111715820.3125,-92.8185666634754
111720703.125,-92.86761696286439
111725585.9375,-92.75147430613993
111730468.75,-92.71315627922667
111735351.5625,-92.7149764899992
111740234.375,-92.75171359639853
111745117.1875,-92.78449952543133
111750000.0,-92.73556189496847
111754882.8125,-92.81095242357242
111759765.625,-92.82145325801108
111764648.4375,-92.82413549832708
111769531.25,-92.82707579943514
111774414.0625,-92.89320270684829
111779296.875,-92.80132733102619
111784179.6875,-92.7724709069227
111789062.5,-92.73535333576754
111793945.3125,-92.7713218539173
111798828.125,-92.78834687817681
111803710.9375,-92.85148714200156
111808593.75,-92.80475734086292
111813476.5625,-92.85151444717462
111818359.375,-92.7326600335164
111823242.1875,-92.81831713574925
111828125.0,-92.80406371016835
111833007.8125,-92.79010138119253
111837890.625,-92.77592995713582
111842773.4375,-92.90938104011656
111847656.25,-92.8056056450095
111852539.0625,-92.85992809066701
111857421.875,-92.85397321442923
111862304.6875,-92.89812633492255
111867187.5,-92.89260414739263
111872070.3125,-92.84188791392577
111876953.125,-92.7665974155112
111881835.9375,-92.73183927479431
111886718.75,-92.79112832836023
111891601.5625,-92.7117706452292
111896484.375,-92.59551601150577
111901367.1875,-92.75538062802255
111906250.0,-92.5339565861768
111911132.8125,-92.56131360069534
111916015.625,-92.49491439271844
111920898.4375,-92.54297519992897
111925781.25,-92.42585592566991
111930664.0625,-92.37356905180278
111935546.875,-92.24720468284048
111940429.6875,-92.18097810662226
111945312.5,-92.24140976422717
111950195.3125,-92.09109613782113
111955078.125,-92.01050679590972
111959960.9375,-91.86255344370696
111964843.75,-91.77549256951906
111969726.5625,-91.65191024058319
111974609.375,-91.53551558584974
111979492.1875,-91.45113451980708
111984375.0,-91.399244048068
111989257.8125,-91.19890919020892
111994140.625,-91.2187069192004
111999023.4375,-91.08318257042757
112003906.25,-91.14624145977723
112008789.0625,-91.26225973115675
112013671.875,-91.43899689859711
112018554.6875,-91.53120531137245
112023437.5,-91.65570138379519
112028320.3125,-91.81681809975996
112033203.125,-91.87826257863517
112038085.9375,-91.99400111037824
112042968.75,-92.10121387710043
112047851.5625,-92.19360545110669
112052734.375,-92.31980695626791
112057617.1875,-92.25102815549229
112062500.0,-92.44491748670637
112067382.8125,-92.47256958831568
112072265.625,-92.59884023394508
112077148.4375,-92.4894114687294
112082031.25,-92.60372137506573
112086914.0625,-92.66702705952551
112091796.875,-92.61061713293631
112096679.6875,-92.75032738994528
112101562.5,-92.62223368617248
112106445.3125,-92.78294574510394
112111328.125,-92.75289679644683
112116210.9375,-92.77867547703943
112121093.75,-92.9109153267172
112125976.5625,-92.89878773103419
112130859.375,-92.74092101934951
112135742.1875,-92.78972409938055
112140625.0,-92.86924493935533
112145507.8125,-92.73851475395463
112150390.625,-92.70623010428241
112155273.4375,-92.79547495943723
112160156.25,-92.87825371218537
112165039.0625,-92.81323120748135
112169921.875,-92.93624574385555
112174804.6875,-92.81600639207136
112179687.5,-92.8419914912555
112184570.3125,-92.7847858517799
112189453.125,-92.7975597078829
112194335.9375,-92.69992228927688
112199218.75,-92.70439114776363
112204101.5625,-92.66693845215843
112208984.375,-92.38280330470516
112213867.1875,-92.3793339872588
112218750.0,-92.38656781193296
112223632.8125,-92.08895422185236
112228515.625,-91.92294739797336
112233398.4375,-91.88198728650119
112238281.25,-91.73787732311035
112243164.0625,-91.71487958920173
112248046.875,-91.41281066776384
112252929.6875,-91.1972084113851
112257812.5,-90.94989985882941
112262695.3125,-90.6252174930761
112267578.125,-90.50613771116883
112272460.9375,-90.14750279834428
112277343.75,-89.83540403955982
112282226.5625,-89.34675898859138
112287109.375,-88.96388704941057
112291992.1875,-88.7616324589008
112296875.0,-88.67100764988135
112301757.8125,-88.84121708386698
112306640.625,-88.9901994457411
112311523.4375,-89.15484132632395
112316406.25,-89.58451406988547
112321289.0625,-89.82371182785596
112326171.875,-90.31112005311289
112331054.6875,-90.52212591062494
112335937.5,-90.8164591471045
112340820.3125,-91.01308709100846
112345703.125,-91.29218526689635
112350585.9375,-91.2805350290439
112355468.75,-91.45615554851074
112360351.5625,-91.77985878314814
112365234.375,-92.02343199479583
112370117.1875,-91.80489574439628
112375000.0,-91.95604264138157
112379882.8125,-92.19859259051867
112384765.625,-92.3624775973131
112389648.4375,-92.37365446098372
112394531.25,-92.59334258971128
112399414.0625,-92.7348134384134
112404296.875,-92.78614587138989
112409179.6875,-92.85024031652858
112414062.5,-92.83603124054693
112418945.3125,-92.72891039280125
112423828.125,-92.82798813613167
112428710.9375,-92.79564655895223
112433593.75,-92.77359732849615
112438476.5625,-92.78919385062105
112443359.375,-92.83639603306318
112448242.1875,-92.86972581892971
112453125.0,-92.68903651569204
112458007.8125,-92.7062105623749
112462890.625,-92.66876311206661
112467773.4375,-92.74641038372414
112472656.25,-92.7215492375002
112477539.0625,-92.73766695366075
112482421.875,-92.88838609897869
112487304.6875,-92.67670153715326
112492187.5,-92.74435782423441
112497070.3125,-92.65749101310857
112501953.125,-92.73061404360274
112506835.9375,-92.77921608924169
112511718.75,-92.90409304505755
112516601.5625,-92.69644304464435
112521484.375,-92.7277109864443
112526367.1875,-92.74208043816972
112531250.0,-92.70542024659073
112536132.8125,-92.82795385097299
112541015.625,-92.77560121988404
112545898.4375,-92.93624192894825
112550781.25,-92.81808797639005
112555664.0625,-92.859893911162
112560546.875,-92.79093890111565
112565429.6875,-92.8149746778335
112570312.5,-92.84388037921428
112575195.3125,-92.77229973294769
112580078.125,-92.82872885030906
112584960.9375,-92.85025043931745
112589843.75,-92.81743711947914
112594726.5625,-92.86501461690256
112599609.375,-92.75926100435225
112604492.1875,-92.99020948666495
112609375.0,-92.85607306818991
112614257.8125,-92.73033228606951
112619140.625,-92.79960344711452
112624023.4375,-92.80160475947
112628906.25,-92.83809781412629
112633789.0625,-92.79586448268975
112638671.875,-92.68629129540687
112643554.6875,-92.82551164172688
112648437.5,-92.69770942997093
112653320.3125,-92.69814543234679
112658203.125,-92.65340792523051
112663085.9375,-92.75249331999004
112667968.75,-92.82644183163023
112672851.5625,-92.65398917452697
112677734.375,-92.67327617119884
112682617.1875,-92.63362074808123
112687500.0,-92.810537140002
112692382.8125,-92.75086173119453
112697265.625,-92.79398772950563
112702148.4375,-92.68097113936557
112707031.25,-92.84770120405125
112711914.0625,-92.75633140479891
112716796.875,-92.76466491518815
112721679.6875,-92.75288314495481
112726562.5,-92.80843755709381
112731445.3125,-92.84042905529549
112736328.125,-92.88509622117468
112741210.9375,-92.822635583687
112746093.75,-92.76515630755713
112750976.5625,-92.88709936856972
112755859.375,-92.82390675492596
112760742.1875,-92.892925570855
112765625.0,-92.87570179738228
112770507.8125,-92.88221550561735
112775390.625,-92.88300570702333
112780273.4375,-92.83432788400714
112785156.25,-92.93241205393642
112790039.0625,-92.84408725763024
112794921.875,-92.97879751607849
112799804.6875,-92.99250578763969
112804687.5,-92.92295205873097
112809570.3125,-92.7709813155547
112814453.125,-92.82838487372015
112819335.9375,-92.90300369769128
112824218.75,-92.90896399470773
112829101.5625,-92.88753491630561
112833984.375,-92.73752579064416
112838867.1875,-92.84042667831545
112843750.0,-92.84761148646916
112848632.8125,-92.71966914270021
112853515.625,-92.80076999378792
112858398.4375,-92.67199108096418
112863281.25,-92.72484039001853
112868164.0625,-92.80485374543866
112873046.875,-92.63176119031496
112877929.6875,-92.73795327402053
112882812.5,-92.63613738585545
112887695.3125,-92.72862760295598
112892578.125,-92.7991791715651
112897460.9375,-92.77322653130759
112902343.75,-92.87954074533107
112907226.5625,-92.69801672768162
112912109.375,-92.76705856300867
112916992.1875,-92.78114806815557
112921875.0,-92.82919850629781
112926757.8125,-92.87042908618338
112931640.625,-92.73116532582554
112936523.4375,-92.89125210608799
112941406.25,-92.77154307629917
112946289.0625,-92.90204718683282
112951171.875,-92.86620246952029
112956054.6875,-92.7823183932446
112960937.5,-92.9841669548988
112965820.3125,-92.81819399350866
112970703.125,-92.76785735818859
112975585.9375,-92.96460039297276
112980468.75,-92.98153693873701
112985351.5625,-92.89245679523631
112990234.375,-92.8214949564215
112995117.1875,-92.9424785240021
113000000.0,-92.78837393748506
113004882.8125,-92.76898327460091
113009765.625,-92.81158435654709
113014648.4375,-92.90052260675247
113019531.25,-92.81705420222954
113024414.0625,-92.77911979865641
113029296.875,-92.8499999720672
113034179.6875,-92.84911285637338
113039062.5,-92.91594143847087
113043945.3125,-92.94670813639883
113048828.125,-92.87730758967572
113053710.9375,-92.83316834630375
113058593.75,-92.9196497154783
113063476.5625,-92.79774491474501
113068359.375,-92.82880748360463
113073242.1875,-92.94317590865217
113078125.0,-92.90821778592945
113083007.8125,-92.97767551910118
113087890.625,-92.84875434777607
113092773.4375,-92.88033766893304
113097656.25,-92.86517652192674
113102539.0625,-92.85987923278464
113107421.875,-92.79156802697577
113112304.6875,-92.84541510872589
113117187.5,-92.96754091980426
113122070.3125,-92.82376169165207
113126953.125,-92.71359681267714
113131835.9375,-93.00566685154908
113136718.75,-92.8633281922541
113141601.5625,-92.83336776237695
113146484.375,-92.84758009247739
113151367.1875,-92.7869418446331
113156250.0,-92.82982246317377
113161132.8125,-92.93799459127601
113166015.625,-92.85999479945474
113170898.4375,-92.98804982005385
113175781.25,-92.82030723750356
113180664.0625,-92.94074520528571
113185546.875,-92.93530704153432
113190429.6875,-92.86011806660986
113195312.5,-92.93554569802706
113200195.3125,-92.84330923223854
113205078.125,-92.84109832437682
113209960.9375,-92.81000300686969
113214843.75,-92.83240571176336
113219726.5625,-92.83405230634895
113224609.375,-92.84032220160887
113229492.1875,-92.90607694594325
113234375.0,-92.80701564727732
113239257.8125,-92.91470909505091
113244140.625,-92.8564013201451
113249023.4375,-92.82563903985564
113253906.25,-92.84665236080346
113258789.0625,-92.89312110239254
113263671.875,-92.76929654035297
113268554.6875,-92.8322527362912
113273437.5,-93.03482086513563
113278320.3125,-92.91018212495698
113283203.125,-92.8845286391142
113288085.9375,-92.91690830524976
113292968.75,-92.93345196612103
113297851.5625,-92.83356508047183
113302734.375,-92.90873611162158
113307617.1875,-92.82866994570247
113312500.0,-92.8018628003883
113317382.8125,-92.79831309835896
113322265.625,-92.8914481803732
113327148.4375,-92.8565414161055
113332031.25,-92.8675556920443
113336914.0625,-92.79092076906204
113341796.875,-92.82561081599846
113346679.6875,-92.80090114207746
113351562.5,-92.84283508348236
113356445.3125,-92.92834649943404
113361328.125,-92.85101155378325
113366210.9375,-92.71498142220562
113371093.75,-92.7656921519378
113375976.5625,-92.84070427764675
113380859.375,-92.6896411914021
113385742.1875,-92.71941990903284
113390625.0,-92.77111426162315
113395507.8125,-92.64166570027353
113400390.625,-92.73718698200466
113405273.4375,-92.6691709220496
113410156.25,-92.66097692762168
113415039.0625,-92.65721126669317
113419921.875,-92.69583373080499
113424804.6875,-92.74229727851736
113429687.5,-92.83665417341214
113434570.3125,-92.69742278675585
113439453.125,-92.7326184805087
113444335.9375,-92.79004607359454
113449218.75,-92.86620888949528
113454101.5625,-92.76884920772198
113458984.375,-92.91528097726197
113463867.1875,-92.72349410394418
113468750.0,-92.79901552379022
113473632.8125,-92.84483113982049
113478515.625,-92.87628310029379
113483398.4375,-92.8821722488043
113488281.25,-92.75244663445153
113493164.0625,-92.95919141541586
113498046.875,-92.79942643838359
113502929.6875,-92.88619872910684
113507812.5,-92.88364260898314
113512695.3125,-92.77072914497771
113517578.125,-92.89998339567572
113522460.9375,-92.89442266061451
113527343.75,-92.79119582430295
113532226.5625,-92.89055508675045
113537109.375,-92.80003160284406
113541992.1875,-92.74195618229788
113546875.0,-92.90775931679352
113551757.8125,-92.90645660612904
113556640.625,-92.80722787587337
113561523.4375,-92.87962136630372
113566406.25,-92.9011844991467
113571289.0625,-92.92356591593614
113576171.875,-92.88254301561204
113581054.6875,-92.84755859554991
113585937.5,-92.85462375558726
113590820.3125,-92.69125148772486
113595703.125,-92.95564114102066
113600585.9375,-92.73070565117521
113605468.75,-92.75008880977018
113610351.5625,-92.81430640521288
113615234.375,-92.8281823701225
113620117.1875,-92.87701578560569
113625000.0,-92.91066025197574
113629882.8125,-92.84659602712634
113634765.625,-92.8737148124421
113639648.4375,-92.95354700158771
113644531.25,-92.8686923318352
113649414.0625,-92.81550479510412
113654296.875,-92.87036976724687
113659179.6875,-92.81752156620973
113664062.5,-92.82269775710904
113668945.3125,-92.83934978683212
113673828.125,-92.80808510496246
113678710.9375,-92.81371192941137
113683593.75,-92.81440830614261
113688476.5625,-92.8300702098054
113693359.375,-92.81440871435109
113698242.1875,-92.82161473917083
113703125.0,-92.9343144324707
113708007.8125,-92.8221179602767
113712890.625,-92.86167723290308
113717773.4375,-92.76005821806714
113722656.25,-92.83455965584668
113727539.0625,-92.86841938291028
113732421.875,-92.87802533159916
113737304.6875,-92.75550422371222
113742187.5,-92.84202503168865
113747070.3125,-92.79414838485172
113751953.125,-92.82999976621656
113756835.9375,-92.78096413688462
113761718.75,-92.83807423801943
113766601.5625,-92.84664328321048
113771484.375,-92.81490244483516
113776367.1875,-92.89452162414958
113781250.0,-92.83281630514117
113786132.8125,-92.7750988653344
113791015.625,-92.85232674697318
113795898.4375,-92.80053356226324
113800781.25,-92.80936468641727
113805664.0625,-92.83067983330338
113810546.875,-92.80946564004955
113815429.6875,-92.93961852386107
113820312.5,-92.71484078260445
113825195.3125,-92.73851155875556
113830078.125,-92.79950099471645
113834960.9375,-92.78319140515165
113839843.75,-92.75313423586846
113844726.5625,-92.78143385523126
113849609.375,-92.79371270397411
113854492.1875,-92.72475105768166
113859375.0,-92.80172991211407
113864257.8125,-92.81551197030657
113869140.625,-92.85160384541848
113874023.4375,-92.68430049105825
113878906.25,-92.84188358512469
113883789.0625,-92.81407740393749
113888671.875,-92.85070030395303
113893554.6875,-92.84257889850306
113898437.5,-92.80127915340157
113903320.3125,-92.73291274893407
113908203.125,-92.73215550213274
113913085.9375,-92.78817339977604
113917968.75,-92.74263460590578
113922851.5625,-92.64428131306585
113927734.375,-92.57145267152455
113932617.1875,-92.54295685201416
113937500.0,-92.39764886107119
113942382.8125,-92.35445399203405
113947265.625,-92.44857591018521
113952148.4375,-92.34853748691057
113957031.25,-92.30811379031329
113961914.0625,-92.3413373274953
113966796.875,-92.337098896714
113971679.6875,-92.25477497982692
113976562.5,-92.15924648873442
113981445.3125,-92.11754221158057
113986328.125,-92.2471584957641
113991210.9375,-92.09447873539736
113996093.75,-92.28874601696486
114000976.5625,-92.3726758913549
114005859.375,-92.63670119265208
114010742.1875,-92.5848090192392
114015625.0,-92.55423731999602
114020507.8125,-92.74536043440276
114025390.625,-92.60733359852279
114030273.4375,-92.69730239998657
114035156.25,-92.75624877017037
114040039.0625,-92.6018993031638
114044921.875,-92.59679559820256
114049804.6875,-92.55650621172526
114054687.5,-92.69263172593656
114059570.3125,-92.69515718985585
114064453.125,-92.78133286296273
114069335.9375,-92.68697424933865
114074218.75,-92.71399659726171
114079101.5625,-92.68375071628915
114083984.375,-92.75198705595369
114088867.1875,-92.85080078605796
114093750.0,-92.8310936895156
114098632.8125,-92.79623451720644
114103515.625,-92.76317764838018
114108398.4375,-92.76975829643067
114113281.25,-92.79683149243544
114118164.0625,-92.8794087167658
114123046.875,-92.8236891466394
114127929.6875,-92.74631841722629
114132812.5,-92.82104087870917
114137695.3125,-92.8135052983207
114142578.125,-92.82049291102692
114147460.9375,-92.77245467306955
114152343.75,-92.70753934840931
114157226.5625,-92.81101366767817
114162109.375,-92.7470590119724
114166992.1875,-92.74628245062101
114171875.0,-92.8738667987651
114176757.8125,-92.7408208224154
114181640.625,-92.76659588797258
114186523.4375,-92.93702104993332
114191406.25,-92.78508858456908
114196289.0625,-92.77693711592073
114201171.875,-92.76221699854341
114206054.6875,-92.82793451919252
114210937.5,-92.86224880296783
114215820.3125,-92.7436653333958
114220703.125,-92.76448097795833
114225585.9375,-92.73677006218054
114230468.75,-92.7593670784423
114235351.5625,-92.8200522966581
114240234.375,-92.63440554488596
114245117.1875,-92.63696796061762
114250000.0,-92.67265210827313
114254882.8125,-92.56118390799614
114259765.625,-92.87867585388707
114264648.4375,-92.72454409119263
114269531.25,-92.54475282319666
114274414.0625,-92.76491799364331
114279296.875,-92.52056411140597
114284179.6875,-92.28346249701127
114289062.5,-92.08505469215521
114293945.3125,-92.23937967153893
114298828.125,-92.29648711483631
114303710.9375,-92.5439179904098
114308593.75,-92.48932557348735
114313476.5625,-92.44382689999662
114318359.375,-92.68216071282433
114323242.1875,-92.65219087544165
114328125.0,-92.82474116356067
114333007.8125,-92.61306621523363
114337890.625,-92.6999828642096
114342773.4375,-92.7640977806164
114347656.25,-92.83568205962987
114352539.0625,-92.87285248144559
114357421.875,-92.89819517268518
114362304.6875,-92.85726143329236
114367187.5,-92.82466063553943
114372070.3125,-92.9101344701757
114376953.125,-92.80353564209477
114381835.9375,-92.71271247587745
114386718.75,-92.91055537853094
114391601.5625,-92.69686858215044
114396484.375,-92.84489321411559
114401367.1875,-92.76633771499172
114406250.0,-92.78392438008527
114411132.8125,-92.64895867770682
114416015.625,-92.97756571145396
114420898.4375,-92.78580513719933
114425781.25,-92.75852120687281
114430664.0625,-92.74883722390743
114435546.875,-92.83189539746499
114440429.6875,-92.88852016469289
114445312.5,-92.83620119554294
114450195.3125,-92.78202944316374
114455078.125,-92.82304692319013
114459960.9375,-92.86710776785466
114464843.75,-92.81128763742035
114469726.5625,-92.84019432433905
114474609.375,-92.60883264577461
114479492.1875,-92.78907162591906
114484375.0,-92.66544477835396
114489257.8125,-92.69992763610594
114494140.625,-92.68164164737411
114499023.4375,-92.74017802207194
114503906.25,-92.69866635513475
114508789.0625,-92.67451020028182
114513671.875,-92.68038743309492
114518554.6875,-92.49771605003647
114523437.5,-92.45918541013592
114528320.3125,-92.5565822659664
114533203.125,-92.55033208840723
114538085.9375,-92.4617580117285
114542968.75,-92.33919504455201
114547851.5625,-92.45393963570672
114552734.375,-92.27493569837048
114557617.1875,-92.3706569273759
114562500.0,-92.20462182484391
114567382.8125,-92.24571982049551
114572265.625,-92.24795868985177
114577148.4375,-92.28843895810243
114582031.25,-92.13171490165496
114586914.0625,-92.17873900680732
114591796.875,-92.14644010772409
114596679.6875,-91.94503895917987
114601562.5,-91.84456345189554
114606445.3125,-91.72170521252917
114611328.125,-91.7598007949434
114616210.9375,-91.72039376478006
114621093.75,-91.6867213587195
114625976.5625,-91.805097346715
114630859.375,-91.74914331206227
114635742.1875,-91.82601932061709
114640625.0,-91.9236255953009
114645507.8125,-91.98373216885727
114650390.625,-91.98904719915501
114655273.4375,-92.04416667485938
114660156.25,-92.33965991705244
114665039.0625,-92.23950187250168
114669921.875,-92.23425365072237
114674804.6875,-92.4384164815674
114679687.5,-92.43917954945195
114684570.3125,-92.57817641122261
114689453.125,-92.53249160689896
114694335.9375,-92.52054359231349
114699218.75,-92.64498539641193
114704101.5625,-92.59040072922824
114708984.375,-92.61548314364259
114713867.1875,-92.73592570863804
114718750.0,-92.61773057436545
114723632.8125,-92.73408035352315
114728515.625,-92.7962426524769
114733398.4375,-92.82438793123856
114738281.25,-92.73817372002685
114743164.0625,-92.88951332121266
114748046.875,-92.73369456355309
114752929.6875,-92.77977973459085
114757812.5,-92.75782399212329
114762695.3125,-92.69491146375631
114767578.125,-92.64197079537979
114772460.9375,-92.7331896764228
114777343.75,-92.60747462553283
114782226.5625,-92.6997089436573
114787109.375,-92.56729906418232
114791992.1875,-92.72803340819024
114796875.0,-92.41285762736072
114801757.8125,-92.42387362438186
114806640.625,-92.4329653930406
114811523.4375,-92.33272142162818
114816406.25,-92.26860302571549
114821289.0625,-92.2547897235356
114826171.875,-92.39345963007787
114831054.6875,-92.38646820772269
114835937.5,-92.39784163688319
114840820.3125,-92.47807489951572
114845703.125,-92.52925731426978
114850585.9375,-92.56557643014662
114855468.75,-92.492483824972
114860351.5625,-92.64373395975727
114865234.375,-92.75151502765414
114870117.1875,-92.86525804960661
114875000.0,-92.88504358343988
114879882.8125,-92.84055625291526
114884765.625,-92.85680554737777
114889648.4375,-92.81413993542054
114894531.25,-92.82739659744027
114899414.0625,-92.80008994511849
114904296.875,-92.86828950079223
114909179.6875,-92.76832028611926
114914062.5,-92.83605160945785
114918945.3125,-92.91504201851086
114923828.125,-92.85546124921385
114928710.9375,-92.90703937335974
114933593.75,-92.90997656085094
114938476.5625,-92.86306125922101
114943359.375,-92.85333797310568
114948242.1875,-92.96193198346162
114953125.0,-92.89197646434883
114958007.8125,-92.7957579419978
114962890.625,-92.92869730678842
114967773.4375,-92.8382607356904
114972656.25,-92.8014975860421
114977539.0625,-92.91060046709302
114982421.875,-92.84891399493375
114987304.6875,-93.00332935314512
114992187.5,-92.84801377607619
114997070.3125,-92.989019969699
115001953.125,-92.91309943336717
115006835.9375,-92.88077732783813
115011718.75,-92.84535870916096
115016601.5625,-92.84470714765243
115021484.375,-92.930392750296
115026367.1875,-92.81897409509341
115031250.0,-92.84556406594399
115036132.8125,-92.89012961620355
115041015.625,-92.84333310479985
115045898.4375,-92.86359772695016
115050781.25,-92.8453093341634
115055664.0625,-92.82235037297937
115060546.875,-92.8933681226085
115065429.6875,-92.8310688155535
115070312.5,-92.92541868370492
115075195.3125,-92.83391537250847
115080078.125,-92.8699031933049
115084960.9375,-92.88534339688067
115089843.75,-92.94153686969446
115094726.5625,-92.83329673073186
115099609.375,-92.94393096854546
115104492.1875,-92.949692576042
115109375.0,-92.88670636053774
115114257.8125,-92.89010294122943
115119140.625,-92.86349612071521
115124023.4375,-92.88033575235903
115128906.25,-92.84959071311607
115133789.0625,-92.82931929773292
115138671.875,-92.8871500984886
115143554.6875,-92.81663058327223
115148437.5,-92.98998828996127
115153320.3125,-92.82401864111375
115158203.125,-92.84729983355521
115163085.9375,-92.83530373244585
115167968.75,-92.97099316572437
115172851.5625,-92.86484552657237
115177734.375,-93.02241561161037
115182617.1875,-93.03308720332939
115187500.0,-92.85738132901568
115192382.8125,-92.93509150760264
115197265.625,-92.86063247218885
115202148.4375,-92.86903440373948
115207031.25,-92.85635370739655
115211914.0625,-92.84761962068399
115216796.875,-92.88435038952807
115221679.6875,-92.88268802076598
115226562.5,-92.87947979108685
115231445.3125,-92.88987194622106
115236328.125,-92.87862895358762
115241210.9375,-92.89266293364653
115246093.75,-92.76951469026633
115250976.5625,-92.80490116669844
115255859.375,-92.85911097064013
115260742.1875,-92.85592888413336
115265625.0,-92.87135391375284
115270507.8125,-92.94060940448085
115275390.625,-92.97227135382468
115280273.4375,-92.86964524401236
115285156.25,-92.87304899969877
115290039.0625,-92.90025235252108
115294921.875,-92.81403689773907
115299804.6875,-92.74015716652835
115304687.5,-92.76050361546967
115309570.3125,-92.69707102524768
115314453.125,-92.70743644288981
115319335.9375,-92.54402759753378
115324218.75,-92.65077304725847
115329101.5625,-92.54617309234939
115333984.375,-92.457774049797
115338867.1875,-92.55727949791034
115343750.0,-92.41828961600112
115348632.8125,-92.39717534320741
115353515.625,-92.27350925635588
115358398.4375,-92.1615445148141
115363281.25,-91.99514327859129
115368164.0625,-92.05129502870182
115373046.875,-92.00332599616769
115377929.6875,-91.66897782532408
115382812.5,-91.48424727583011
115387695.3125,-91.49842168582973
115392578.125,-91.39021284097583
115397460.9375,-91.41274377516228
115402343.75,-91.3455759809475
115407226.5625,-91.22521347481307
115412109.375,-91.38687698517154
115416992.1875,-91.35255639442278
115421875.0,-91.52857767828269
115426757.8125,-91.74258280669645
115431640.625,-91.7690812510773
115436523.4375,-92.10529850300398
115441406.25,-92.03634166045202
115446289.0625,-92.21017191740927
115451171.875,-92.19479026348046
115456054.6875,-92.27791163492233
115460937.5,-92.25792964252884
115465820.3125,-92.42561258806018
115470703.125,-92.43245316056584
115475585.9375,-92.43844308821679
115480468.75,-92.64970638332389
115485351.5625,-92.48385655947024
115490234.375,-92.6451469375998
115495117.1875,-92.67097355191663
115500000.0,-92.71150217086162
115504882.8125,-92.80418532085744
115509765.625,-92.81739191869354
115514648.4375,-92.8038864668016
115519531.25,-92.831100698878
115524414.0625,-92.80454959334432
115529296.875,-92.76144702906512
115534179.6875,-92.92284182731191
115539062.5,-92.91937454828042
115543945.3125,-92.96511926117984
115548828.125,-92.89295831895183
115553710.9375,-92.79822851152514
115558593.75,-92.91817947038297
115563476.5625,-92.84983924674779
115568359.375,-92.9930091190642
115573242.1875,-92.82004713684589
115578125.0,-92.97559586177283
115583007.8125,-92.90219862867343
115587890.625,-92.88450895064247
115592773.4375,-92.94905237433429
115597656.25,-92.82159871009483
115602539.0625,-92.95733488545869
115607421.875,-92.92905912083947
115612304.6875,-92.88204771859924
115617187.5,-92.88058001152325
115622070.3125,-92.76122284797984
115626953.125,-92.81637113901232
115631835.9375,-92.92125738159046
115636718.75,-92.79174412492947
115641601.5625,-92.7562016421596
115646484.375,-92.77179728107774
115651367.1875,-92.65870281971931
115656250.0,-92.74134811576221
115661132.8125,-92.61783475931469
115666015.625,-92.57355010638094
115670898.4375,-92.46002978215694
115675781.25,-92.5169921693612
115680664.0625,-92.60471921339092
115685546.875,-92.40160972548276
115690429.6875,-92.45775093097319
115695312.5,-92.22705549173384
115700195.3125,-92.23498526752766
115705078.125,-92.2363802695447
115709960.9375,-92.2107300864983
115714843.75,-92.34191943539545
115719726.5625,-92.38194829766053
115724609.375,-92.4555476484719
115729492.1875,-92.4277024846941
115734375.0,-92.37356278110508
115739257.8125,-92.6571825049432
115744140.625,-92.606174926358
115749023.4375,-92.6590037227368
115753906.25,-92.77840470011185
115758789.0625,-92.79764369764553
115763671.875,-92.83604668345527
115768554.6875,-92.87721274170434
115773437.5,-92.88679007926726
115778320.3125,-92.89938245516223
115783203.125,-92.90059571008155
115788085.9375,-93.00614484863988
115792968.75,-92.79944345321877
115797851.5625,-92.86289412129005
115802734.375,-92.94920497335013
115807617.1875,-92.9268027098395
115812500.0,-92.83507564446512
115817382.8125,-92.97168231641808
115822265.625,-92.91438194372606
115827148.4375,-92.91440942530951
115832031.25,-92.91683097477608
115836914.0625,-92.91597773870853
115841796.875,-92.7821347879206
115846679.6875,-92.99250668511365
115851562.5,-92.84416604678518
115856445.3125,-92.88673805522575
115861328.125,-92.91358769176284
115866210.9375,-92.93836790623664
115871093.75,-92.80153565417271
115875976.5625,-92.83879708578925
115880859.375,-92.88263898120806
115885742.1875,-92.91352739404596
115890625.0,-92.88394618827235
115895507.8125,-92.97357993756532
115900390.625,-92.89176574986249
115905273.4375,-92.81515785430435
115910156.25,-92.87533332554071
115915039.0625,-92.96853476282885
115919921.875,-92.8232918245522
115924804.6875,-92.90639520126038
115929687.5,-92.78853427752978
115934570.3125,-92.81276106308849
115939453.125,-92.94958700947589
115944335.9375,-92.89329353341799
115949218.75,-92.91901657775219
115954101.5625,-92.7053334082436
115958984.375,-92.84939356896251
115963867.1875,-92.85452980609023
115968750.0,-92.82608666305143
115973632.8125,-92.89378124811927
115978515.625,-92.77172991813791
115983398.4375,-92.85341064956333
115988281.25,-92.80359029711042
115993164.0625,-92.79976219880513
115998046.875,-92.85282989987525
116002929.6875,-92.83648575150406
116007812.5,-92.78185950307116
116012695.3125,-92.67029823031217
116017578.125,-92.78712588796208
116022460.9375,-92.96431215142849
116027343.75,-92.8965202548998
116032226.5625,-92.8573281373092
116037109.375,-92.8235503174885
116041992.1875,-92.90141945726799
116046875.0,-92.9998518577053
116051757.8125,-92.87464950764664
116056640.625,-92.93095054695883
116061523.4375,-92.79939362124804
116066406.25,-92.78926375588472
116071289.0625,-92.97120767880352
116076171.875,-92.95943219563995
116081054.6875,-92.89979188608271
116085937.5,-92.91685553156171
116090820.3125,-92.91690231181374
116095703.125,-92.96926614328032
116100585.9375,-92.9671691315437
116105468.75,-92.90118968615838
116110351.5625,-92.86831363507605
116115234.375,-92.86801864429759
116120117.1875,-92.96169695400908
116125000.0,-92.94924526480773
116129882.8125,-92.95031152274441
116134765.625,-92.83658603657173
116139648.4375,-92.85576212499097
116144531.25,-92.83235470660975
116149414.0625,-92.86368388859142
116154296.875,-92.90684530650711
116159179.6875,-93.0075735883552
116164062.5,-92.77095747317253
116168945.3125,-92.94490243399068
116173828.125,-92.80343830629275
116178710.9375,-92.766225941666
116183593.75,-92.89557720584509
116188476.5625,-92.91160691067489
116193359.375,-92.85338325663076
116198242.1875,-92.80536225844935
116203125.0,-92.86811190910205
116208007.8125,-92.89815458251019
116212890.625,-92.78917086273532
116217773.4375,-92.78344243295047
116222656.25,-92.83959454478403
116227539.0625,-92.88014624728044
116232421.875,-92.81459698542389
116237304.6875,-92.67161639855718
116242187.5,-92.76791697088854
116247070.3125,-92.68534443071701
116251953.125,-92.60339135068287
116256835.9375,-92.55616246057625
116261718.75,-92.24470863784464
116266601.5625,-92.28146281170541
116271484.375,-92.06757449574997
116276367.1875,-91.82338377125726
116281250.0,-90.74615965342392
116286132.8125,-91.61687879906779
116291015.625,-91.1050900654372
116295898.4375,-89.01424766997826
116300781.25,-86.80609720692513
116305664.0625,-91.0498936852297
116310546.875,-92.02209998213246
116315429.6875,-92.05173110302127
116320312.5,-91.94688096609681
116325195.3125,-92.48100946090483
116330078.125,-92.49506267341201
116334960.9375,-92.72838607680913
116339843.75,-92.62759102183873
116344726.5625,-92.78743940505805
116349609.375,-92.64192560988141
116354492.1875,-92.69983561314359
116359375.0,-92.66061089638595
116364257.8125,-92.61721739611855
116369140.625,-92.80207924042048
116374023.4375,-92.81933630794373
116378906.25,-92.74352623161059
116383789.0625,-92.87653872188707
116388671.875,-92.85727636880222
116393554.6875,-92.76971112446435
116398437.5,-92.84031858034848
116403320.3125,-92.79263892312383
116408203.125,-92.6742348712506
116413085.9375,-92.90359930698261
116417968.75,-92.93956891329884
116422851.5625,-92.75139440116851
116427734.375,-92.80094643803326
116432617.1875,-92.72396792361113
116437500.0,-92.82678546573001
116442382.8125,-92.73755158445505
116447265.625,-92.82061653317311
116452148.4375,-92.7321222216047
116457031.25,-92.70420230586205
116461914.0625,-92.62600750086156
116466796.875,-92.75945486168675
116471679.6875,-92.6237819761482
116476562.5,-92.79667705883207
116481445.3125,-92.7535457231524
116486328.125,-92.73941776658447
116491210.9375,-92.76548882008404
116496093.75,-92.71474800271821
116500976.5625,-92.6500673349619
116505859.375,-92.6943708935446
116510742.1875,-92.59780025325963
116515625.0,-92.54854828659057
116520507.8125,-92.48160142944226
116525390.625,-92.5391228063695
116530273.4375,-92.55531525073832
116535156.25,-92.52442458029572
116540039.0625,-92.50454790329701
116544921.875,-92.45464889880421
116549804.6875,-92.38747970535218
116554687.5,-92.36307369721277
116559570.3125,-92.27135951155458
116564453.125,-92.18578065088872
116569335.9375,-92.26264895884958
116574218.75,-92.16588726610536
116579101.5625,-92.06821573191365
116583984.375,-92.1762056254106
116588867.1875,-92.09758055151605
116593750.0,-92.03248359931018
116598632.8125,-92.13278344541493
116603515.625,-92.14498227437855
116608398.4375,-92.24917315586583
116613281.25,-92.12406329988471
116618164.0625,-92.19753722267794
116623046.875,-92.11095055866437
116627929.6875,-92.23114625072841
116632812.5,-92.3188676415032
116637695.3125,-92.20113075502306
116642578.125,-92.33841946593492
116647460.9375,-92.50991692630171
116652343.75,-92.38923319552188
116657226.5625,-92.42604868709378
116662109.375,-92.45939326473803
116666992.1875,-92.52773562624338
116671875.0,-92.55384878324696
116676757.8125,-92.6292893317356
116681640.625,-92.52705027148724
116686523.4375,-92.60889574300955
116691406.25,-92.57876430752316
116696289.0625,-92.7109702523797
116701171.875,-92.69064822559497
116706054.6875,-92.62703342549966
116710937.5,-92.63040030204314
116715820.3125,-92.66243694243491
116720703.125,-92.53027107761997
116725585.9375,-92.69758907514347
116730468.75,-92.59810844980416
116735351.5625,-92.76701678208698
116740234.375,-92.77096608179053
116745117.1875,-92.67574545734891
116750000.0,-92.63235194252343
116754882.8125,-92.65017533403116
116759765.625,-92.68763658074926
116764648.4375,-92.72462493806239
116769531.25,-92.81365158682095
116774414.0625,-92.81175117829949
116779296.875,-92.70371571348397
116784179.6875,-92.81986101539513
116789062.5,-92.70477331214477
116793945.3125,-92.79779172245247
116798828.125,-92.80334639362633
116803710.9375,-92.65616722729814
116808593.75,-92.77305355895587
116813476.5625,-92.75464421206158
116818359.375,-92.78891043258798
116823242.1875,-92.65015727910196
116828125.0,-92.65802290285885
116833007.8125,-92.67269296420497
116837890.625,-92.72935434300561
116842773.4375,-92.57887989496692
116847656.25,-92.77079493500582
116852539.0625,-92.52915426974536
116857421.875,-92.48471554605388
116862304.6875,-92.56145073557929
116867187.5,-92.50329780862046
116872070.3125,-92.58695537345164
116876953.125,-92.58246945637288
116881835.9375,-92.49147977914384
116886718.75,-92.46008253003728
116891601.5625,-92.60541859779565
116896484.375,-92.68110800678153
116901367.1875,-92.5966119885147
116906250.0,-92.60842701528998
116911132.8125,-92.60054565877496
116916015.625,-92.56583994206346
116920898.4375,-92.58734896169182
116925781.25,-92.59407633270445
116930664.0625,-92.65606735327597
116935546.875,-92.73783412163033
116940429.6875,-92.5944196533842
116945312.5,-92.66162334981456
116950195.3125,-92.79098957118492
116955078.125,-92.6745225142754
116959960.9375,-92.70582544546448
116964843.75,-92.61797614027643
116969726.5625,-92.70508870493427
116974609.375,-92.77823520376498
116979492.1875,-92.74958332677133
116984375.0,-92.71774891082981
116989257.8125,-92.72773559702796
116994140.625,-92.980096897116
116999023.4375,-92.71602887428327
117003906.25,-92.84412536918842
117008789.0625,-92.76922652283727
117013671.875,-92.83102235419798
117018554.6875,-92.77239418283597
117023437.5,-92.75350569537278
117028320.3125,-92.85865635718312
117033203.125,-92.90511669939687
117038085.9375,-92.77878275280321
117042968.75,-92.86601205561416
117047851.5625,-92.82692027699605
117052734.375,-92.90682711354287
117057617.1875,-92.86321456885335
117062500.0,-92.77750159354173
117067382.8125,-92.75803848868037
117072265.625,-92.9916020840489
117077148.4375,-92.77548861063718
117082031.25,-92.87092863682386
117086914.0625,-92.75736817434895
117091796.875,-92.8422023813743
117096679.6875,-92.76372039351631
117101562.5,-92.85500625481936
117106445.3125,-92.8529500866563
117111328.125,-92.79869230222354
117116210.9375,-92.75062466454659
117121093.75,-92.81240441094565
117125976.5625,-92.758410982031
117130859.375,-92.72729681980422
117135742.1875,-92.80328657612793
117140625.0,-92.76383095610657
117145507.8125,-92.76888171258653
117150390.625,-92.80963084634763
117155273.4375,-92.72806708760552
117160156.25,-92.6143287156919
117165039.0625,-92.78774606199136
117169921.875,-92.76330725618922
117174804.6875,-92.73333028714956
117179687.5,-92.71410108993854
117184570.3125,-92.73141186845163
117189453.125,-92.76237516944639
117194335.9375,-92.76447766212843
117199218.75,-92.83361864252768
117204101.5625,-92.85469537029101
117208984.375,-92.8447002897349
117213867.1875,-92.83841976818309
117218750.0,-92.79907304685977
117223632.8125,-92.86983338334358
117228515.625,-92.8875690480879
117233398.4375,-92.83326355491116
117238281.25,-92.96604671297072
117243164.0625,-92.8431447683246
117248046.875,-92.79017146797622
117252929.6875,-92.8429946551247
117257812.5,-92.78014094291584
117262695.3125,-92.78159476682674
117267578.125,-92.9674136004108
117272460.9375,-92.88711012436005
117277343.75,-92.82969225161219
117282226.5625,-92.80945102579824
117287109.375,-92.87225768022833
117291992.1875,-92.90993333816795
117296875.0,-92.72099389854137
117301757.8125,-92.8609907839469
117306640.625,-92.8468166073296
117311523.4375,-92.73190737109906
117316406.25,-92.7111525968372
117321289.0625,-92.63367620408769
117326171.875,-92.64519113466676
117331054.6875,-92.59115138749743
117335937.5,-92.50662812467914
117340820.3125,-92.51683145684987
117345703.125,-92.39677875166774
117350585.9375,-92.52969752722521
117355468.75,-92.49517638299801
117360351.5625,-92.26388485445361
117365234.375,-92.33744621583571
117370117.1875,-92.30006054432909
117375000.0,-92.08945511726827
117379882.8125,-92.05760717739486
117384765.625,-92.25487849814056
117389648.4375,-92.0420364343388
117394531.25,-92.18735310891086
117399414.0625,-92.17164468441129
117404296.875,-92.24211781615352
117409179.6875,-92.20622547223459
117414062.5,-92.40477072809841
117418945.3125,-92.38002162447276
117423828.125,-92.40662151956019
117428710.9375,-92.45051568275596
117433593.75,-92.41837787049218
117438476.5625,-92.55346515966724
117443359.375,-92.49209016390404
117448242.1875,-92.6656910570085
117453125.0,-92.48668576108184
117458007.8125,-92.57987524639591
117462890.625,-92.5981375330665
117467773.4375,-92.61472191238892
117472656.25,-92.61313796186028
117477539.0625,-92.75563959297745
117482421.875,-92.84284167824686
117487304.6875,-92.75151321322616
117492187.5,-92.69973227466261
117497070.3125,-92.83576861739363
117501953.125,-92.75785130070383
117506835.9375,-92.82723776368837
117511718.75,-92.96425596766761
117516601.5625,-92.7057929312954
117521484.375,-92.83527280972831
117526367.1875,-92.8098701886216
117531250.0,-92.96092943089423
117536132.8125,-92.7643461258059
117541015.625,-92.84441158458395
117545898.4375,-92.87609400065125
117550781.25,-92.87514748581154
117555664.0625,-92.91436772424237
117560546.875,-92.90615047772096
117565429.6875,-92.84211846117134
117570312.5,-92.87831498810456
117575195.3125,-92.90066902970017
117580078.125,-92.87056760512482
117584960.9375,-92.93478394541975
117589843.75,-92.88913143915127
117594726.5625,-92.85700376578885
117599609.375,-92.94287269077176
117604492.1875,-92.87346240964195
117609375.0,-92.80647358246833
117614257.8125,-92.73036489965455
117619140.625,-92.88311799481957
117624023.4375,-92.87171665704872
117628906.25,-92.95888531573485
117633789.0625,-92.86850261295857
117638671.875,-92.92183285763977
117643554.6875,-92.77381084625421
117648437.5,-92.77509173432082
117653320.3125,-93.0065577760908
117658203.125,-92.87325612243481
117663085.9375,-92.91030606173697
117667968.75,-92.83985038904376
117672851.5625,-92.80547733785642
117677734.375,-92.79415427021587
117682617.1875,-93.0925693479312
117687500.0,-92.83281051442688
117692382.8125,-92.81314550006311
117697265.625,-92.80997606377332
117702148.4375,-92.70256838176522
117707031.25,-92.67901842875233
117711914.0625,-92.84066689135733
117716796.875,-92.88979606798807
117721679.6875,-92.81525995348241
117726562.5,-92.8112646642511
117731445.3125,-92.93714172462617
117736328.125,-92.84128714005675
117741210.9375,-92.79890980778663
117746093.75,-92.80826451054915
117750976.5625,-92.94442741413033
117755859.375,-92.84736515037648
117760742.1875,-92.9093184204965
117765625.0,-92.90146151705099
117770507.8125,-92.87948963924677
117775390.625,-92.94625155962561
117780273.4375,-92.88820171527138
117785156.25,-92.79088862534874
117790039.0625,-92.7613126398719
117794921.875,-92.88792517740586
117799804.6875,-92.9660595433266
117804687.5,-92.91777547823995
117809570.3125,-92.91534831650029
117814453.125,-92.85219156786835
117819335.9375,-92.97135088212005
117824218.75,-92.8341245860224
117829101.5625,-92.94179479350083
117833984.375,-92.78922056059156
117838867.1875,-92.88731857814685
117843750.0,-92.9047004078306
117848632.8125,-92.95054459711668
117853515.625,-92.88698072806525
117858398.4375,-92.89024932455922
117863281.25,-92.8369764308037
117868164.0625,-92.8622756723953
117873046.875,-92.85138802862232
117877929.6875,-92.91896283497144
117882812.5,-92.93698284547526
117887695.3125,-92.86067533878077
117892578.125,-92.90929454610469
117897460.9375,-92.87863937559845
117902343.75,-92.90438052981409
117907226.5625,-92.76275181257799
117912109.375,-92.93096082919487
117916992.1875,-92.8501450390207
117921875.0,-92.85032709587463
117926757.8125,-92.84482510019365
117931640.625,-92.83604628426954
117936523.4375,-92.77032220310161
117941406.25,-92.91861472112049
117946289.0625,-92.94898561587561
117951171.875,-92.82692446441601
117956054.6875,-92.90030920612958
117960937.5,-92.91279694793897
117965820.3125,-92.8330092386509
117970703.125,-92.95387517431897
117975585.9375,-92.83434640234177
117980468.75,-92.88385722701832
117985351.5625,-92.77511977487484
117990234.375,-92.90520939888677
117995117.1875,-92.89745537911676
