Frecuencia_Hz,PSD_dBm
136000000.0,-93.63448968769109
136004882.8125,-93.7882047430075
136009765.625,-93.77165322944825
136014648.4375,-93.91860764455217
136019531.25,-93.76329718488154
136024414.0625,-93.6885989904917
136029296.875,-93.79618841514235
136034179.6875,-93.67306169089414
136039062.5,-93.81619332564475
136043945.3125,-93.66380105250227
136048828.125,-93.73933191850881
136053710.9375,-93.66273840610177
136058593.75,-93.80040012361042
136063476.5625,-93.73321858906633
136068359.375,-93.7634119950136
136073242.1875,-93.85011805918836
136078125.0,-93.76786842150676
136083007.8125,-93.75323191319063
136087890.625,-93.81320764423725
136092773.4375,-93.81890047519423
136097656.25,-93.82986930615192
136102539.0625,-93.81457014113244
136107421.875,-93.7276800891758
136112304.6875,-93.79022933588521
136117187.5,-93.83005533183115
136122070.3125,-93.81676204181147
136126953.125,-93.73616624617307
136131835.9375,-93.77704846030656
136136718.75,-93.76355976823999
136141601.5625,-93.75801000689748
136146484.375,-93.78114041223157
136151367.1875,-93.84749228232604
136156250.0,-93.75806856325696
136161132.8125,-93.76350860129321
136166015.625,-93.8152283660483
136170898.4375,-93.85221552857232
136175781.25,-93.87600973465504
136180664.0625,-93.92784262768606
136185546.875,-93.87336427850474
136190429.6875,-93.80486947561604
136195312.5,-93.75246181391617
136200195.3125,-93.95536641779486
136205078.125,-93.8827878850023
136209960.9375,-93.82785032785898
136214843.75,-93.82384497723217
136219726.5625,-93.83015586180369
136224609.375,-93.66542026941607
136229492.1875,-93.79529172648805
136234375.0,-93.75667633840493
136239257.8125,-93.75100762051903
136244140.625,-93.84326681668279
136249023.4375,-93.80832831966583
136253906.25,-93.83614269383659
136258789.0625,-93.75985567142337
136263671.875,-93.7728454954939
136268554.6875,-93.85600604998686
136273437.5,-93.85094114533572
136278320.3125,-93.83911511135432
136283203.125,-93.78268877708399
136288085.9375,-93.8804939833781
136292968.75,-93.75925744710497
136297851.5625,-93.86389685192992
136302734.375,-93.91042272346289
136307617.1875,-93.83776893547144
136312500.0,-93.86999523362888
136317382.8125,-93.89450926025174
136322265.625,-93.8170777526422
136327148.4375,-93.87069002723206
136332031.25,-93.82470969509723
136336914.0625,-93.92124223572239
136341796.875,-93.85750800483464
136346679.6875,-93.74743262469227
136351562.5,-93.81200713632455
136356445.3125,-93.72857931372761
136361328.125,-93.8565414365184
136366210.9375,-93.70361540006232
136371093.75,-93.77615491242526
136375976.5625,-93.76261297086447
136380859.375,-93.90297647087382
136385742.1875,-93.79549852938055
136390625.0,-93.75443559634164
136395507.8125,-93.74110221241602
136400390.625,-93.86021393533281
136405273.4375,-93.78415043537146
136410156.25,-93.74052657548063
136415039.0625,-93.90283589775993
136419921.875,-93.75892968235675
136424804.6875,-93.77037945508368
136429687.5,-93.83888634464563
136434570.3125,-93.80928713168834
136439453.125,-93.67845906794699
136444335.9375,-93.78782273730025
136449218.75,-93.80741030882905
136454101.5625,-93.88047247157417
136458984.375,-93.81371898899573
136463867.1875,-93.82596943265753
136468750.0,-93.82470192241684
136473632.8125,-93.84307418304101
136478515.625,-93.74993362493302
136483398.4375,-93.78210047619768
136488281.25,-93.84982995020667
136493164.0625,-93.77064118223456
136498046.875,-93.89876017167026
136502929.6875,-93.79406221891117
136507812.5,-93.69081057444635
136512695.3125,-93.74457821165942
136517578.125,-93.80381390441599
136522460.9375,-93.83056131194178
136527343.75,-93.88377289993673
136532226.5625,-93.86789459685383
136537109.375,-93.8599058112375
136541992.1875,-93.89463058851916
136546875.0,-93.85817720310757
136551757.8125,-93.7922638160295
136556640.625,-93.82853444039668
136561523.4375,-93.83875861818464
136566406.25,-93.85257853458756
136571289.0625,-93.86464288381572
136576171.875,-93.91089649064662
136581054.6875,-93.82724242923987
136585937.5,-93.86936597776884
136590820.3125,-93.79664169354331
136595703.125,-93.80191205865077
136600585.9375,-93.91006392433235
136605468.75,-93.82115881546824
136610351.5625,-93.83724943270224
136615234.375,-93.81704069452707
136620117.1875,-93.69776290052823
136625000.0,-93.78571681493452
136629882.8125,-93.77471416681843
136634765.625,-93.71586370550332
136639648.4375,-93.81928193687887
136644531.25,-93.88169273638542
136649414.0625,-93.73753576042998
136654296.875,-93.80774873818936
136659179.6875,-93.91200220324637
136664062.5,-93.80631143533816
136668945.3125,-93.8695448898034
136673828.125,-93.75832897992632
136678710.9375,-93.81081916962177
136683593.75,-93.82949821317612
136688476.5625,-93.84800385761767
136693359.375,-93.81104412566947
136698242.1875,-93.801431392665
136703125.0,-93.91478780134332
136708007.8125,-93.81571610875508
136712890.625,-93.88616396356323
136717773.4375,-93.79835457434501
136722656.25,-93.74700379916851
136727539.0625,-93.79541940646993
136732421.875,-93.71775101986489
136737304.6875,-93.8812189634098
136742187.5,-93.87000209356856
136747070.3125,-93.88075651754724
136751953.125,-93.72119750929787
136756835.9375,-93.772646959952
136761718.75,-93.82612102445276
136766601.5625,-93.8343850278697
136771484.375,-93.85108434033373
136776367.1875,-93.70805892020431
136781250.0,-93.82482130430449
136786132.8125,-93.85462896023392
136791015.625,-93.75881118997529
136795898.4375,-93.7566197037714
136800781.25,-93.78421857934524
136805664.0625,-93.68448273842719
136810546.875,-93.99330479646952
136815429.6875,-93.70579504948154
136820312.5,-93.90537499523356
136825195.3125,-93.7230992861069
136830078.125,-93.83726051099416
136834960.9375,-93.7221060270536
136839843.75,-93.87608704357598
136844726.5625,-93.77765246591892
136849609.375,-93.77124213803566
136854492.1875,-93.75624092869302
136859375.0,-93.93651344029996
136864257.8125,-93.81038651998242
136869140.625,-93.8636743040702
136874023.4375,-93.73601757178452
136878906.25,-93.82418143965947
136883789.0625,-93.81392264276823
136888671.875,-93.68378976562948
136893554.6875,-93.79312617486664
136898437.5,-93.75545961718458
136903320.3125,-93.89352597066878
136908203.125,-93.80560159550294
136913085.9375,-93.72861170522475
136917968.75,-93.7841562624152
136922851.5625,-93.84493026914012
136927734.375,-93.70780991164264
136932617.1875,-93.64109730752662
136937500.0,-93.7201685238457
136942382.8125,-93.6751795731341
136947265.625,-93.70924238201567
136952148.4375,-93.77561871056952
136957031.25,-93.7998894991498
136961914.0625,-93.84894397602625
136966796.875,-93.80550734624347
136971679.6875,-93.75593911736723
136976562.5,-93.6849896976635
136981445.3125,-93.76103030771003
136986328.125,-93.79328650574709
136991210.9375,-93.70728098829403
136996093.75,-93.73121499426762
137000976.5625,-93.77487104160093
137005859.375,-93.77733905047234
137010742.1875,-93.77852197493993
137015625.0,-93.87532094682155
137020507.8125,-93.77944167481445
137025390.625,-93.86055245591322
137030273.4375,-93.88381575114664
137035156.25,-93.82328744748438
137040039.0625,-93.7535796558858
137044921.875,-93.73380306534978
137049804.6875,-93.77296418271783
137054687.5,-93.65124367055213
137059570.3125,-93.86989131751011
137064453.125,-93.85696341602636
137069335.9375,-93.87289423769778
137074218.75,-93.70444617107037
137079101.5625,-93.75915185453681
137083984.375,-93.66888343659241
137088867.1875,-93.74671380715856
137093750.0,-93.91115406225686
137098632.8125,-93.73978746942996
137103515.625,-93.83579139616128
137108398.4375,-93.80312240804685
137113281.25,-93.78643222216593
137118164.0625,-93.7786018787821
137123046.875,-93.75973052394608
137127929.6875,-93.67716060421924
137132812.5,-93.80712971995678
137137695.3125,-93.71417201506372
137142578.125,-93.75401892406532
137147460.9375,-93.64935298327498
137152343.75,-93.68413986559386
137157226.5625,-93.8879723612267
137162109.375,-93.79413974207847
137166992.1875,-93.85718737066645
137171875.0,-93.77626805623322
137176757.8125,-93.76349741286074
137181640.625,-93.77057344782446
137186523.4375,-93.8272243850746
137191406.25,-93.813003484174
137196289.0625,-93.76334419155128
137201171.875,-93.75312579165796
137206054.6875,-93.65448697956282
137210937.5,-93.7538132709434
137215820.3125,-93.83485764685963
137220703.125,-93.81172918616042
137225585.9375,-93.74425928629236
137230468.75,-93.6910334847943
137235351.5625,-93.82313410856801
137240234.375,-93.73813956042244
137245117.1875,-93.66385342366902
137250000.0,-93.68441970084427
137254882.8125,-93.72335044907794
137259765.625,-93.69895473516777
137264648.4375,-93.84658995489457
137269531.25,-93.6717991517713
137274414.0625,-93.77427738501319
137279296.875,-93.86393522666768
137284179.6875,-93.68397521237401
137289062.5,-93.75825295710084
137293945.3125,-93.69329137369516
137298828.125,-93.67380495697478
137303710.9375,-93.6983106168594
137308593.75,-93.68165401278083
137313476.5625,-93.68763050602965
137318359.375,-93.8303239930963
137323242.1875,-93.66566972400187
137328125.0,-93.70711459367652
137333007.8125,-93.67314346977167
137337890.625,-93.58758253736025
137342773.4375,-93.71110855196844
137347656.25,-93.71778210945274
137352539.0625,-93.58160636188231
137357421.875,-93.65729354594367
137362304.6875,-93.74143774897877
137367187.5,-93.80449016567806
137372070.3125,-93.69780985569179
137376953.125,-93.62539107283192
137381835.9375,-93.66506033434175
137386718.75,-93.66945798283501
137391601.5625,-93.79645349756615
137396484.375,-93.78380375797298
137401367.1875,-93.62462375707474
137406250.0,-93.7375583666483
137411132.8125,-93.6864617743671
137416015.625,-93.68901855454203
137420898.4375,-93.80764998243902
137425781.25,-93.7949127238272
137430664.0625,-93.682169063521
137435546.875,-93.69101023300843
137440429.6875,-93.64145387879248
137445312.5,-93.86761289364858
137450195.3125,-93.69406396469063
137455078.125,-93.74009052239569
137459960.9375,-93.75338920157293
137464843.75,-93.71285596646294
137469726.5625,-93.86960903007363
137474609.375,-93.62243936025521
137479492.1875,-93.64478124248396
137484375.0,-93.88105788736658
137489257.8125,-93.66965770525275
137494140.625,-93.69131452486351
137499023.4375,-93.7968881525241
137503906.25,-93.71853923142552
137508789.0625,-93.6992374492124
137513671.875,-93.70245964489567
137518554.6875,-93.67618376616261
137523437.5,-93.69712664834645
137528320.3125,-93.72482492657494
137533203.125,-93.6296731432715
137538085.9375,-93.6141220693219
137542968.75,-93.76834157890676
137547851.5625,-93.78790373648158
137552734.375,-93.75990883546879
137557617.1875,-93.68541274182479
137562500.0,-93.77665033557517
137567382.8125,-93.7344674463827
137572265.625,-93.83717910547372
137577148.4375,-93.77921075752641
137582031.25,-93.68825684694542
137586914.0625,-93.76992808110083
137591796.875,-93.6953998113901
137596679.6875,-93.62931575465777
137601562.5,-93.75461460697971
137606445.3125,-93.74194577249571
137611328.125,-93.74596798839724
137616210.9375,-93.71593015209382
137621093.75,-93.78609972822335
137625976.5625,-93.78358967654563
137630859.375,-93.76358690563609
137635742.1875,-93.77302392028093
137640625.0,-93.63713493961004
137645507.8125,-93.61387946045926
137650390.625,-93.79529607058114
137655273.4375,-93.75535148505676
137660156.25,-93.6399120003955
137665039.0625,-93.62057038540138
137669921.875,-93.67634044857311
137674804.6875,-93.67854182761462
137679687.5,-93.72754579741519
137684570.3125,-93.75929680391613
137689453.125,-93.69220723404828
137694335.9375,-93.57720384332953
137699218.75,-93.71238731980227
137704101.5625,-93.67636396397455
137708984.375,-93.81945050061577
137713867.1875,-93.71001503457217
137718750.0,-93.70360687516217
137723632.8125,-93.66115136097227
137728515.625,-93.79053939677982
137733398.4375,-93.74712480544375
137738281.25,-93.72550878978194
137743164.0625,-93.74369054828165
137748046.875,-93.74143499263641
137752929.6875,-93.66795271373866
137757812.5,-93.65131659961793
137762695.3125,-93.71334320738754
137767578.125,-93.65922644413882
137772460.9375,-93.77316617331826
137777343.75,-93.76680803880402
137782226.5625,-93.73469071095576
137787109.375,-93.65623750822164
137791992.1875,-93.78945222011214
137796875.0,-93.73258190368489
137801757.8125,-93.77604084567412
137806640.625,-93.6855803936244
137811523.4375,-93.8390095695986
137816406.25,-93.8334213588522
137821289.0625,-93.6355253439562
137826171.875,-93.82915689548864
137831054.6875,-93.8123706575071
137835937.5,-93.69812130027367
137840820.3125,-93.84833233994826
137845703.125,-93.73431691062024
137850585.9375,-93.78996633480284
137855468.75,-93.72172459937082
137860351.5625,-93.71795978297865
137865234.375,-93.65919756997042
137870117.1875,-93.79073371912932
137875000.0,-93.77638326645354
137879882.8125,-93.73351846799167
137884765.625,-93.76153883152853
137889648.4375,-93.76212857722874
137894531.25,-93.64302180165004
137899414.0625,-93.6832163224096
137904296.875,-93.80077073194838
137909179.6875,-93.70204981378478
137914062.5,-93.71681962344326
137918945.3125,-93.80242629750381
137923828.125,-93.62056296262156
137928710.9375,-93.72335772803623
137933593.75,-93.73129568218789
137938476.5625,-93.7666082838723
137943359.375,-93.71105398053777
137948242.1875,-93.73915797159046
137953125.0,-93.8087264635326
137958007.8125,-93.6901694628695
137962890.625,-93.75210799202654
137967773.4375,-93.73386256277999
137972656.25,-93.7133818848211
137977539.0625,-93.5842818538099
137982421.875,-93.64473381447311
137987304.6875,-93.69247635848421
137992187.5,-93.70591950911361
137997070.3125,-93.74278863662255
138001953.125,-93.72559668968347
138006835.9375,-93.66724610036158
138011718.75,-93.65905564886489
138016601.5625,-93.81775438013304
138021484.375,-93.71225939502295
138026367.1875,-93.6572934347262
138031250.0,-93.69721200995974
138036132.8125,-93.74432995507539
138041015.625,-93.79215993572132
138045898.4375,-93.81029262345731
138050781.25,-93.72950933659632
138055664.0625,-93.69947786343738
138060546.875,-93.70948155268411
138065429.6875,-93.75468108775291
138070312.5,-93.83892731895486
138075195.3125,-93.70288228461018
138080078.125,-93.79325884990885
138084960.9375,-93.74992431627675
138089843.75,-93.71176110569965
138094726.5625,-93.57303069749403
138099609.375,-93.7219426712916
138104492.1875,-93.64869361343042
138109375.0,-93.6319281798437
138114257.8125,-93.72256172049961
138119140.625,-93.63936875323759
138124023.4375,-93.66479171097791
138128906.25,-93.65389960464196
138133789.0625,-93.70381398905951
138138671.875,-93.66340221998979
138143554.6875,-93.74787289251358
138148437.5,-93.79243314215441
138153320.3125,-93.71163844214024
138158203.125,-93.76032682983231
138163085.9375,-93.76841884707531
138167968.75,-93.61861352891964
138172851.5625,-93.68984131954869
138177734.375,-93.67976038663164
138182617.1875,-93.62031227186122
138187500.0,-93.6687902181497
138192382.8125,-93.80011259609276
138197265.625,-93.76188666465771
138202148.4375,-93.71157880789758
138207031.25,-93.66381536260474
138211914.0625,-93.67249100563012
138216796.875,-93.73887070728085
138221679.6875,-93.70881960916626
138226562.5,-93.71322504378008
138231445.3125,-93.5819851938713
138236328.125,-93.77809269718341
138241210.9375,-93.78488670691121
138246093.75,-93.80976653951541
138250976.5625,-93.69523438718008
138255859.375,-93.71846664894417
138260742.1875,-93.7326291294082
138265625.0,-93.74093529719102
138270507.8125,-93.74649912258789
138275390.625,-93.66206844120268
138280273.4375,-93.6950873262879
138285156.25,-93.68232122599355
138290039.0625,-93.67966169260896
138294921.875,-93.64120392851973
138299804.6875,-93.7581493788646
138304687.5,-93.7192862932502
138309570.3125,-93.59223758684126
138314453.125,-93.78861671813209
138319335.9375,-93.73397879414568
138324218.75,-93.69613526419658
138329101.5625,-93.70085021418134
138333984.375,-93.69363154582771
138338867.1875,-93.75543427387512
138343750.0,-93.81686140050294
138348632.8125,-93.6631145789433
138353515.625,-93.68808377571872
138358398.4375,-93.58998311987321
138363281.25,-93.65786132673173
138368164.0625,-93.66277123404404
138373046.875,-93.69789130050185
138377929.6875,-93.76784987137572
138382812.5,-93.76309246914383
138387695.3125,-93.71880575221064
138392578.125,-93.75173543868686
138397460.9375,-93.69968742611889
138402343.75,-93.83878819675274
138407226.5625,-93.6835780059746
138412109.375,-93.63347385394826
138416992.1875,-93.70449474484346
138421875.0,-93.73600904942276
138426757.8125,-93.75275895294348
138431640.625,-93.84212554849756
138436523.4375,-93.75495263566123
138441406.25,-93.76976525410294
138446289.0625,-93.665237900689
138451171.875,-93.6695534200137
138456054.6875,-93.77342423454701
138460937.5,-93.71568619735288
138465820.3125,-93.71588984197533
138470703.125,-93.8356053043222
138475585.9375,-93.67344808872176
138480468.75,-93.68309201008924
138485351.5625,-93.77502888274506
138490234.375,-93.74744632445928
138495117.1875,-93.59239666008284
138500000.0,-93.79973151519243
138504882.8125,-93.65402406346726
138509765.625,-93.77787590322586
138514648.4375,-93.78279908735973
138519531.25,-93.795422163193
138524414.0625,-93.68023380747974
138529296.875,-93.74323148582445
138534179.6875,-93.76989613731538
138539062.5,-93.70293843310913
138543945.3125,-93.73134520380833
138548828.125,-93.72619582524808
138553710.9375,-93.73699587149676
138558593.75,-93.77853633363293
138563476.5625,-93.70787975190183
138568359.375,-93.76124717838655
138573242.1875,-93.76825695903455
138578125.0,-93.73169415618207
138583007.8125,-93.68749300744665
138587890.625,-93.68355014001918
138592773.4375,-93.66743952053002
138597656.25,-93.69949136344633
138602539.0625,-93.63088761463058
138607421.875,-93.6230875016426
138612304.6875,-93.7551388568017
138617187.5,-93.75786474006051
138622070.3125,-93.71855461232113
138626953.125,-93.7503308622189
138631835.9375,-93.76500528235692
138636718.75,-93.69766842016091
138641601.5625,-93.89486642644255
138646484.375,-93.71206765725657
138651367.1875,-93.76304424150726
138656250.0,-93.6491155982894
138661132.8125,-93.72560926138209
138666015.625,-93.76032714186044
138670898.4375,-93.7176531132115
138675781.25,-93.75829838057729
138680664.0625,-93.7394658822854
138685546.875,-93.70343203348449
138690429.6875,-93.68895761480414
138695312.5,-93.77701939954608
138700195.3125,-93.75275482295638
138705078.125,-93.76113559876507
138709960.9375,-93.70439787525453
138714843.75,-93.79203102326517
138719726.5625,-93.74169437835039
138724609.375,-93.75490941796059
138729492.1875,-93.62082745450141
138734375.0,-93.77091136011711
138739257.8125,-93.68780046676324
138744140.625,-93.80423776406667
138749023.4375,-93.780261428377
138753906.25,-93.83388460242554
138758789.0625,-93.79297418257761
138763671.875,-93.71385763694207
138768554.6875,-93.76510817579668
138773437.5,-93.85841289721407
138778320.3125,-93.77661195686835
138783203.125,-93.72101364379174
138788085.9375,-93.85765731672166
138792968.75,-93.73303321115796
138797851.5625,-93.60982057506024
138802734.375,-93.70439709479507
138807617.1875,-93.79603160016876
138812500.0,-93.76565574280943
138817382.8125,-93.70997759656899
138822265.625,-93.67168306818394
138827148.4375,-93.74776822844831
138832031.25,-93.74308916899878
138836914.0625,-93.69464825618803
138841796.875,-93.77251353830442
138846679.6875,-93.68466977076275
138851562.5,-93.66167481021938
138856445.3125,-93.75200323024183
138861328.125,-93.6508272284681
138866210.9375,-93.74510361612738
138871093.75,-93.72602577304394
138875976.5625,-93.73810972548927
138880859.375,-93.71233878576896
138885742.1875,-93.75399200757411
138890625.0,-93.68401939420863
138895507.8125,-93.7385050765798
138900390.625,-93.70020725164386
138905273.4375,-93.84634404864693
138910156.25,-93.84458532123426
138915039.0625,-93.73265266368722
138919921.875,-93.85890649748379
138924804.6875,-93.62934117898737
138929687.5,-93.71925592090034
138934570.3125,-93.82949726213025
138939453.125,-93.83071236447205
138944335.9375,-93.76953201392917
138949218.75,-93.81088278548461
138954101.5625,-93.67063269002978
138958984.375,-93.80054008607976
138963867.1875,-93.86581808856215
138968750.0,-93.74738982592544
138973632.8125,-93.74114232131743
138978515.625,-93.71300957736705
138983398.4375,-93.81286676337999
138988281.25,-93.8097171311831
138993164.0625,-93.72304588720198
138998046.875,-93.77136364397234
139002929.6875,-93.92555128116328
139007812.5,-93.89853098637704
139012695.3125,-93.77926461152529
139017578.125,-93.80624100521598
139022460.9375,-93.78640115270801
139027343.75,-93.83108299628509
139032226.5625,-93.70713168891908
139037109.375,-93.78983782091555
139041992.1875,-93.85477702998588
139046875.0,-93.71779932658194
139051757.8125,-93.8153385292714
139056640.625,-93.75815871958818
139061523.4375,-93.72310382231564
139066406.25,-93.82373366137568
139071289.0625,-93.66933253583497
139076171.875,-93.88105221812106
139081054.6875,-93.88181576994882
139085937.5,-93.80958587896117
139090820.3125,-93.8366896950547
139095703.125,-93.82967327510471
139100585.9375,-93.7977885924403
139105468.75,-93.92019541243926
139110351.5625,-93.82566718008732
139115234.375,-93.84013170253235
139120117.1875,-93.82974775818019
139125000.0,-93.72182584091792
139129882.8125,-93.78543359991124
139134765.625,-93.71303353172408
139139648.4375,-93.8080073183956
139144531.25,-93.78143998639487
139149414.0625,-93.68543192938495
139154296.875,-93.79910925534446
139159179.6875,-93.83624691876892
139164062.5,-93.7511490753042
139168945.3125,-93.73671822132962
139173828.125,-93.75483118251657
139178710.9375,-93.80543349956653
139183593.75,-93.74178756225061
139188476.5625,-93.73493048480825
139193359.375,-93.8178470225827
139198242.1875,-93.69388463874995
139203125.0,-93.73929223766768
139208007.8125,-93.8647354178903
139212890.625,-93.81781333165594
139217773.4375,-93.82789200232008
139222656.25,-93.72096970155508
139227539.0625,-93.86095804673616
139232421.875,-93.72228885876444
139237304.6875,-93.89600628028586
139242187.5,-93.78466104196963
139247070.3125,-93.84450021183753
139251953.125,-93.90532471802376
139256835.9375,-93.75600264601036
139261718.75,-93.85197474826498
139266601.5625,-93.80178485937807
139271484.375,-93.78078622703273
139276367.1875,-93.755240152895
139281250.0,-93.6863514045717
139286132.8125,-93.74771057310136
139291015.625,-93.86808176666935
139295898.4375,-93.74463496365479
139300781.25,-93.76402421729051
139305664.0625,-93.82902497734142
139310546.875,-93.89247294007404
139315429.6875,-93.77010669993209
139320312.5,-93.76209011381297
139325195.3125,-93.74124680183925
139330078.125,-93.78100749271528
139334960.9375,-93.72358192797125
139339843.75,-93.91618928319593
139344726.5625,-93.70880709932413
139349609.375,-93.75684534342739
139354492.1875,-93.86744702203265
139359375.0,-93.77148618203617
139364257.8125,-93.73463248353733
139369140.625,-93.7617845432136
139374023.4375,-93.84317467511823
139378906.25,-93.8946196638525
139383789.0625,-93.70397254951422
139388671.875,-93.7724386415801
139393554.6875,-93.70976984592136
139398437.5,-93.8792916297212
139403320.3125,-93.81864042574267
139408203.125,-93.7288032468395
139413085.9375,-93.7300428212566
139417968.75,-93.67110183350303
139422851.5625,-93.77327691523575
139427734.375,-93.5800966390045
139432617.1875,-93.65897450021117
139437500.0,-93.90208007746554
139442382.8125,-93.88785238408155
139447265.625,-93.79333021105484
139452148.4375,-93.77382215061974
139457031.25,-93.8846745751658
139461914.0625,-93.72211298882246
139466796.875,-93.79580507152738
139471679.6875,-93.74621725943899
139476562.5,-93.78596776969738
139481445.3125,-93.76416337949621
139486328.125,-93.72121780782447
139491210.9375,-93.83715880980245
139496093.75,-93.77366114036715
139500976.5625,-93.67041685708546
139505859.375,-93.64590369787518
139510742.1875,-93.90546451851489
139515625.0,-93.6871831474036
139520507.8125,-93.69326186282225
139525390.625,-93.73152643138522
139530273.4375,-93.71946697181238
139535156.25,-93.6995032544558
139540039.0625,-93.78758831824118
139544921.875,-93.79431555034529
139549804.6875,-93.76639065204517
139554687.5,-93.65843808619672
139559570.3125,-93.74391851502477
139564453.125,-93.62577349745283
139569335.9375,-93.7552124954772
139574218.75,-93.79307599379501
139579101.5625,-93.72961222829818
139583984.375,-93.82287569657217
139588867.1875,-93.69747220518866
139593750.0,-93.69508670730676
139598632.8125,-93.75091690474181
139603515.625,-93.8220720055887
139608398.4375,-93.82296406517833
139613281.25,-93.77772538181472
139618164.0625,-93.80314837740286
139623046.875,-93.79500983988976
139627929.6875,-93.87286561893546
139632812.5,-93.71671866406541
139637695.3125,-93.88309150300694
139642578.125,-93.73523957083191
139647460.9375,-93.8446796693168
139652343.75,-93.67128104000898
139657226.5625,-93.84245674088774
139662109.375,-93.67807548065434
139666992.1875,-93.69993889218887
139671875.0,-93.68894157155847
139676757.8125,-93.65686177033007
139681640.625,-93.80109479063492
139686523.4375,-93.82858507118704
139691406.25,-93.79661168135783
139696289.0625,-93.75898897687341
139701171.875,-93.7825143932628
139706054.6875,-93.77033309766577
139710937.5,-93.87595022022077
139715820.3125,-93.80373909134846
139720703.125,-93.70043967355366
139725585.9375,-93.8460272448529
139730468.75,-93.8118951165832
139735351.5625,-93.79437437206872
139740234.375,-93.77205596357388
139745117.1875,-93.80074715474478
139750000.0,-93.78999207716652
139754882.8125,-93.83665217211174
139759765.625,-93.77088053109108
139764648.4375,-93.70248300887897
139769531.25,-93.79475564670844
139774414.0625,-93.71506174357484
139779296.875,-93.71459492825443
139784179.6875,-93.65816809070134
139789062.5,-93.89115089833041
139793945.3125,-93.77112668671006
139798828.125,-93.78733163711382
139803710.9375,-93.76957661626363
139808593.75,-93.65543181541102
139813476.5625,-93.80251791985555
139818359.375,-93.77584311117874
139823242.1875,-93.7517420042837
139828125.0,-93.81041424266925
139833007.8125,-93.75673484785054
139837890.625,-93.7455349416177
139842773.4375,-93.73030884325033
139847656.25,-93.75240835988623
139852539.0625,-93.67783819351087
139857421.875,-93.7234481941326
139862304.6875,-93.79059596857826
139867187.5,-93.74628315489554
139872070.3125,-93.72422766960963
139876953.125,-93.62091740710224
139881835.9375,-93.69368885985745
139886718.75,-93.80785152845908
139891601.5625,-93.80256762869828
139896484.375,-93.8225906054891
139901367.1875,-93.61200740061014
139906250.0,-93.7835713888216
139911132.8125,-93.74750337008834
139916015.625,-93.66636488864486
139920898.4375,-93.78568014103752
139925781.25,-93.80033859366472
139930664.0625,-93.72511100688808
139935546.875,-93.78846807534873
139940429.6875,-93.74041372123142
139945312.5,-93.75918628754727
139950195.3125,-93.8578291607331
139955078.125,-93.74028772831448
139959960.9375,-93.73445930903381
139964843.75,-93.80852420576147
139969726.5625,-93.81070320874113
139974609.375,-93.73013517354048
139979492.1875,-93.65702765962308
139984375.0,-93.77397802946464
139989257.8125,-93.75578615075639
139994140.625,-93.73573068495602
139999023.4375,-93.68800394487945
140003906.25,-93.77126277772538
140008789.0625,-93.6871681119797
140013671.875,-93.78644908629315
140018554.6875,-93.7428255304053
140023437.5,-93.73472376839197
140028320.3125,-93.69900759146185
140033203.125,-93.62689655053984
140038085.9375,-93.8013509134671
140042968.75,-93.65726887459093
140047851.5625,-93.81140778402647
140052734.375,-93.55226579595802
140057617.1875,-93.67912007225468
140062500.0,-93.78199719970681
140067382.8125,-93.73147834731029
140072265.625,-93.69125085660852
140077148.4375,-93.85708971303893
140082031.25,-93.63408044636171
140086914.0625,-93.74020174100286
140091796.875,-93.74235845515702
140096679.6875,-93.75257832002913
140101562.5,-93.75712671732123
140106445.3125,-93.69205471239019
140111328.125,-93.73239598363762
140116210.9375,-93.78280004954314
140121093.75,-93.74456033349713
140125976.5625,-93.70793308885169
140130859.375,-93.68972177365646
140135742.1875,-93.63890212370853
140140625.0,-93.69704465988553
140145507.8125,-93.73006274759828
140150390.625,-93.71444995738997
140155273.4375,-93.70876667794118
140160156.25,-93.72435776218276
140165039.0625,-93.73356969169532
140169921.875,-93.8632001199426
140174804.6875,-93.78736317766379
140179687.5,-93.91192231355433
140184570.3125,-93.68159442181258
140189453.125,-93.68025938569906
140194335.9375,-93.76839897647739
140199218.75,-93.68042023787189
140204101.5625,-93.68831501101948
140208984.375,-93.70087412079874
140213867.1875,-93.59084920620828
140218750.0,-93.7016579188317
140223632.8125,-93.70925650279412
140228515.625,-93.67421743795308
140233398.4375,-93.80165153210555
140238281.25,-93.65980810086421
140243164.0625,-93.85724089807013
140248046.875,-93.80815945193973
140252929.6875,-93.77194933424283
140257812.5,-93.72999409242266
140262695.3125,-93.71426535016869
140267578.125,-93.7845944193717
140272460.9375,-93.8806873229785
140277343.75,-93.7784248256126
140282226.5625,-93.77907279787354
140287109.375,-93.78557409633925
140291992.1875,-93.76839428779545
140296875.0,-93.75046619584353
140301757.8125,-93.85232052150434
140306640.625,-93.77063586913243
140311523.4375,-93.7485912941961
140316406.25,-93.85286109612593
140321289.0625,-93.77014228720782
140326171.875,-93.79323167317281
140331054.6875,-93.7126250700357
140335937.5,-93.72707932295441
140340820.3125,-93.68383022695093
140345703.125,-93.79715218750454
140350585.9375,-93.8265663777797
140355468.75,-93.72133596697407
140360351.5625,-93.87657821282596
140365234.375,-93.71496782630035
140370117.1875,-93.72879450524471
140375000.0,-93.70741485498115
140379882.8125,-93.71382130559653
140384765.625,-93.81036705913414
140389648.4375,-93.69406164689408
140394531.25,-93.74514110478057
140399414.0625,-93.7001354883306
140404296.875,-93.84329037608376
140409179.6875,-93.768661263843
140414062.5,-93.71171465258416
140418945.3125,-93.73326480375283
140423828.125,-93.60884311609067
140428710.9375,-93.78588374353879
140433593.75,-93.75127710565152
140438476.5625,-93.76388485507039
140443359.375,-93.74969527595155
140448242.1875,-93.87458943653542
140453125.0,-93.65616859034137
140458007.8125,-93.63008669176494
140462890.625,-93.64244282124648
140467773.4375,-93.67827994392755
140472656.25,-93.65261273382919
140477539.0625,-93.67158921012563
140482421.875,-93.66295619608394
140487304.6875,-93.79523694942375
140492187.5,-93.67368461140677
140497070.3125,-93.75013913834448
140501953.125,-93.70390923621457
140506835.9375,-93.57424923149242
140511718.75,-93.68986127162114
140516601.5625,-93.75195786895898
140521484.375,-93.70193625384675
140526367.1875,-93.71693360141822
140531250.0,-93.80056914887206
140536132.8125,-93.78591750553738
140541015.625,-93.71910624216827
140545898.4375,-93.74130650893633
140550781.25,-93.6003925808852
140555664.0625,-93.64257394553482
140560546.875,-93.74955491674189
140565429.6875,-93.7362014552026
140570312.5,-93.75788032702869
140575195.3125,-93.651443467364
140580078.125,-93.78184706864869
140584960.9375,-93.76146387814691
140589843.75,-93.61839269045663
140594726.5625,-93.65830287565731
140599609.375,-93.71998855732701
140604492.1875,-93.62712212115187
140609375.0,-93.60873376048318
140614257.8125,-93.73081519273288
140619140.625,-93.67452047404356
140624023.4375,-93.71050123733994
140628906.25,-93.70698465358959
140633789.0625,-93.70319466814041
140638671.875,-93.69161378843057
140643554.6875,-93.81626937567151
140648437.5,-93.61761874526672
140653320.3125,-93.78801850332172
140658203.125,-93.80036759146154
140663085.9375,-93.68176504123156
140667968.75,-93.52851461527109
140672851.5625,-93.62072342533077
140677734.375,-93.70446148934931
140682617.1875,-93.71742057746599
140687500.0,-93.64014233279644
140692382.8125,-93.78679521471838
140697265.625,-93.73862494552901
140702148.4375,-93.88051034555727
140707031.25,-93.75520108980425
140711914.0625,-93.65879702893707
140716796.875,-93.67386514174513
140721679.6875,-93.76763531422822
140726562.5,-93.70899571140177
140731445.3125,-93.6509354770123
140736328.125,-93.68429585310724
140741210.9375,-93.67204395094694
140746093.75,-93.71697688471554
140750976.5625,-93.76374483802482
140755859.375,-93.66032617569513
140760742.1875,-93.64202554192016
140765625.0,-93.6497048880781
140770507.8125,-93.71027596916292
140775390.625,-93.74830974641313
140780273.4375,-93.643637811209
140785156.25,-93.6501254601653
140790039.0625,-93.64706772864761
140794921.875,-93.73342079770464
140799804.6875,-93.68890029692906
140804687.5,-93.79946537566127
140809570.3125,-93.63472085706354
140814453.125,-93.59098105150125
140819335.9375,-93.76272075989303
140824218.75,-93.62193082890576
140829101.5625,-93.73561541640208
140833984.375,-93.72006005394132
140838867.1875,-93.78051238616763
140843750.0,-93.68056175607637
140848632.8125,-93.69811025315866
140853515.625,-93.73023057811167
140858398.4375,-93.76656721414818
140863281.25,-93.73678623957122
140868164.0625,-93.67716666160871
140873046.875,-93.70982294071041
140877929.6875,-93.6191314139163
140882812.5,-93.72906087300268
140887695.3125,-93.67290886530031
140892578.125,-93.79702558275201
140897460.9375,-93.64856869503413
140902343.75,-93.67656600543364
140907226.5625,-93.68842985098644
140912109.375,-93.67037729731749
140916992.1875,-93.64250405079858
140921875.0,-93.77604343198928
140926757.8125,-93.73799141849261
140931640.625,-93.77803247393183
140936523.4375,-93.53797876952223
140941406.25,-93.6804840649879
140946289.0625,-93.74088774257743
140951171.875,-93.67629474629172
140956054.6875,-93.6444180904113
140960937.5,-93.63275028667712
140965820.3125,-93.65241345136528
140970703.125,-93.57536703450083
140975585.9375,-93.72317922487429
140980468.75,-93.75681219063952
140985351.5625,-93.79481858965158
140990234.375,-93.70315350099798
140995117.1875,-93.806252475359
141000000.0,-93.59122315688745
141004882.8125,-93.68370381241161
141009765.625,-93.81184562724735
141014648.4375,-93.7042149339328
141019531.25,-93.62259104408875
141024414.0625,-93.76470402511222
141029296.875,-93.64419515741943
141034179.6875,-93.6364209468507
141039062.5,-93.67364775538275
141043945.3125,-93.745982259436
141048828.125,-93.66915501270014
141053710.9375,-93.70966137489742
141058593.75,-93.791023835911
141063476.5625,-93.60234957820867
141068359.375,-93.6795244017604
141073242.1875,-93.60735001660487
141078125.0,-93.65798883058434
141083007.8125,-93.69295381343025
141087890.625,-93.672589665999
141092773.4375,-93.68271270867052
141097656.25,-93.69882445641377
141102539.0625,-93.80108050668045
141107421.875,-93.7235701707688
141112304.6875,-93.6212779475737
141117187.5,-93.55515856063096
141122070.3125,-93.62786861923271
141126953.125,-93.62108268064802
141131835.9375,-93.70058747524064
141136718.75,-93.82858995895612
141141601.5625,-93.5913129856977
141146484.375,-93.79795481312055
141151367.1875,-93.79552371449648
141156250.0,-93.69073524653459
141161132.8125,-93.78328506255787
141166015.625,-93.7807930505227
141170898.4375,-93.67333103749667
141175781.25,-93.69121221486029
141180664.0625,-93.62055506814886
141185546.875,-93.7474594824545
141190429.6875,-93.71511768139351
141195312.5,-93.66421250045914
141200195.3125,-93.70129644067927
141205078.125,-93.76272547338604
141209960.9375,-93.69333289480139
141214843.75,-93.70533188058153
141219726.5625,-93.71044825419588
141224609.375,-93.67133723514755
141229492.1875,-93.85826097382687
141234375.0,-93.61053811901746
141239257.8125,-93.73266301336031
141244140.625,-93.61413141537898
141249023.4375,-93.72206168200452
141253906.25,-93.66013390576856
141258789.0625,-93.73336349550954
141263671.875,-93.72845699796841
141268554.6875,-93.64650087056197
141273437.5,-93.75555127960928
141278320.3125,-93.65825659576174
141283203.125,-93.81077887327703
141288085.9375,-93.67394814683735
141292968.75,-93.83450970313885
141297851.5625,-93.80007105021582
141302734.375,-93.85980478117628
141307617.1875,-93.7394913197248
141312500.0,-93.69534327732822
141317382.8125,-93.7236945183381
141322265.625,-93.69899098235703
141327148.4375,-93.67720998643085
141332031.25,-93.68708876282372
141336914.0625,-93.75388240531612
141341796.875,-93.6752856264157
141346679.6875,-93.6451029525671
141351562.5,-93.7493944386276
141356445.3125,-93.62153577617877
141361328.125,-93.66181831114159
141366210.9375,-93.75580372642844
141371093.75,-93.72104122839539
141375976.5625,-93.75524353335678
141380859.375,-93.7347282595471
141385742.1875,-93.70963608478769
141390625.0,-93.7237578865722
141395507.8125,-93.63287559993466
141400390.625,-93.69950052443124
141405273.4375,-93.73719951971123
141410156.25,-93.70473064315792
141415039.0625,-93.72299712201226
141419921.875,-93.74019720371729
141424804.6875,-93.79240993887402
141429687.5,-93.63729350635032
141434570.3125,-93.8676183705837
141439453.125,-93.64415576893211
141444335.9375,-93.80991107155336
141449218.75,-93.70510986843362
141454101.5625,-93.7343505759294
141458984.375,-93.64986093463551
141463867.1875,-93.76788624234152
141468750.0,-93.7462011965834
141473632.8125,-93.78058913595893
141478515.625,-93.78661414247406
141483398.4375,-93.82323056047582
141488281.25,-93.68159377582009
141493164.0625,-93.80715136858208
141498046.875,-93.75409092992018
141502929.6875,-93.71281457281333
141507812.5,-93.76946242167608
141512695.3125,-93.60531683302682
141517578.125,-93.73572024233542
141522460.9375,-93.74418731423765
141527343.75,-93.67324573423952
141532226.5625,-93.74793127515588
141537109.375,-93.75662201253044
141541992.1875,-93.73733852613256
141546875.0,-93.75133276089053
141551757.8125,-93.70326577769009
141556640.625,-93.75200491895902
141561523.4375,-93.76436911791134
141566406.25,-93.73647747159094
141571289.0625,-93.77051495120995
141576171.875,-93.7349524397141
141581054.6875,-93.63149696081169
141585937.5,-93.7551028058314
141590820.3125,-93.79123363050365
141595703.125,-93.76225693574324
141600585.9375,-93.68515084487325
141605468.75,-93.9128746498163
141610351.5625,-93.82124595698954
141615234.375,-93.84561376527611
141620117.1875,-93.67408881966315
141625000.0,-93.83912409156477
141629882.8125,-93.66915807369799
141634765.625,-93.79582079396502
141639648.4375,-93.75361800875493
141644531.25,-93.74052114396608
141649414.0625,-93.81353148469518
141654296.875,-93.72722378582907
141659179.6875,-93.89101492976909
141664062.5,-93.79586812933039
141668945.3125,-93.60184380009719
141673828.125,-93.70341790321535
141678710.9375,-93.71343101612018
141683593.75,-93.69251386724136
141688476.5625,-93.71327841728231
141693359.375,-93.62477263324018
141698242.1875,-93.76689775038068
141703125.0,-93.75941606149917
141708007.8125,-93.79347267942399
141712890.625,-93.72211896668645
141717773.4375,-93.72082804300811
141722656.25,-93.7091942183747
141727539.0625,-93.7921015473035
141732421.875,-93.7415603023814
141737304.6875,-93.66009803208806
141742187.5,-93.70854874487364
141747070.3125,-93.73503603716432
141751953.125,-93.85384137435378
141756835.9375,-93.76901862781858
141761718.75,-93.80045056617465
141766601.5625,-93.66118090736211
141771484.375,-93.84091961283855
141776367.1875,-93.79746863643047
141781250.0,-93.80065912353129
141786132.8125,-93.67746548288324
141791015.625,-93.65822766250318
141795898.4375,-93.7583557024777
141800781.25,-93.65540329001195
141805664.0625,-93.7813920885996
141810546.875,-93.7800172253855
141815429.6875,-93.7264014853319
141820312.5,-93.84987132811267
141825195.3125,-93.71053177675648
141830078.125,-93.79635325188428
141834960.9375,-93.78333134479035
141839843.75,-93.77788552603494
141844726.5625,-93.91231024809767
141849609.375,-93.70879722999743
141854492.1875,-93.76677769078685
141859375.0,-93.77740142672542
141864257.8125,-93.69923413031356
141869140.625,-93.82232532333154
141874023.4375,-93.87136349304058
141878906.25,-93.90453599558995
141883789.0625,-93.68474227085693
141888671.875,-93.82029263349892
141893554.6875,-93.73345938505875
141898437.5,-93.75331209885195
141903320.3125,-93.76510791454311
141908203.125,-93.79212575036473
141913085.9375,-93.71009694437046
141917968.75,-93.82336876586879
141922851.5625,-93.79480995203903
141927734.375,-93.6624351828394
141932617.1875,-93.76753969076026
141937500.0,-93.77330507606723
141942382.8125,-93.68687623919948
141947265.625,-93.69292763143557
141952148.4375,-93.70293222050779
141957031.25,-93.68043502790667
141961914.0625,-93.80731883758673
141966796.875,-93.62859947143062
141971679.6875,-93.72001551161819
141976562.5,-93.74565902847505
141981445.3125,-93.81352497994669
141986328.125,-93.8999620711378
141991210.9375,-93.75576858031013
141996093.75,-93.59804800312386
142000976.5625,-93.7281747374787
142005859.375,-93.76781531411862
142010742.1875,-93.81012615443274
142015625.0,-93.76469821814365
142020507.8125,-93.73708178384538
142025390.625,-93.7841463176332
142030273.4375,-93.7390695077217
142035156.25,-93.71012070788129
142040039.0625,-93.73489095222979
142044921.875,-93.78594491342676
142049804.6875,-93.68324094256212
142054687.5,-93.7334498574615
142059570.3125,-93.76078471055541
142064453.125,-93.76664117918995
142069335.9375,-93.65919325638842
142074218.75,-93.73589309141266
142079101.5625,-93.76065776584187
142083984.375,-93.79520350583698
142088867.1875,-93.71297732879742
142093750.0,-93.68329640876479
142098632.8125,-93.64749220367236
142103515.625,-93.78689382390183
142108398.4375,-93.763082087237
142113281.25,-93.78415387972663
142118164.0625,-93.70188314580446
142123046.875,-93.68192182746225
142127929.6875,-93.75567148262712
142132812.5,-93.66941089313795
142137695.3125,-93.82462799907333
142142578.125,-93.63580225052644
142147460.9375,-93.74439671017745
142152343.75,-93.72862978584033
142157226.5625,-93.84665198907533
142162109.375,-93.86135362209365
142166992.1875,-93.87697460729666
142171875.0,-93.75972651765565
142176757.8125,-93.71118983678593
142181640.625,-93.72680628107918
142186523.4375,-93.78189034084133
142191406.25,-93.82360291482914
142196289.0625,-93.74174159877634
142201171.875,-93.71299474056462
142206054.6875,-93.74485230102317
142210937.5,-93.77885514613226
142215820.3125,-93.7684413309176
142220703.125,-93.69267486603033
142225585.9375,-93.76491929578799
142230468.75,-93.64717470558509
142235351.5625,-93.70978930428893
142240234.375,-93.78378289799195
142245117.1875,-93.79654022414431
142250000.0,-93.76256415434449
142254882.8125,-93.7597405117873
142259765.625,-93.70786990321125
142264648.4375,-93.76942044499168
142269531.25,-93.71548499406032
142274414.0625,-93.68196765951038
142279296.875,-93.64644030691525
142284179.6875,-93.81208798458624
142289062.5,-93.80034935044932
142293945.3125,-93.79067187746759
142298828.125,-93.87040770597662
142303710.9375,-93.75897906186702
142308593.75,-93.77244466098477
142313476.5625,-93.73142355612134
142318359.375,-93.7975816492606
142323242.1875,-93.8296352551242
142328125.0,-93.8931529050505
142333007.8125,-93.69805228373502
142337890.625,-93.707584635078
142342773.4375,-93.84110074753582
142347656.25,-93.83816512499916
142352539.0625,-93.78338318939413
142357421.875,-93.81946664556975
142362304.6875,-93.76272633305882
142367187.5,-93.71929742805958
142372070.3125,-93.80343755483267
142376953.125,-93.83487922380002
142381835.9375,-93.788384989989
142386718.75,-93.6740705882591
142391601.5625,-93.76975541379687
142396484.375,-93.84328534621619
142401367.1875,-93.66698981158734
142406250.0,-93.74141887981983
142411132.8125,-93.77502316546813
142416015.625,-93.84448148107742
142420898.4375,-93.70309524592767
142425781.25,-93.68366654967971
142430664.0625,-93.70767151793498
142435546.875,-93.73029021115204
142440429.6875,-93.74118197152328
142445312.5,-93.71734052313002
142450195.3125,-93.69068769415705
142455078.125,-93.76421703639267
142459960.9375,-93.73481818619638
142464843.75,-93.72132604859866
142469726.5625,-93.64073992171879
142474609.375,-93.68558912324636
142479492.1875,-93.79847538193593
142484375.0,-93.72851989793301
142489257.8125,-93.73368164746563
142494140.625,-93.70953297192318
142499023.4375,-93.65188155328576
142503906.25,-93.68608969756909
142508789.0625,-93.7062237098634
142513671.875,-93.72145081399808
142518554.6875,-93.68208348177492
142523437.5,-93.72459131334034
142528320.3125,-93.68657108264011
142533203.125,-93.85386202162766
142538085.9375,-93.70473839292046
142542968.75,-93.68569776983446
142547851.5625,-93.79475144756171
142552734.375,-93.73103668410403
142557617.1875,-93.73067074209544
142562500.0,-93.84515565983594
142567382.8125,-93.73221711841649
142572265.625,-93.76853485517353
142577148.4375,-93.76556403626083
142582031.25,-93.68423441031524
142586914.0625,-93.77081729052264
142591796.875,-93.75537389654883
142596679.6875,-93.74170797639349
142601562.5,-93.74341084178255
142606445.3125,-93.77914324120911
142611328.125,-93.69248816653993
142616210.9375,-93.80052247872607
142621093.75,-93.76423328845092
142625976.5625,-93.72770516962845
142630859.375,-93.8139606710995
142635742.1875,-93.63516867226485
142640625.0,-93.8342068158205
142645507.8125,-93.61242799981508
142650390.625,-93.55880875391148
142655273.4375,-93.75028179830048
142660156.25,-93.57431784139993
142665039.0625,-93.7055997242424
142669921.875,-93.78838605805538
142674804.6875,-93.68669886908793
142679687.5,-93.81997914250647
142684570.3125,-93.70710423286297
142689453.125,-93.5756550257152
142694335.9375,-93.7804120670371
142699218.75,-93.72403956511587
142704101.5625,-93.67458901351921
142708984.375,-93.88945958875655
142713867.1875,-93.71695575665109
142718750.0,-93.62088860729997
142723632.8125,-93.7431960830059
142728515.625,-93.67863944053144
142733398.4375,-93.82902865359227
142738281.25,-93.63401047248516
142743164.0625,-93.73835073821428
142748046.875,-93.79432999460533
142752929.6875,-93.83946399099355
142757812.5,-93.74190591112938
142762695.3125,-93.77649311609832
142767578.125,-93.7572862679184
142772460.9375,-93.84781940687657
142777343.75,-93.69664819071855
142782226.5625,-93.72536094386706
142787109.375,-93.82241550955808
142791992.1875,-93.72227399793638
142796875.0,-93.70658228100058
142801757.8125,-93.65771317806502
142806640.625,-93.71283359449637
142811523.4375,-93.69658371030371
142816406.25,-93.6998442692751
142821289.0625,-93.67720057292564
142826171.875,-93.63885574971846
142831054.6875,-93.73780536764517
142835937.5,-93.57592189256366
142840820.3125,-93.74714570523531
142845703.125,-93.62731264650716
142850585.9375,-93.73960879934262
142855468.75,-93.83580762651906
142860351.5625,-93.67444096343402
142865234.375,-93.70167213647022
142870117.1875,-93.58664922708968
142875000.0,-93.7912808781252
142879882.8125,-93.82320627147269
142884765.625,-93.78630543815785
142889648.4375,-93.72890351487592
142894531.25,-93.66003574761959
142899414.0625,-93.79758329413247
142904296.875,-93.67018511441981
142909179.6875,-93.72881118144676
142914062.5,-93.78065323569857
142918945.3125,-93.70973320734396
142923828.125,-93.85098792472905
142928710.9375,-93.80138063169537
142933593.75,-93.87688194688721
142938476.5625,-93.71914734878646
142943359.375,-93.7059709914183
142948242.1875,-93.73850966823323
142953125.0,-93.79548656320236
142958007.8125,-93.7069430864031
142962890.625,-93.65723844313652
142967773.4375,-93.73419386618963
142972656.25,-93.61586630500096
142977539.0625,-93.73226823675361
142982421.875,-93.69900678483631
142987304.6875,-93.7330280950572
142992187.5,-93.75007716367281
142997070.3125,-93.77805030626658
143001953.125,-93.75619358225802
143006835.9375,-93.82752742781332
143011718.75,-93.80334112237756
143016601.5625,-93.79132379005233
143021484.375,-93.65896926536763
143026367.1875,-93.73073405908542
143031250.0,-93.8143509994236
143036132.8125,-93.69818612158849
143041015.625,-93.71312641068528
143045898.4375,-93.73737169292
143050781.25,-93.66857163726212
143055664.0625,-93.64413707454844
143060546.875,-93.75952976602537
143065429.6875,-93.60665370317147
143070312.5,-93.73385932212597
143075195.3125,-93.70463539279763
143080078.125,-93.6321868418261
143084960.9375,-93.82505118373788
143089843.75,-93.72736256677629
143094726.5625,-93.64012918793662
143099609.375,-93.71019276152276
143104492.1875,-93.76635439319429
143109375.0,-93.73097591649059
143114257.8125,-93.63938604286909
143119140.625,-93.63300215976062
143124023.4375,-93.75817268861323
143128906.25,-93.82992253528784
143133789.0625,-93.73272869025533
143138671.875,-93.64843279385607
143143554.6875,-93.75126612784925
143148437.5,-93.70810708144063
143153320.3125,-93.65443773274578
143158203.125,-93.66285568412027
143163085.9375,-93.70236444251756
143167968.75,-93.72289379354018
143172851.5625,-93.68238495477556
143177734.375,-93.49564799753097
143182617.1875,-93.44174781695352
143187500.0,-93.69218092738203
143192382.8125,-93.63533138140954
143197265.625,-93.63365491083846
143202148.4375,-93.68127847599865
143207031.25,-93.63802086349574
143211914.0625,-93.71933045571052
143216796.875,-93.73440245979515
143221679.6875,-93.64762272735828
143226562.5,-93.6457417232184
143231445.3125,-93.52983691900738
143236328.125,-93.67790588489314
143241210.9375,-93.58461498230707
143246093.75,-93.63658766841812
143250976.5625,-93.5842615796486
143255859.375,-93.68712323143279
143260742.1875,-93.67322973922515
143265625.0,-93.71514991005571
143270507.8125,-93.6510453976623
143275390.625,-93.60297861460239
143280273.4375,-93.60449521340158
143285156.25,-93.69938784589056
143290039.0625,-93.77917850123487
143294921.875,-93.66752215936472
143299804.6875,-93.75247920285574
143304687.5,-93.6915774565258
143309570.3125,-93.77020603142472
143314453.125,-93.79327573268156
143319335.9375,-93.74359796739284
143324218.75,-93.74729820912194
143329101.5625,-93.63145636741339
143333984.375,-93.58188458899619
143338867.1875,-93.63588392444356
143343750.0,-93.69903428289058
143348632.8125,-93.8308269018467
143353515.625,-93.68049365404929
143358398.4375,-93.63381720452892
143363281.25,-93.69253254739073
143368164.0625,-93.70018446833012
143373046.875,-93.6016661164314
143377929.6875,-93.68531148695604
143382812.5,-93.5972306332265
143387695.3125,-93.73391910857819
143392578.125,-93.5865714199289
143397460.9375,-93.51344995835058
143402343.75,-93.72407639908008
143407226.5625,-93.69756379324758
143412109.375,-93.66606386975661
143416992.1875,-93.73502412237698
143421875.0,-93.76205453458192
143426757.8125,-93.62965719224675
143431640.625,-93.67254579538132
143436523.4375,-93.64508495321621
143441406.25,-93.80594364220585
143446289.0625,-93.8043329182436
143451171.875,-93.72364670766223
143456054.6875,-93.76152379901342
143460937.5,-93.65212209461899
143465820.3125,-93.73007762321589
143470703.125,-93.58275777434642
143475585.9375,-93.66420450212524
143480468.75,-93.7448696333376
143485351.5625,-93.7317686024619
143490234.375,-93.69738675060518
143495117.1875,-93.64317069366075
143500000.0,-93.50466291889427
143504882.8125,-93.75016313452022
143509765.625,-93.70978374586747
143514648.4375,-93.71940785237442
143519531.25,-93.62399980737462
143524414.0625,-93.72419339367747
143529296.875,-93.69287374944389
143534179.6875,-93.67316341597336
143539062.5,-93.7542483478882
143543945.3125,-93.742627920661
143548828.125,-93.74243114974749
143553710.9375,-93.65988638084818
143558593.75,-93.60105289081406
143563476.5625,-93.66317069524459
143568359.375,-93.66090790034963
143573242.1875,-93.55831454216468
143578125.0,-93.63499883659364
143583007.8125,-93.81256892468741
143587890.625,-93.72615889040583
143592773.4375,-93.5655027028611
143597656.25,-93.67038811098223
143602539.0625,-93.64459445467477
143607421.875,-93.63212891465295
143612304.6875,-93.6362294892524
143617187.5,-93.67391900758079
143622070.3125,-93.62509572106089
143626953.125,-93.65844633611064
143631835.9375,-93.57210714531621
143636718.75,-93.66946158763997
143641601.5625,-93.58452089458888
143646484.375,-93.66718405263012
143651367.1875,-93.7438541132889
143656250.0,-93.66831888470637
143661132.8125,-93.68206056634341
143666015.625,-93.70061182625625
143670898.4375,-93.70760474239819
143675781.25,-93.65285205115504
143680664.0625,-93.58353292602376
143685546.875,-93.70291785646899
143690429.6875,-93.71703445928301
143695312.5,-93.68111780997268
143700195.3125,-93.66916083566022
143705078.125,-93.63233642992367
143709960.9375,-93.59468245378653
143714843.75,-93.64879591144884
143719726.5625,-93.78611721023006
143724609.375,-93.68860217129611
143729492.1875,-93.66056955838911
143734375.0,-93.67829422229832
143739257.8125,-93.7405212845477
143744140.625,-93.64770897913499
143749023.4375,-93.63747777232734
143753906.25,-93.64551398962405
143758789.0625,-93.64639844716024
143763671.875,-93.66330457585286
143768554.6875,-93.6528736195234
143773437.5,-93.64617933907257
143778320.3125,-93.60636732329593
143783203.125,-93.58760814695546
143788085.9375,-93.71862443369852
143792968.75,-93.63213513607789
143797851.5625,-93.7258545891157
143802734.375,-93.79544776143098
143807617.1875,-93.67812617281214
143812500.0,-93.7111772226464
143817382.8125,-93.66147716024113
143822265.625,-93.65096284558985
143827148.4375,-93.72920660057841
143832031.25,-93.68231429573098
143836914.0625,-93.59104397442871
143841796.875,-93.76968223239345
143846679.6875,-93.68147786407644
143851562.5,-93.76105721772748
143856445.3125,-93.69173445717863
143861328.125,-93.53593252461127
143866210.9375,-93.84337434243821
143871093.75,-93.58501259355688
143875976.5625,-93.81390389905562
143880859.375,-93.59546853898917
143885742.1875,-93.78562770594041
143890625.0,-93.68636446085549
143895507.8125,-93.7220810702172
143900390.625,-93.72427658618204
143905273.4375,-93.58735261012183
143910156.25,-93.6167846520616
143915039.0625,-93.7947947595161
143919921.875,-93.67782794029765
143924804.6875,-93.73121930083778
143929687.5,-93.66608052711283
143934570.3125,-93.67808724866308
143939453.125,-93.62090713398106
143944335.9375,-93.85161677277875
143949218.75,-93.67903548142951
143954101.5625,-93.56736582332044
143958984.375,-93.74225667594476
143963867.1875,-93.67707624857971
143968750.0,-93.77991608577827
143973632.8125,-93.61939615731214
143978515.625,-93.61533499831793
143983398.4375,-93.74543741853176
143988281.25,-93.71485918869215
143993164.0625,-93.73357405426958
143998046.875,-93.78826302037396
144002929.6875,-93.63558674136544
144007812.5,-93.70879763241302
144012695.3125,-93.63957190346935
144017578.125,-93.64919241790997
144022460.9375,-93.77586551105196
144027343.75,-93.74088719807798
144032226.5625,-93.84233669830428
144037109.375,-93.64291461458606
144041992.1875,-93.64963735108515
144046875.0,-93.65074393712547
144051757.8125,-93.64830157265601
144056640.625,-93.68724414846665
144061523.4375,-93.66524475444413
144066406.25,-93.78870762258413
144071289.0625,-93.6474401113463
144076171.875,-93.75394421022332
144081054.6875,-93.77310207749133
144085937.5,-93.58790175436994
144090820.3125,-93.74250534788024
144095703.125,-93.75913642277789
144100585.9375,-93.70064190128261
144105468.75,-93.68277019995736
144110351.5625,-93.7751795247718
144115234.375,-93.74722711040332
144120117.1875,-93.68158018250222
144125000.0,-93.72270220605651
144129882.8125,-93.63691683928647
144134765.625,-93.75739106964272
144139648.4375,-93.69585296011797
144144531.25,-93.68260521579043
144149414.0625,-93.64583805676827
144154296.875,-93.64845812570596
144159179.6875,-93.79296745343896
144164062.5,-93.70550945541049
144168945.3125,-93.78142332259276
144173828.125,-93.67976706573012
144178710.9375,-93.73380371964473
144183593.75,-93.65320627456254
144188476.5625,-93.62077343496753
144193359.375,-93.69471286465154
144198242.1875,-93.67980789394414
144203125.0,-93.80042468013949
144208007.8125,-93.69367570734892
144212890.625,-93.72787228592588
144217773.4375,-93.7415773865936
144222656.25,-93.78290042093545
144227539.0625,-93.64413553121415
144232421.875,-93.65254487177845
144237304.6875,-93.68460070141964
144242187.5,-93.72819118588075
144247070.3125,-93.7340315767133
144251953.125,-93.77368380410786
144256835.9375,-93.79295650177386
144261718.75,-93.74926753424182
144266601.5625,-93.71552627194609
144271484.375,-93.75331801386619
144276367.1875,-93.84720862208894
144281250.0,-93.75340733003085
144286132.8125,-93.73773808464506
144291015.625,-93.77560322529857
144295898.4375,-93.72299577090885
144300781.25,-93.7638314640752
144305664.0625,-93.8022306138671
144310546.875,-93.73805867638265
144315429.6875,-93.6860852101722
144320312.5,-93.7853522504945
144325195.3125,-93.74277943824072
144330078.125,-93.72403627326514
144334960.9375,-93.72707711075637
144339843.75,-93.66235680084972
144344726.5625,-93.74230741762884
144349609.375,-93.68736064062745
144354492.1875,-93.70289129425544
144359375.0,-93.66648230899881
144364257.8125,-93.68956979914435
144369140.625,-93.72401699785956
144374023.4375,-93.83401967137402
144378906.25,-93.67423727097659
144383789.0625,-93.70542358306102
144388671.875,-93.81656158736138
144393554.6875,-93.77992753522017
144398437.5,-93.76378632053968
144403320.3125,-93.67081090156893
144408203.125,-93.77550202864444
144413085.9375,-93.688258992794
144417968.75,-93.66390127914758
144422851.5625,-93.72920960289935
144427734.375,-93.74862199292852
144432617.1875,-93.6218180384
144437500.0,-93.6930290067196
144442382.8125,-93.66356781193261
144447265.625,-93.50550435936714
144452148.4375,-93.80788283479671
144457031.25,-93.71489935917214
144461914.0625,-93.78644269098092
144466796.875,-93.71032840608564
144471679.6875,-93.74418917769478
144476562.5,-93.69068078935192
144481445.3125,-93.59770308824082
144486328.125,-93.6323710518642
144491210.9375,-93.71506323721354
144496093.75,-93.72840836659572
144500976.5625,-93.71476194950262
144505859.375,-93.67595399967394
144510742.1875,-93.76308418661381
144515625.0,-93.70865741521158
144520507.8125,-93.6396371075493
144525390.625,-93.7847392711464
144530273.4375,-93.6324664863539
144535156.25,-93.7735105316946
144540039.0625,-93.79023295917807
144544921.875,-93.66826362620219
144549804.6875,-93.63119644187915
144554687.5,-93.6222518051865
144559570.3125,-93.73643905663619
144564453.125,-93.75588428120403
144569335.9375,-93.8103978048465
144574218.75,-93.84431264197508
144579101.5625,-93.71207724313905
144583984.375,-93.83530533971083
144588867.1875,-93.80651977514424
144593750.0,-93.71126100533291
144598632.8125,-93.63721131982999
144603515.625,-93.9586625059477
144608398.4375,-93.6964903998159
144613281.25,-93.68676930342755
144618164.0625,-93.69772490814395
144623046.875,-93.66841323536264
144627929.6875,-93.69207052649443
144632812.5,-93.6565898953317
144637695.3125,-93.77323220832
144642578.125,-93.76600158794432
144647460.9375,-93.69647641098953
144652343.75,-93.73584799169652
144657226.5625,-93.66605180530914
144662109.375,-93.7683356226878
144666992.1875,-93.7061939811831
144671875.0,-93.77120032333454
144676757.8125,-93.83186417388586
144681640.625,-93.84515231188493
144686523.4375,-93.6946513295942
144691406.25,-93.71888646493417
144696289.0625,-93.64929976963779
144701171.875,-93.76137621980666
144706054.6875,-93.77157014066424
144710937.5,-93.75596093929946
144715820.3125,-93.72645395879647
144720703.125,-93.71424118045113
144725585.9375,-93.8396012878481
144730468.75,-93.73037175323242
144735351.5625,-93.75233933803472
144740234.375,-93.69381130123759
144745117.1875,-93.7266308182713
144750000.0,-93.68233530502735
144754882.8125,-93.80718389453858
144759765.625,-93.66206322590244
144764648.4375,-93.74119707315029
144769531.25,-93.6849087304546
144774414.0625,-93.65735645539485
144779296.875,-93.7566534090544
144784179.6875,-93.75333288435007
144789062.5,-93.76069011571803
144793945.3125,-93.74568510160134
144798828.125,-93.75571348250759
144803710.9375,-93.83911982956388
144808593.75,-93.73711265572757
144813476.5625,-93.7650060466963
144818359.375,-93.65673973411052
144823242.1875,-93.7352603171621
144828125.0,-93.83758615327224
144833007.8125,-93.74920841896397
144837890.625,-93.69201318483167
144842773.4375,-93.69802997562653
144847656.25,-93.79621875862372
144852539.0625,-93.93485490455129
144857421.875,-93.71678792296217
144862304.6875,-93.67670578250892
144867187.5,-93.76974899822426
144872070.3125,-93.77179583509798
144876953.125,-93.69959769320093
144881835.9375,-93.66356500038736
144886718.75,-93.91130481696888
144891601.5625,-93.79694041172567
144896484.375,-93.63100469705617
144901367.1875,-93.761055100884
144906250.0,-93.77372812186962
144911132.8125,-93.69534250387056
144916015.625,-93.54455715323485
144920898.4375,-93.71387789416411
144925781.25,-93.84592098826124
144930664.0625,-93.755106351428
144935546.875,-93.71817006599457
144940429.6875,-93.65139259632369
144945312.5,-93.74329523796874
144950195.3125,-93.64918513214391
144955078.125,-93.73241965397682
144959960.9375,-93.72752321985394
144964843.75,-93.75973226457549
144969726.5625,-93.71613625437843
144974609.375,-93.6144586652245
144979492.1875,-93.77586923780544
144984375.0,-93.73391913336923
144989257.8125,-93.80277285468466
144994140.625,-93.68295636710997
144999023.4375,-93.80451114305029
145003906.25,-93.61799389579917
145008789.0625,-93.78567560026517
145013671.875,-93.81658841409461
145018554.6875,-93.65763210144956
145023437.5,-93.72141128240804
145028320.3125,-93.69068542913485
145033203.125,-93.68574763430252
145038085.9375,-93.64949155852935
145042968.75,-93.7854813381563
145047851.5625,-93.73776246112914
145052734.375,-93.67237672007013
145057617.1875,-93.77378718093584
145062500.0,-93.7473244806958
145067382.8125,-93.81471572292946
145072265.625,-93.82878027815485
145077148.4375,-93.60842188252295
145082031.25,-93.75625809148943
145086914.0625,-93.70579677693007
145091796.875,-93.64534081427465
145096679.6875,-93.69274912450823
145101562.5,-93.65152185281761
145106445.3125,-93.61984665844619
145111328.125,-93.54936061302146
145116210.9375,-93.65351659121612
145121093.75,-93.76272274113032
145125976.5625,-93.72839025622883
145130859.375,-93.79723165093932
145135742.1875,-93.80359563648688
145140625.0,-93.77433211517908
145145507.8125,-93.70934930762277
145150390.625,-93.57776138281508
145155273.4375,-93.75273556725685
145160156.25,-93.74535667622138
145165039.0625,-93.75034631956939
145169921.875,-93.61610278762305
145174804.6875,-93.72905671013376
145179687.5,-93.78121395391662
145184570.3125,-93.65430961265787
145189453.125,-93.84267578502974
145194335.9375,-93.69633294812587
145199218.75,-93.65679507791313
145204101.5625,-93.71212920398767
145208984.375,-93.75547072870006
145213867.1875,-93.65670748603037
145218750.0,-93.86904532476012
145223632.8125,-93.69021445808684
145228515.625,-93.63896610194416
145233398.4375,-93.741466113695
145238281.25,-93.68657753106783
145243164.0625,-93.66271332565555
145248046.875,-93.71846995333325
145252929.6875,-93.71282123632966
145257812.5,-93.81900744736413
145262695.3125,-93.82983289243009
145267578.125,-93.5640077686956
145272460.9375,-93.73602356573741
145277343.75,-93.68068710627625
145282226.5625,-93.80543476574545
145287109.375,-93.6835864056419
145291992.1875,-93.65340725790699
145296875.0,-93.69565094346422
145301757.8125,-93.77469214414424
145306640.625,-93.75975094853311
145311523.4375,-93.72987504925487
145316406.25,-93.79221037154863
145321289.0625,-93.73240890115764
145326171.875,-93.64958251289127
145331054.6875,-93.77526684448083
145335937.5,-93.72256268292074
145340820.3125,-93.69545476740197
145345703.125,-93.801154936219
145350585.9375,-93.70714989354798
145355468.75,-93.7537214847622
145360351.5625,-93.66653788456503
145365234.375,-93.76573120403393
145370117.1875,-93.63689009402364
145375000.0,-93.66064528427901
145379882.8125,-93.63153142290241
145384765.625,-93.74448299477862
145389648.4375,-93.72878439893466
145394531.25,-93.74561337726564
145399414.0625,-93.70170531613724
145404296.875,-93.7625311856755
145409179.6875,-93.68321073736578
145414062.5,-93.73866730959264
145418945.3125,-93.72360620589967
145423828.125,-93.67880140123975
145428710.9375,-93.61794894927664
145433593.75,-93.71995011892963
145438476.5625,-93.71464642448802
145443359.375,-93.78294046421817
145448242.1875,-93.62782782786621
145453125.0,-93.76610503012418
145458007.8125,-93.75740539371148
145462890.625,-93.75314703128754
145467773.4375,-93.62578838475423
145472656.25,-93.64642974377662
145477539.0625,-93.66689201605706
145482421.875,-93.72109414092381
145487304.6875,-93.56967470655559
145492187.5,-93.76424239295548
145497070.3125,-93.69823016987635
145501953.125,-93.57563369938998
145506835.9375,-93.7393629274535
145511718.75,-93.60215122641037
145516601.5625,-93.69030546920908
145521484.375,-93.62779399048117
145526367.1875,-93.67365465595469
145531250.0,-93.51952490402297
145536132.8125,-93.72887478657347
145541015.625,-93.73694408267596
145545898.4375,-93.58340921410633
145550781.25,-93.66708700247685
145555664.0625,-93.59920676908854
145560546.875,-93.69969274323952
145565429.6875,-93.80243078996298
145570312.5,-93.77161081559802
145575195.3125,-93.77810777454135
145580078.125,-93.65827092543978
145584960.9375,-93.74324403228698
145589843.75,-93.75376566279203
145594726.5625,-93.84894413452204
145599609.375,-93.73631402116871
145604492.1875,-93.78326200039714
145609375.0,-93.7391891788894
145614257.8125,-93.60557189230082
145619140.625,-93.75650398092549
145624023.4375,-93.79717254182248
145628906.25,-93.83390881638292
145633789.0625,-93.71032681843599
145638671.875,-93.84799798930288
145643554.6875,-93.6417848248305
145648437.5,-93.63061240991044
145653320.3125,-93.77014021341381
145658203.125,-93.61525514888356
145663085.9375,-93.78453174307396
145667968.75,-93.6666823713193
145672851.5625,-93.66709456515417
145677734.375,-93.56661524958443
145682617.1875,-93.67018138087101
145687500.0,-93.62060212259692
145692382.8125,-93.68182867623489
145697265.625,-93.61976597390438
145702148.4375,-93.60849968566626
145707031.25,-93.60936175599738
145711914.0625,-93.55109382279653
145716796.875,-93.71305956581281
145721679.6875,-93.68774112807142
145726562.5,-93.6128351001278
145731445.3125,-93.6323515811983
145736328.125,-93.69524354859831
145741210.9375,-93.72730683571515
145746093.75,-93.63856926324925
145750976.5625,-93.54924324351987
145755859.375,-93.54875330810415
145760742.1875,-93.65732397931154
145765625.0,-93.60727055074321
145770507.8125,-93.70541018914531
145775390.625,-93.53791892339166
145780273.4375,-93.5097787398989
145785156.25,-93.64479916729155
145790039.0625,-93.69266106433304
145794921.875,-93.54669008639124
145799804.6875,-93.72737186795288
145804687.5,-93.7084214504531
145809570.3125,-93.62672441181485
145814453.125,-93.76125704972341
145819335.9375,-93.6758058143659
145824218.75,-93.60175922485777
145829101.5625,-93.71087370824344
145833984.375,-93.64518324296867
145838867.1875,-93.53024891727418
145843750.0,-93.60604046161768
145848632.8125,-93.65616448230276
145853515.625,-93.54110997166777
145858398.4375,-93.4700599153962
145863281.25,-93.61471655783473
145868164.0625,-93.64381830946553
145873046.875,-93.50652534856425
145877929.6875,-93.53322862340536
145882812.5,-93.54692611941698
145887695.3125,-93.51142530907487
145892578.125,-93.54305636345603
145897460.9375,-93.49887767713875
145902343.75,-93.56481032075035
145907226.5625,-93.54048428906066
145912109.375,-93.44935056832946
145916992.1875,-93.50215743766603
145921875.0,-93.4486783591799
145926757.8125,-93.5439161050243
145931640.625,-93.55111338661214
145936523.4375,-93.52588615626541
145941406.25,-93.47838436582649
145946289.0625,-93.5415224814324
145951171.875,-93.28543528497715
145956054.6875,-93.35359650532084
145960937.5,-93.26469838856738
145965820.3125,-93.27118842276411
145970703.125,-93.31074074283976
145975585.9375,-93.11751953339194
145980468.75,-92.89094698940272
145985351.5625,-92.58743153219007
145990234.375,-92.35084985708528
145995117.1875,-91.11522715012066
146000000.0,-40.40567040334803
146004882.8125,-91.14736574122529
146009765.625,-92.31550252844241
146014648.4375,-92.76753351728149
146019531.25,-92.97315942649195
146024414.0625,-92.97405607364817
146029296.875,-93.28574862891793
146034179.6875,-93.25927233518954
146039062.5,-93.16182111352984
146043945.3125,-93.42393078275626
146048828.125,-93.47930601320144
146053710.9375,-93.49434146874333
146058593.75,-93.4146587234608
146063476.5625,-93.46034363924474
146068359.375,-93.48992086337188
146073242.1875,-93.69958423770481
146078125.0,-93.55563140701003
146083007.8125,-93.49056113732613
146087890.625,-93.41558363987963
146092773.4375,-93.46250757855171
146097656.25,-93.66219896986286
146102539.0625,-93.45636520543866
146107421.875,-93.66839486422134
146112304.6875,-93.61791436489733
146117187.5,-93.38200489779908
146122070.3125,-93.49655628015765
146126953.125,-93.53285239860097
146131835.9375,-93.56686827764179
146136718.75,-93.51837939560792
146141601.5625,-93.56336188145201
146146484.375,-93.58063531073245
146151367.1875,-93.57730300501487
146156250.0,-93.61622907556378
146161132.8125,-93.5408112284027
146166015.625,-93.56150090756557
146170898.4375,-93.57078826726234
146175781.25,-93.57147488480354
146180664.0625,-93.54042575335168
146185546.875,-93.59959688303579
146190429.6875,-93.50602499464947
146195312.5,-93.68481784556562
146200195.3125,-93.72546183772295
146205078.125,-93.72756302602522
146209960.9375,-93.63708041524475
146214843.75,-93.61774633575163
146219726.5625,-93.52941381590907
146224609.375,-93.48239450451698
146229492.1875,-93.69498797283117
146234375.0,-93.61720105394414
146239257.8125,-93.65414134642151
146244140.625,-93.6624486111013
146249023.4375,-93.70036464877668
146253906.25,-93.61842829065236
146258789.0625,-93.66685736514302
146263671.875,-93.67603685779542
146268554.6875,-93.82914034364418
146273437.5,-93.59253608973881
146278320.3125,-93.59041461775388
146283203.125,-93.81257523084057
146288085.9375,-93.54785832566068
146292968.75,-93.53673236600702
146297851.5625,-93.62283479286873
146302734.375,-93.6653021487555
146307617.1875,-93.6070694382839
146312500.0,-93.59794201192051
146317382.8125,-93.67267212712557
146322265.625,-93.69785630108055
146327148.4375,-93.58360879898191
146332031.25,-93.61035532277796
146336914.0625,-93.70613554048794
146341796.875,-93.69964300595905
146346679.6875,-93.65690825011825
146351562.5,-93.71075000062106
146356445.3125,-93.56397621050439
146361328.125,-93.69651367172924
146366210.9375,-93.68834989517052
146371093.75,-93.61445293942393
146375976.5625,-93.65407790225538
146380859.375,-93.67548430281616
146385742.1875,-93.64460771559766
146390625.0,-93.63477172983025
146395507.8125,-93.7641723140481
146400390.625,-93.82705302477433
146405273.4375,-93.63260635221522
146410156.25,-93.75567499705909
146415039.0625,-93.57291485637256
146419921.875,-93.6082645892671
146424804.6875,-93.72890111087105
146429687.5,-93.62477569852257
146434570.3125,-93.61200742893121
146439453.125,-93.63784065464307
146444335.9375,-93.54584766847384
146449218.75,-93.48213785311208
146454101.5625,-93.52472635693633
146458984.375,-93.62440441908421
146463867.1875,-93.65094080483513
146468750.0,-93.53743135764239
146473632.8125,-93.54844380407769
146478515.625,-93.64207780057109
146483398.4375,-93.69558359091624
146488281.25,-93.65799494339174
146493164.0625,-93.71872188367374
146498046.875,-93.67939966923171
146502929.6875,-93.61541627996883
146507812.5,-93.66613591842125
146512695.3125,-93.69795087508962
146517578.125,-93.61919224361802
146522460.9375,-93.64923018243041
146527343.75,-93.66323640765052
146532226.5625,-93.71081502433952
146537109.375,-93.60594917002771
146541992.1875,-93.62151820256545
146546875.0,-93.5719975945506
146551757.8125,-93.69073152770224
146556640.625,-93.72798280858976
146561523.4375,-93.67272666023806
146566406.25,-93.6116599097802
146571289.0625,-93.63343126953885
146576171.875,-93.49126247642567
146581054.6875,-93.72393480132814
146585937.5,-93.73102845776731
146590820.3125,-93.59487500580025
146595703.125,-93.69663892580445
146600585.9375,-93.70124340001803
146605468.75,-93.63551936612609
146610351.5625,-93.71948708160477
146615234.375,-93.63086556319382
146620117.1875,-93.67667050481367
146625000.0,-93.59099039662061
146629882.8125,-93.67426488643434
146634765.625,-93.5663774935594
146639648.4375,-93.77273422811211
146644531.25,-93.74740174649372
146649414.0625,-93.6844010399256
146654296.875,-93.64052562746681
146659179.6875,-93.66813057648105
146664062.5,-93.78007303607009
146668945.3125,-93.72800692350506
146673828.125,-93.6450883496658
146678710.9375,-93.68261185063179
146683593.75,-93.65545503348176
146688476.5625,-93.69444342638536
146693359.375,-93.66817840352718
146698242.1875,-93.69863504304104
146703125.0,-93.65080231778964
146708007.8125,-93.64382134735524
146712890.625,-93.56484869914848
146717773.4375,-93.63360421944026
146722656.25,-93.66284375112929
146727539.0625,-93.71053046289524
146732421.875,-93.59168053912197
146737304.6875,-93.786321078085
146742187.5,-93.63148081895642
146747070.3125,-93.65187041521156
146751953.125,-93.74011683877808
146756835.9375,-93.6861128726085
146761718.75,-93.74607298760961
146766601.5625,-93.58130783351316
146771484.375,-93.72505356407845
146776367.1875,-93.63376930739514
146781250.0,-93.67228119198052
146786132.8125,-93.63939822495172
146791015.625,-93.67955966324374
146795898.4375,-93.75270317205064
146800781.25,-93.7048647763012
146805664.0625,-93.76483318715975
146810546.875,-93.69501894785091
146815429.6875,-93.62881716919298
146820312.5,-93.7331652894581
146825195.3125,-93.68420045154497
146830078.125,-93.6663817068501
146834960.9375,-93.79946086025217
146839843.75,-93.67472768354955
146844726.5625,-93.70030626634195
146849609.375,-93.62230373894604
146854492.1875,-93.70830244346305
146859375.0,-93.7806936294987
146864257.8125,-93.73554325391348
146869140.625,-93.68276211502996
146874023.4375,-93.63428004469964
146878906.25,-93.68191883808365
146883789.0625,-93.62425143721873
146888671.875,-93.62698632967178
146893554.6875,-93.61474132439625
146898437.5,-93.71428857254185
146903320.3125,-93.7637627032259
146908203.125,-93.6261906295496
146913085.9375,-93.63799045771177
146917968.75,-93.66370733500034
146922851.5625,-93.62781518341171
146927734.375,-93.7155597928928
146932617.1875,-93.68888799233395
146937500.0,-93.69601703270732
146942382.8125,-93.80882963167508
146947265.625,-93.63058084613075
146952148.4375,-93.83814216356913
146957031.25,-93.74357779477282
146961914.0625,-93.67783856174736
146966796.875,-93.64628484430736
146971679.6875,-93.52846928983547
146976562.5,-93.6264951340053
146981445.3125,-93.66589253737786
146986328.125,-93.76402428180666
146991210.9375,-93.79664859695541
146996093.75,-93.70317333090216
147000976.5625,-93.64540226557341
147005859.375,-93.75711951899882
147010742.1875,-93.68231200885339
147015625.0,-93.70242154834503
147020507.8125,-93.66966505025832
147025390.625,-93.6593901836682
147030273.4375,-93.79524064729486
147035156.25,-93.67468792669064
147040039.0625,-93.71962700720533
147044921.875,-93.7391523678117
147049804.6875,-93.6938952470939
147054687.5,-93.69180728837907
147059570.3125,-93.67933761416134
147064453.125,-93.69343895829533
147069335.9375,-93.77195065775345
147074218.75,-93.76196930432016
147079101.5625,-93.6433196446223
147083984.375,-93.63923985586692
147088867.1875,-93.71984127415627
147093750.0,-93.64909111353396
147098632.8125,-93.77736728493045
147103515.625,-93.6888062215327
147108398.4375,-93.71984486420448
147113281.25,-93.74182673715251
147118164.0625,-93.71190904720845
147123046.875,-93.61077879159322
147127929.6875,-93.82991272187144
147132812.5,-93.80456399684707
147137695.3125,-93.6005923869536
147142578.125,-93.56837285786611
147147460.9375,-93.7153988361267
147152343.75,-93.76850690886073
147157226.5625,-93.56265678024923
147162109.375,-93.69106815234682
147166992.1875,-93.70934142509114
147171875.0,-93.5919434433489
147176757.8125,-93.59290589891731
147181640.625,-93.60477561048484
147186523.4375,-93.6924742987701
147191406.25,-93.70454337767524
147196289.0625,-93.73519493279034
147201171.875,-93.76181241345608
147206054.6875,-93.73629596903555
147210937.5,-93.73198587734831
147215820.3125,-93.6136751880845
147220703.125,-93.73367257181971
147225585.9375,-93.65344829326747
147230468.75,-93.6512109740211
147235351.5625,-93.75402628382002
147240234.375,-93.67196849727588
147245117.1875,-93.8005313750586
147250000.0,-93.65594401704999
147254882.8125,-93.69867712761652
147259765.625,-93.73027310859555
147264648.4375,-93.78612324068882
147269531.25,-93.6950241680575
147274414.0625,-93.59209767302187
147279296.875,-93.72893147661256
147284179.6875,-93.77033172574244
147289062.5,-93.6540217483213
147293945.3125,-93.69527269275378
147298828.125,-93.68704630261647
147303710.9375,-93.69801303245796
147308593.75,-93.66949011210761
147313476.5625,-93.7693283856743
147318359.375,-93.67883912212204
147323242.1875,-93.73941625313591
147328125.0,-93.76085890409468
147333007.8125,-93.69090387625732
147337890.625,-93.80113520052498
147342773.4375,-93.72860837271841
147347656.25,-93.72245640858952
147352539.0625,-93.74406540186212
147357421.875,-93.68222247767704
147362304.6875,-93.7462224761521
147367187.5,-93.78224250626545
147372070.3125,-93.70293686792681
147376953.125,-93.7804527514678
147381835.9375,-93.72642419235365
147386718.75,-93.77372173919323
147391601.5625,-93.8201994469571
147396484.375,-93.85494875097802
147401367.1875,-93.87169546035841
147406250.0,-93.6471257096812
147411132.8125,-93.7392047475081
147416015.625,-93.73375093178197
147420898.4375,-93.75314674494189
147425781.25,-93.85380158010156
147430664.0625,-93.81390296410459
147435546.875,-93.69776486602859
147440429.6875,-93.75616600731834
147445312.5,-93.76900737129102
147450195.3125,-93.83821292353463
147455078.125,-93.80539320676098
147459960.9375,-93.8307442372394
147464843.75,-93.78830901365905
147469726.5625,-93.64180263681831
147474609.375,-93.7284377821984
147479492.1875,-93.73634076082436
147484375.0,-93.74866129559257
147489257.8125,-93.71299546214473
147494140.625,-93.69355787339452
147499023.4375,-93.73302285887573
147503906.25,-93.756138657782
147508789.0625,-93.65998939966914
147513671.875,-93.7582606100276
147518554.6875,-93.75393209999987
147523437.5,-93.69355083865614
147528320.3125,-93.69600881391509
147533203.125,-93.96301377081883
147538085.9375,-93.82925942409452
147542968.75,-93.7990712470546
147547851.5625,-93.78082659543227
147552734.375,-93.77457741183281
147557617.1875,-93.77582830971247
147562500.0,-93.70276331180887
147567382.8125,-93.7410648929679
147572265.625,-93.70049458772382
147577148.4375,-93.74821968071967
147582031.25,-93.76345803854235
147586914.0625,-93.80795718515515
147591796.875,-93.87508698843331
147596679.6875,-93.71551691060944
147601562.5,-93.74956674638966
147606445.3125,-93.7762772735282
147611328.125,-93.88222628259999
147616210.9375,-93.8207710359365
147621093.75,-93.69090966444944
147625976.5625,-93.73505905072733
147630859.375,-93.7552948023318
147635742.1875,-93.81519353574757
147640625.0,-93.68504508805444
147645507.8125,-93.68331715664297
147650390.625,-93.84086285433935
147655273.4375,-93.69707226971946
147660156.25,-93.6311284858599
147665039.0625,-93.7445371334939
147669921.875,-93.70703529767368
147674804.6875,-93.6740042789001
147679687.5,-93.66988535092702
147684570.3125,-93.76476491588033
147689453.125,-93.77035997266435
147694335.9375,-93.63567219575518
147699218.75,-93.79325129260116
147704101.5625,-93.83040920214756
147708984.375,-93.75465969319069
147713867.1875,-93.73822959680328
147718750.0,-93.77647919069122
147723632.8125,-93.7468286519329
147728515.625,-93.75183583952105
147733398.4375,-93.91306366853479
147738281.25,-93.7435389595945
147743164.0625,-93.70295360294278
147748046.875,-93.79146846996201
147752929.6875,-93.79544356584933
147757812.5,-93.71367351898067
147762695.3125,-93.83182458609838
147767578.125,-93.75725640400083
147772460.9375,-93.72425239689395
147777343.75,-93.85489898511949
147782226.5625,-93.80947719664954
147787109.375,-93.64515507787732
147791992.1875,-93.78187367962781
147796875.0,-93.8493153825782
147801757.8125,-93.88809907833635
147806640.625,-93.65776188077882
147811523.4375,-93.72270589201591
147816406.25,-93.70167299007849
147821289.0625,-93.82075570316843
147826171.875,-93.76135305980523
147831054.6875,-93.79212517928008
147835937.5,-93.68518045117366
147840820.3125,-93.76130145659732
147845703.125,-93.73258586623331
147850585.9375,-93.85282165335713
147855468.75,-93.70464357952011
147860351.5625,-93.76059719163743
147865234.375,-93.78234964964295
147870117.1875,-93.75454383081976
147875000.0,-93.69417967321309
147879882.8125,-93.65335948459739
147884765.625,-93.83232501961149
147889648.4375,-93.75749500812418
147894531.25,-93.76874562477937
147899414.0625,-93.6939857561799
147904296.875,-93.79565887031254
147909179.6875,-93.81378158232138
147914062.5,-93.73358715843179
147918945.3125,-93.73187828188736
147923828.125,-93.66348412975327
147928710.9375,-93.78802467750194
147933593.75,-93.70295634839061
147938476.5625,-93.76646171806834
147943359.375,-93.71930435356037
147948242.1875,-93.67722605035229
147953125.0,-93.67474470987202
147958007.8125,-93.7138508767467
147962890.625,-93.80276120688842
147967773.4375,-93.79870506410248
147972656.25,-93.85569055224633
147977539.0625,-93.83660688701997
147982421.875,-93.78262893743539
147987304.6875,-93.71842300734323
147992187.5,-93.85265309088243
147997070.3125,-93.78721654086337
148001953.125,-93.78299357704478
148006835.9375,-93.6753956757079
148011718.75,-93.75717168590327
148016601.5625,-93.82527059152252
148021484.375,-93.79656038236081
148026367.1875,-93.69269792948941
148031250.0,-93.74173064433938
148036132.8125,-93.74017123211325
148041015.625,-93.75537023432258
148045898.4375,-93.6703225836784
148050781.25,-93.77943879258333
148055664.0625,-93.82874066823675
148060546.875,-93.76093215659995
148065429.6875,-93.71351546325371
148070312.5,-93.84240541966597
148075195.3125,-93.87713065130598
148080078.125,-93.70718110203688
148084960.9375,-93.68345376701217
148089843.75,-93.63374420707103
148094726.5625,-93.68651024327738
148099609.375,-93.76175817512228
148104492.1875,-93.75952769483246
148109375.0,-93.76009847279175
148114257.8125,-93.78855517950916
148119140.625,-93.75441125006807
148124023.4375,-93.76300808410801
148128906.25,-93.74419988040677
148133789.0625,-93.80531790107224
148138671.875,-93.6594658497882
148143554.6875,-93.79098281723316
148148437.5,-93.6894777082895
148153320.3125,-93.7200720080865
148158203.125,-93.7387317513627
148163085.9375,-93.59715930771767
148167968.75,-93.75611576774875
148172851.5625,-93.71856886753562
148177734.375,-93.64006748124379
148182617.1875,-93.68276814077547
148187500.0,-93.86755173608788
148192382.8125,-93.90768698078219
148197265.625,-93.72555429129199
148202148.4375,-93.80223908637319
148207031.25,-93.67223219923315
148211914.0625,-93.67439887920912
148216796.875,-93.76986102361735
148221679.6875,-93.75324696207173
148226562.5,-93.77727113055954
148231445.3125,-93.71411779731847
148236328.125,-93.85240470351039
148241210.9375,-93.67894446486736
148246093.75,-93.73388212840342
148250976.5625,-93.70488341976866
148255859.375,-93.83889788489796
148260742.1875,-93.73461737613093
148265625.0,-93.67064649551222
148270507.8125,-93.7843283807587
148275390.625,-93.798518414104
148280273.4375,-93.71933442490058
148285156.25,-93.80985643075635
148290039.0625,-93.73069295322463
148294921.875,-93.70873036651872
148299804.6875,-93.72853569343704
148304687.5,-93.62664686750725
148309570.3125,-93.71511700213705
148314453.125,-93.6384742948843
148319335.9375,-93.66564177040635
148324218.75,-93.67812767219488
148329101.5625,-93.82379177091144
148333984.375,-93.67836662000812
148338867.1875,-93.72236405951293
148343750.0,-93.80615544549494
148348632.8125,-93.72026765058166
148353515.625,-93.67785621125577
148358398.4375,-93.67246232848086
148363281.25,-93.6065750511159
148368164.0625,-93.66711076256837
148373046.875,-93.64330799434313
148377929.6875,-93.72809842706079
148382812.5,-93.74508232572902
148387695.3125,-93.67239425389295
148392578.125,-93.7818743864079
148397460.9375,-93.67044600195635
148402343.75,-93.68249943301763
148407226.5625,-93.7410656261271
148412109.375,-93.7927925218685
148416992.1875,-93.72944325773202
148421875.0,-93.68059522653749
148426757.8125,-93.69251869817532
148431640.625,-93.61307239882277
148436523.4375,-93.72064930782653
148441406.25,-93.70252753710815
148446289.0625,-93.7155243048486
148451171.875,-93.7127747844151
148456054.6875,-93.70638638809874
148460937.5,-93.65580650546204
148465820.3125,-93.7256348615509
148470703.125,-93.70491251376805
148475585.9375,-93.75563444614289
148480468.75,-93.69935392420032
148485351.5625,-93.6499034413747
148490234.375,-93.58078349427004
148495117.1875,-93.64768700148642
148500000.0,-92.8559274158815
148504882.8125,-93.5610411081544
148509765.625,-93.63910145225611
148514648.4375,-93.62923195053776
148519531.25,-93.63963452174787
148524414.0625,-93.636240259917
148529296.875,-93.60995581731152
148534179.6875,-93.73753728689786
148539062.5,-93.63244305323366
148543945.3125,-93.61760047879213
148548828.125,-93.72322039829487
148553710.9375,-93.94437633723732
148558593.75,-93.70513636010699
148563476.5625,-93.61538551585338
148568359.375,-93.67840123373736
148573242.1875,-93.7397466956395
148578125.0,-93.73310040569353
148583007.8125,-93.8267044426851
148587890.625,-93.7934862749236
148592773.4375,-93.73522835212637
148597656.25,-93.7150060566978
148602539.0625,-93.62660359233917
148607421.875,-93.7332428452454
148612304.6875,-93.79811631565136
148617187.5,-93.73339749485632
148622070.3125,-93.69077976109344
148626953.125,-93.78205480333838
148631835.9375,-93.70008243457579
148636718.75,-93.59197126195082
148641601.5625,-93.72763627251072
148646484.375,-93.73782442524225
148651367.1875,-93.76787416946203
148656250.0,-93.7355261924098
148661132.8125,-93.69222086207986
148666015.625,-93.6522573314868
148670898.4375,-93.729438889374
148675781.25,-93.83108491645982
148680664.0625,-93.58619579912116
148685546.875,-93.74562002284759
148690429.6875,-93.67958893176854
148695312.5,-93.69569415610815
148700195.3125,-93.77541541552159
148705078.125,-93.73081542013733
148709960.9375,-93.70700762080205
148714843.75,-93.73818773346818
148719726.5625,-93.63907457895101
148724609.375,-93.66597333155309
148729492.1875,-93.67936146437185
148734375.0,-93.70419499530908
148739257.8125,-93.72399068710152
148744140.625,-93.66961770240945
148749023.4375,-93.71359585199602
148753906.25,-93.65535592583709
148758789.0625,-93.61507783825576
148763671.875,-93.65248090385882
148768554.6875,-93.62741892840029
148773437.5,-93.75397796656921
148778320.3125,-93.77753986102971
148783203.125,-93.72906581430851
148788085.9375,-93.77897303994098
148792968.75,-93.72812513315006
148797851.5625,-93.85897592125505
148802734.375,-93.71940619492392
148807617.1875,-93.60686703294544
148812500.0,-93.68512613548347
148817382.8125,-93.60640474825476
148822265.625,-93.61185184195142
148827148.4375,-93.55449233854569
148832031.25,-93.71937994050495
148836914.0625,-93.65397479506584
148841796.875,-93.7111778863179
148846679.6875,-93.66079612571437
148851562.5,-93.78177831711199
148856445.3125,-93.7702549713415
148861328.125,-93.64097632442758
148866210.9375,-93.83196164834123
148871093.75,-93.77939325892442
148875976.5625,-93.57340282255171
148880859.375,-93.6981856406162
148885742.1875,-93.75232140285874
148890625.0,-93.73316751464372
148895507.8125,-93.7590755769026
148900390.625,-93.71437901141195
148905273.4375,-93.80275712403656
148910156.25,-93.77838059989872
148915039.0625,-93.6204284411539
148919921.875,-93.75900110649832
148924804.6875,-93.69518860667628
148929687.5,-93.72026726622607
148934570.3125,-93.72195637479123
148939453.125,-93.63501764617243
148944335.9375,-93.67721084280828
148949218.75,-93.71063341703018
148954101.5625,-93.63488411762833
148958984.375,-93.66160429515492
148963867.1875,-93.6805882184392
148968750.0,-93.73515219498202
148973632.8125,-93.66555636536577
148978515.625,-93.71154988849946
148983398.4375,-93.68622980698956
148988281.25,-93.6992760163341
148993164.0625,-93.66360264296304
148998046.875,-93.6752212191173
149002929.6875,-93.687349150621
149007812.5,-93.67122181530186
149012695.3125,-93.72371299891884
149017578.125,-93.69992396145577
149022460.9375,-93.65231951619594
149027343.75,-93.70129371686039
149032226.5625,-93.72412389110116
149037109.375,-93.82104210268264
149041992.1875,-93.79582738950944
149046875.0,-93.69919775258455
149051757.8125,-93.72834258558069
149056640.625,-93.82343959049379
149061523.4375,-93.71775716317669
149066406.25,-93.72452834014265
149071289.0625,-93.74581658183288
149076171.875,-93.78997185209838
149081054.6875,-93.7228370441452
149085937.5,-93.66540286243213
149090820.3125,-93.61283676293041
149095703.125,-93.67093246007542
149100585.9375,-93.70487487577336
149105468.75,-93.5820811926857
149110351.5625,-93.69705007082717
149115234.375,-93.57714217051793
149120117.1875,-93.75355854563998
149125000.0,-93.70755855426586
149129882.8125,-93.70475974363345
149134765.625,-93.63881816520123
149139648.4375,-93.80382155966583
149144531.25,-93.72449455198068
149149414.0625,-93.79276567615562
149154296.875,-93.62493068463337
149159179.6875,-93.71745981016949
149164062.5,-93.67966363674353
149168945.3125,-93.60522177242314
149173828.125,-93.73946318675931
149178710.9375,-93.57850210416257
149183593.75,-93.62554948239708
149188476.5625,-93.59274510343224
149193359.375,-93.69438080016724
149198242.1875,-93.62934889161988
149203125.0,-93.78761553049253
149208007.8125,-93.64077567390595
149212890.625,-93.66144311538974
149217773.4375,-93.65652324168636
149222656.25,-93.6826869123368
149227539.0625,-93.70855634086803
149232421.875,-93.58850691123314
149237304.6875,-93.6428927510295
149242187.5,-93.66124324216207
149247070.3125,-93.72769720646491
149251953.125,-93.67431311241177
149256835.9375,-93.72063949076195
149261718.75,-93.69453561237049
149266601.5625,-93.68486316329992
149271484.375,-93.59858278227358
149276367.1875,-93.74071166636651
149281250.0,-93.59322115203577
149286132.8125,-93.70648873119404
149291015.625,-93.6581830776845
149295898.4375,-93.68322526199447
149300781.25,-93.82252662454903
149305664.0625,-93.64779030346625
149310546.875,-93.58913280939743
149315429.6875,-93.62800664472837
149320312.5,-93.73009382243407
149325195.3125,-93.64364335927289
149330078.125,-93.60026399751314
149334960.9375,-93.65864246641902
149339843.75,-93.6126256255024
149344726.5625,-93.72195846950322
149349609.375,-93.67286548772225
149354492.1875,-93.6607549860068
149359375.0,-93.69879885464726
149364257.8125,-93.59102011400083
149369140.625,-93.65414745801047
149374023.4375,-93.73367004141335
149378906.25,-93.6594431049893
149383789.0625,-93.83025611069215
149388671.875,-93.62352015685968
149393554.6875,-93.64732215794248
149398437.5,-93.74214190342815
149403320.3125,-93.69218882604329
149408203.125,-93.63891742654931
149413085.9375,-93.57162198827737
149417968.75,-93.81881692890201
149422851.5625,-93.7624711128397
149427734.375,-93.71494761680202
149432617.1875,-93.72091365406422
149437500.0,-93.70692370311713
149442382.8125,-93.68268841929876
149447265.625,-93.77932465029761
149452148.4375,-93.69725342286554
149457031.25,-93.60781697731784
149461914.0625,-93.69513392368316
149466796.875,-93.67290426043493
149471679.6875,-93.67761662733676
149476562.5,-93.69151915137226
149481445.3125,-93.62328429156062
149486328.125,-93.67690889462821
149491210.9375,-93.57129206800576
149496093.75,-93.83154186387213
149500976.5625,-93.82758374382587
149505859.375,-93.58399863302989
149510742.1875,-93.62369642279884
149515625.0,-93.71943775001822
149520507.8125,-93.69101776461753
149525390.625,-93.68283452971946
149530273.4375,-93.66040983789554
149535156.25,-93.67548232499871
149540039.0625,-93.66429497883843
149544921.875,-93.7427518419637
149549804.6875,-93.6810369168575
149554687.5,-93.65695559336677
149559570.3125,-93.64236786178469
149564453.125,-93.6716685358457
149569335.9375,-93.70050614648545
149574218.75,-93.71889837813137
149579101.5625,-93.73554476116072
149583984.375,-93.66423680254695
149588867.1875,-93.69220792839823
149593750.0,-93.63306129723708
149598632.8125,-93.65456157248715
149603515.625,-93.69506413569928
149608398.4375,-93.70778558768984
149613281.25,-93.7967070567781
149618164.0625,-93.76002185035571
149623046.875,-93.76020241460282
149627929.6875,-93.76551904939032
149632812.5,-93.7573320477565
149637695.3125,-93.6506344002168
149642578.125,-93.85405943138142
149647460.9375,-93.71140141876407
149652343.75,-93.77458558639972
149657226.5625,-93.72883058831758
149662109.375,-93.70247867031992
149666992.1875,-93.77111716292657
149671875.0,-93.75013255337564
149676757.8125,-93.64672870461766
149681640.625,-93.76006204063415
149686523.4375,-93.78477365629726
149691406.25,-93.6531790176258
149696289.0625,-93.74463890348801
149701171.875,-93.8113601708124
149706054.6875,-93.69223206267952
149710937.5,-93.64710780826061
149715820.3125,-93.76636216297578
149720703.125,-93.81236534113225
149725585.9375,-93.81035454092287
149730468.75,-93.69874484752057
149735351.5625,-93.6686046243922
149740234.375,-93.5256950299879
149745117.1875,-93.7086306759598
149750000.0,-93.65445820499968
149754882.8125,-93.72921985681299
149759765.625,-93.80639132581851
149764648.4375,-93.67680784893605
149769531.25,-93.66928119475801
149774414.0625,-93.6329744845348
149779296.875,-93.73453603716018
149784179.6875,-93.76906903325124
149789062.5,-93.72137539700202
149793945.3125,-93.65482781534254
149798828.125,-93.71814517484964
149803710.9375,-93.77728610003786
149808593.75,-93.76231644028252
149813476.5625,-93.7470140439321
149818359.375,-93.76066177981144
149823242.1875,-93.69204150077681
149828125.0,-93.64354880285956
149833007.8125,-93.7955505177811
149837890.625,-93.68049742809285
149842773.4375,-93.64676044636124
149847656.25,-93.6511154386103
149852539.0625,-93.74330870620244
149857421.875,-93.71104731593965
149862304.6875,-93.70002781640778
149867187.5,-93.69565399397072
149872070.3125,-93.7248834073506
149876953.125,-93.72978751977462
149881835.9375,-93.76314751620075
149886718.75,-93.7998124562896
149891601.5625,-93.72098326955967
149896484.375,-93.66923032275002
149901367.1875,-93.78409554378231
149906250.0,-93.73689191791345
149911132.8125,-93.71022802008525
149916015.625,-93.78481313858128
149920898.4375,-93.72284485550176
149925781.25,-93.66793995333279
149930664.0625,-93.70838544329462
149935546.875,-93.83818506781108
149940429.6875,-93.71102462825061
149945312.5,-93.64178221365418
149950195.3125,-93.58491941691796
149955078.125,-93.71598359202898
149959960.9375,-93.6194601979251
149964843.75,-93.52716972717414
149969726.5625,-93.83922963498935
149974609.375,-93.8133912997861
149979492.1875,-93.64330348844902
149984375.0,-93.71714559042579
149989257.8125,-93.84086555318223
149994140.625,-93.76735364991879
149999023.4375,-93.52316328009567
150003906.25,-93.55400311022055
150008789.0625,-93.77300882989377
150013671.875,-93.70018798203586
150018554.6875,-93.69352120847697
150023437.5,-93.77748969064936
150028320.3125,-93.7045357929978
150033203.125,-93.67992867543447
150038085.9375,-93.74933898786679
150042968.75,-93.68018385276113
150047851.5625,-93.75449009233955
150052734.375,-93.68327611045817
150057617.1875,-93.7277153019771
150062500.0,-93.74942651777235
150067382.8125,-93.81333920345088
150072265.625,-93.72488206901374
150077148.4375,-93.84788167233566
150082031.25,-93.80971522659036
150086914.0625,-93.71894721239951
150091796.875,-93.60400752767535
150096679.6875,-93.77849300436588
150101562.5,-93.80099289121048
150106445.3125,-93.78248546201417
150111328.125,-93.74726112069038
150116210.9375,-93.70214825358084
150121093.75,-93.77510029425306
150125976.5625,-93.75805512978928
150130859.375,-93.71536215087687
150135742.1875,-93.67514742217611
150140625.0,-93.70037586493709
150145507.8125,-93.78245916906707
150150390.625,-93.71884932566729
150155273.4375,-93.64992796997399
150160156.25,-93.77798561825412
150165039.0625,-93.76715118677942
150169921.875,-93.7386855700507
150174804.6875,-93.8629859834397
150179687.5,-93.71254728631286
150184570.3125,-93.85672112529531
150189453.125,-93.75641070046473
150194335.9375,-93.81537813890233
150199218.75,-93.64845204324143
150204101.5625,-93.77075382019441
150208984.375,-93.665646947282
150213867.1875,-93.7263625884107
150218750.0,-93.7976027445309
150223632.8125,-93.80299879816252
150228515.625,-93.78186142872966
150233398.4375,-93.65779883278339
150238281.25,-93.67063822510335
150243164.0625,-93.9612178507893
150248046.875,-93.93151009265091
150252929.6875,-93.62682122186894
150257812.5,-93.6925116491523
150262695.3125,-93.72239000512883
150267578.125,-93.81216639601266
150272460.9375,-93.84653778932883
150277343.75,-93.73329818292683
150282226.5625,-93.71904395690675
150287109.375,-93.79840655770369
150291992.1875,-93.90436610196758
150296875.0,-93.8540563040273
150301757.8125,-93.7797865939257
150306640.625,-93.73784063903813
150311523.4375,-93.705487625617
150316406.25,-93.72861302280995
150321289.0625,-93.70559705257986
150326171.875,-93.84700444097598
150331054.6875,-93.81171977718279
150335937.5,-93.75368967670681
150340820.3125,-93.76351360893955
150345703.125,-93.80560571923843
150350585.9375,-93.87472705690155
150355468.75,-93.80644383564461
150360351.5625,-93.76473687855011
150365234.375,-93.8787952844585
150370117.1875,-93.8967816336748
150375000.0,-93.812700693014
150379882.8125,-93.8569614809546
150384765.625,-93.80417225297268
150389648.4375,-93.84946739011377
150394531.25,-93.83063564152775
150399414.0625,-93.70603001856065
150404296.875,-93.87290103386121
150409179.6875,-93.67072941787495
150414062.5,-93.69231255470538
150418945.3125,-93.81917728413788
150423828.125,-93.80173829753437
150428710.9375,-93.7461011936121
150433593.75,-93.81646965766697
150438476.5625,-93.8024752492795
150443359.375,-93.84503417047355
150448242.1875,-93.839789408917
150453125.0,-93.67822060392908
150458007.8125,-93.79508075722046
150462890.625,-93.7874490090461
150467773.4375,-93.73103109460772
150472656.25,-93.75800171435512
150477539.0625,-93.83910223922294
150482421.875,-93.77091343948209
150487304.6875,-93.79977388826322
150492187.5,-93.71274731188055
150497070.3125,-93.72409642712458
150501953.125,-93.76586185423872
150506835.9375,-93.87400096212258
150511718.75,-93.77298531911893
150516601.5625,-93.71266411213398
150521484.375,-93.73208630134033
150526367.1875,-93.80235579917948
150531250.0,-93.83289821608795
150536132.8125,-93.81769043017556
150541015.625,-93.75745912518539
150545898.4375,-93.87111202825804
150550781.25,-93.71063678765478
150555664.0625,-93.76840110291192
150560546.875,-93.7418497899233
150565429.6875,-93.84094964794909
150570312.5,-93.75788129810627
150575195.3125,-93.72378002378096
150580078.125,-93.81101062089238
150584960.9375,-93.91289103843081
150589843.75,-93.81520114185696
150594726.5625,-93.79038343046028
150599609.375,-93.85040258143758
150604492.1875,-93.74541854625556
150609375.0,-93.82388422010382
150614257.8125,-93.72697229423491
150619140.625,-93.79758109042314
150624023.4375,-93.89209350502244
150628906.25,-93.74988359987617
150633789.0625,-93.8375800622274
150638671.875,-93.7502786326329
150643554.6875,-93.76709571798091
150648437.5,-93.64538368275595
150653320.3125,-93.7774906816465
150658203.125,-93.74863260916675
150663085.9375,-93.694452468697
150667968.75,-93.60478041554705
150672851.5625,-93.71482906617564
150677734.375,-93.79647308685435
150682617.1875,-93.89424990298278
150687500.0,-93.74045217194126
150692382.8125,-93.91745770668624
150697265.625,-93.81312703114361
150702148.4375,-93.84228566315227
150707031.25,-93.7910622984005
150711914.0625,-93.6541631370448
150716796.875,-93.80045299100746
150721679.6875,-93.78801963841906
150726562.5,-93.70167151908868
150731445.3125,-93.63511250044897
150736328.125,-93.8512321214339
150741210.9375,-93.9114581401638
150746093.75,-93.77280096444056
150750976.5625,-93.71552164441002
150755859.375,-93.80623443289184
150760742.1875,-93.64544714059068
150765625.0,-93.78570094885487
150770507.8125,-93.74615655481122
150775390.625,-93.66487366655605
150780273.4375,-93.74036324170379
150785156.25,-93.70888367301077
150790039.0625,-93.77415441016467
150794921.875,-93.78359060306082
150799804.6875,-93.84934303818153
150804687.5,-93.7296588415872
150809570.3125,-93.76691691120212
150814453.125,-93.8468046804935
150819335.9375,-93.69701040541005
150824218.75,-93.85470606197512
150829101.5625,-93.78450520178131
150833984.375,-93.73308272553825
150838867.1875,-93.74964902813898
150843750.0,-93.76070025348196
150848632.8125,-93.74228713028756
150853515.625,-93.78201516255444
150858398.4375,-93.72902996177103
150863281.25,-93.77126006741733
150868164.0625,-93.80958418405135
150873046.875,-93.82219079639708
150877929.6875,-93.6306281072392
150882812.5,-93.70124373012206
150887695.3125,-93.6801494784894
150892578.125,-93.75237572318636
150897460.9375,-93.91141398343808
150902343.75,-93.77288142457991
150907226.5625,-93.73934003757316
150912109.375,-93.84019777486952
150916992.1875,-93.75603832338192
150921875.0,-93.72215798397775
150926757.8125,-93.78198618984754
150931640.625,-93.74830540107811
150936523.4375,-93.83544841566834
150941406.25,-93.74690538669574
150946289.0625,-93.7720229116519
150951171.875,-93.73386759456145
150956054.6875,-93.69402481089537
150960937.5,-93.81101761431353
150965820.3125,-93.7662706777142
150970703.125,-93.76304753531102
150975585.9375,-93.65767032804581
150980468.75,-93.68205735114188
150985351.5625,-93.922435648553
150990234.375,-93.71866491859211
150995117.1875,-93.78969424167752
151000000.0,-93.59666434850479
151004882.8125,-93.88332756774827
151009765.625,-93.72861199384533
151014648.4375,-93.74872918745325
151019531.25,-93.69475129434085
151024414.0625,-93.82697576881372
151029296.875,-93.6810379546746
151034179.6875,-93.79098361972785
151039062.5,-93.74301536229825
151043945.3125,-93.7528521795843
151048828.125,-93.74929852752473
151053710.9375,-93.70523524134245
151058593.75,-93.72846263977675
151063476.5625,-93.69528959780851
151068359.375,-93.86841521675086
151073242.1875,-93.82460841801935
151078125.0,-93.69453446932025
151083007.8125,-93.77614430908488
151087890.625,-93.79536351797526
151092773.4375,-93.82300528320914
151097656.25,-93.675072697124
151102539.0625,-93.62864718438487
151107421.875,-93.62710194932896
151112304.6875,-93.67191630107956
151117187.5,-93.80606831084856
151122070.3125,-93.74866987428095
151126953.125,-93.75174628862155
151131835.9375,-93.85739436335211
151136718.75,-93.92869883126025
151141601.5625,-93.80026690854177
151146484.375,-93.75795483880933
151151367.1875,-93.76807163427026
151156250.0,-93.80539987969055
151161132.8125,-93.77045583287955
151166015.625,-93.80765262736622
151170898.4375,-93.82432266919506
151175781.25,-93.69395562008847
151180664.0625,-93.85144383782941
151185546.875,-93.67755830202083
151190429.6875,-93.65555132978514
151195312.5,-93.87807866958178
151200195.3125,-93.93445724930211
151205078.125,-93.78797371906921
151209960.9375,-93.73794791629552
151214843.75,-93.76672672328485
151219726.5625,-93.71677337386745
151224609.375,-93.8338629380475
151229492.1875,-93.76189334179338
151234375.0,-93.68441608301592
151239257.8125,-93.61209273592902
151244140.625,-93.6453786594868
151249023.4375,-93.68290585219256
151253906.25,-93.84125321864241
151258789.0625,-93.7886341206679
151263671.875,-93.76970210350254
151268554.6875,-93.66477828530282
151273437.5,-93.73163607531745
151278320.3125,-93.82073023325407
151283203.125,-93.64726866300632
151288085.9375,-93.78305369834973
151292968.75,-93.73901017167145
151297851.5625,-93.68343762944897
151302734.375,-93.79106273901456
151307617.1875,-93.84229770833471
151312500.0,-93.71596145992339
151317382.8125,-93.78640393401622
151322265.625,-93.75819273987332
151327148.4375,-93.76080139406872
151332031.25,-93.61149345158765
151336914.0625,-93.67883951900407
151341796.875,-93.6787583815557
151346679.6875,-93.85671351057522
151351562.5,-93.69874059889102
151356445.3125,-93.85923782612957
151361328.125,-93.71570682563461
151366210.9375,-93.79694788854945
151371093.75,-93.75825509267054
151375976.5625,-93.60952403138731
151380859.375,-93.71509055787837
151385742.1875,-93.70530845000127
151390625.0,-93.8616345640435
151395507.8125,-93.76285754542508
151400390.625,-93.72475634360649
151405273.4375,-93.61959907631245
151410156.25,-93.82435584340502
151415039.0625,-93.78588502158377
151419921.875,-93.79618178559835
151424804.6875,-93.70724148630626
151429687.5,-93.77698602394241
151434570.3125,-93.78941995837476
151439453.125,-93.82502649329356
151444335.9375,-93.71158522935258
151449218.75,-93.75201464113809
151454101.5625,-93.72197184345112
151458984.375,-93.78700037639376
151463867.1875,-93.73401387387216
151468750.0,-93.71407621040365
151473632.8125,-93.72977345762246
151478515.625,-93.69591601237636
151483398.4375,-93.87629903304645
151488281.25,-93.73801774697478
151493164.0625,-93.65961847006446
151498046.875,-93.8209289964617
151502929.6875,-93.55861435355976
151507812.5,-93.73103846603672
151512695.3125,-93.73252541225617
151517578.125,-93.74648096997035
151522460.9375,-93.69761502077745
151527343.75,-93.66658083068717
151532226.5625,-93.76020413520567
151537109.375,-93.7779039341375
151541992.1875,-93.6852606102928
151546875.0,-93.57074443497544
151551757.8125,-93.70715250467606
151556640.625,-93.711422014938
151561523.4375,-93.79072138182386
151566406.25,-93.73850868384346
151571289.0625,-93.73430205843349
151576171.875,-93.65808497048022
151581054.6875,-93.754703008903
151585937.5,-93.82498272076799
151590820.3125,-93.76722127397352
151595703.125,-93.76458633875589
151600585.9375,-93.68765936703315
151605468.75,-93.82710529449824
151610351.5625,-93.62328933684819
151615234.375,-93.76681281152091
151620117.1875,-93.7443543439328
151625000.0,-93.64133221615506
151629882.8125,-93.78149063922115
151634765.625,-93.77336003778962
151639648.4375,-93.80682451079448
151644531.25,-93.75349585272369
151649414.0625,-93.66474909233514
151654296.875,-93.76402537347008
151659179.6875,-93.71048517209474
151664062.5,-93.74209718613855
151668945.3125,-93.7503998894341
151673828.125,-93.79691168022896
151678710.9375,-93.70898515469486
151683593.75,-93.79855754943884
151688476.5625,-93.6683723775563
151693359.375,-93.85032468766047
151698242.1875,-93.72556289274158
151703125.0,-93.7288598224307
151708007.8125,-93.66698765419034
151712890.625,-93.7336173865803
151717773.4375,-93.65880593729753
151722656.25,-93.69854193728088
151727539.0625,-93.67507877005602
151732421.875,-93.683603491913
151737304.6875,-93.71004985299308
151742187.5,-93.73852750346359
151747070.3125,-93.74025542403729
151751953.125,-93.6604819382544
151756835.9375,-93.6280753440067
151761718.75,-93.63888435807777
151766601.5625,-93.69279768368426
151771484.375,-93.76588210277635
151776367.1875,-93.66679852493183
151781250.0,-93.6213830062546
151786132.8125,-93.70914891847278
151791015.625,-93.73153878180591
151795898.4375,-93.72360192353273
151800781.25,-93.62058308380907
151805664.0625,-93.71834549083025
151810546.875,-93.604011412472
151815429.6875,-93.69145811933043
151820312.5,-93.70780414293739
151825195.3125,-93.8811412707706
151830078.125,-93.75362062626962
151834960.9375,-93.83041131400293
151839843.75,-93.67991760566912
151844726.5625,-93.70098815556855
151849609.375,-93.62428169428202
151854492.1875,-93.72798564171666
151859375.0,-93.76763626322517
151864257.8125,-93.66307008515929
151869140.625,-93.68583611368871
151874023.4375,-93.79488810941064
151878906.25,-93.70955423657927
151883789.0625,-93.72144563213249
151888671.875,-93.6783153130493
151893554.6875,-93.77930600417099
151898437.5,-93.64111640596846
151903320.3125,-93.76169419644884
151908203.125,-93.6738645717075
151913085.9375,-93.668008469118
151917968.75,-93.61633742756936
151922851.5625,-93.67935496012524
151927734.375,-93.66438150582178
151932617.1875,-93.56690074675751
151937500.0,-93.71536789622093
151942382.8125,-93.692235996792
151947265.625,-93.57468549148905
151952148.4375,-93.76026688785083
151957031.25,-93.61434240950967
151961914.0625,-93.70176454087408
151966796.875,-93.71147635160267
151971679.6875,-93.6498719036376
151976562.5,-93.7237685662474
151981445.3125,-93.62415674782375
151986328.125,-93.62347844609675
151991210.9375,-93.62339330179682
151996093.75,-93.57165944063087
152000976.5625,-93.71428228141133
152005859.375,-93.6320031236099
152010742.1875,-93.58607103117208
152015625.0,-93.74763802728194
152020507.8125,-93.59405870927668
152025390.625,-93.699318614665
152030273.4375,-93.71264936063486
152035156.25,-93.75620756867153
152040039.0625,-93.74047646004647
152044921.875,-93.64403174714099
152049804.6875,-93.67668920382172
152054687.5,-93.60824362032972
152059570.3125,-93.74915449943956
152064453.125,-93.65668406681868
152069335.9375,-93.69514228843116
152074218.75,-93.74125337601609
152079101.5625,-93.798401297163
152083984.375,-93.72699228776662
152088867.1875,-93.81302582935407
152093750.0,-93.68655603700986
152098632.8125,-93.71771279428131
152103515.625,-93.73164066093378
152108398.4375,-93.67198544118312
152113281.25,-93.75106620783333
152118164.0625,-93.84836922548388
152123046.875,-93.6425635443473
152127929.6875,-93.65971491000764
152132812.5,-93.70077001745469
152137695.3125,-93.75091635259028
152142578.125,-93.73430038280549
152147460.9375,-93.68852643786602
152152343.75,-93.61782198974805
152157226.5625,-93.65742947328087
152162109.375,-93.77710934506015
152166992.1875,-93.73202984514776
152171875.0,-93.64500589187946
152176757.8125,-93.7002082628538
152181640.625,-93.72209943737369
152186523.4375,-93.74036812853763
152191406.25,-93.76769419716527
152196289.0625,-93.72267363596478
152201171.875,-93.6478021200898
152206054.6875,-93.67742686515354
152210937.5,-93.76781930551059
152215820.3125,-93.67088475049542
152220703.125,-93.73200347162378
152225585.9375,-93.72060216229335
152230468.75,-93.70815135829469
152235351.5625,-93.66558932981903
152240234.375,-93.74755844049363
152245117.1875,-93.7530248364194
152250000.0,-93.75755443246476
152254882.8125,-93.68571879957997
152259765.625,-93.81226285985363
152264648.4375,-93.77966825600296
152269531.25,-93.65793126227464
152274414.0625,-93.7298227022942
152279296.875,-93.57798218301471
152284179.6875,-93.63110764059897
152289062.5,-93.73800919509281
152293945.3125,-93.66902185377137
152298828.125,-93.7973998665353
152303710.9375,-93.67722712506452
152308593.75,-93.58327348538535
152313476.5625,-93.69034347928786
152318359.375,-93.70957798729603
152323242.1875,-93.68901834425509
152328125.0,-93.8182878968588
152333007.8125,-93.7261005110729
152337890.625,-93.58643240499822
152342773.4375,-93.72912943263032
152347656.25,-93.6890351660154
152352539.0625,-93.75349362534774
152357421.875,-93.63948831404386
152362304.6875,-93.64980749778371
152367187.5,-93.66897344368385
152372070.3125,-93.70681426712505
152376953.125,-93.75666796099947
152381835.9375,-93.74190962112459
152386718.75,-93.78371280293734
152391601.5625,-93.73587448086334
152396484.375,-93.72308983673923
152401367.1875,-93.71606567166478
152406250.0,-93.69831212116799
152411132.8125,-93.75017723332377
152416015.625,-93.58726110096424
152420898.4375,-93.67342246513115
152425781.25,-93.66984645784788
152430664.0625,-93.73956070734764
152435546.875,-93.59595238018841
152440429.6875,-93.67363577105164
152445312.5,-93.73769635086717
152450195.3125,-93.90539998855354
152455078.125,-93.72940439134825
152459960.9375,-93.65531169467391
152464843.75,-93.78934626499648
152469726.5625,-93.66149145630709
152474609.375,-93.56896724262569
152479492.1875,-93.59097741623796
152484375.0,-93.6965993078347
152489257.8125,-93.67978576928184
152494140.625,-93.58183724391753
152499023.4375,-93.56624115859856
152503906.25,-93.68284915538325
152508789.0625,-93.75725743756246
152513671.875,-93.65935383796494
152518554.6875,-93.80277119247756
152523437.5,-93.69614115775443
152528320.3125,-93.74284820753121
152533203.125,-93.69267134030179
152538085.9375,-93.65221911084262
152542968.75,-93.7850693870719
152547851.5625,-93.79953734668152
152552734.375,-93.69279310772953
152557617.1875,-93.71585730545004
152562500.0,-93.68745260980191
152567382.8125,-93.69480944295174
152572265.625,-93.71024067233111
152577148.4375,-93.72377685708247
152582031.25,-93.70123611408044
152586914.0625,-93.65970783241607
152591796.875,-93.66448998304975
152596679.6875,-93.73179220028254
152601562.5,-93.80677969325657
152606445.3125,-93.64216060080722
152611328.125,-93.77883523330928
152616210.9375,-93.7708391243464
152621093.75,-93.74017145109951
152625976.5625,-93.64742530660902
152630859.375,-93.74449607274497
152635742.1875,-93.68569617225825
152640625.0,-93.7055526996918
152645507.8125,-93.74475700594598
152650390.625,-93.63547302459264
152655273.4375,-93.68893127828429
152660156.25,-93.79674534962498
152665039.0625,-93.69796480495063
152669921.875,-93.71557528173216
152674804.6875,-93.76581633441612
152679687.5,-93.77828986551648
152684570.3125,-93.68900935667091
152689453.125,-93.77170077514577
152694335.9375,-93.65702661218123
152699218.75,-93.77877980290435
152704101.5625,-93.81586843370906
152708984.375,-93.71414878605333
152713867.1875,-93.78643403559556
152718750.0,-93.77034575576931
152723632.8125,-93.66854345970822
152728515.625,-93.76691365770395
152733398.4375,-93.70777368824523
152738281.25,-93.68048693492497
152743164.0625,-93.83392594591587
152748046.875,-93.69680261986602
152752929.6875,-93.7778291779928
152757812.5,-93.82349684521017
152762695.3125,-93.86563247675122
152767578.125,-93.74200402414226
152772460.9375,-93.70727262346603
152777343.75,-93.80985935183477
152782226.5625,-93.68588367319776
152787109.375,-93.74059080709574
152791992.1875,-93.7086569172464
152796875.0,-93.64724239757533
152801757.8125,-93.70847280472387
152806640.625,-93.77596869321957
152811523.4375,-93.76361946279502
152816406.25,-93.79115264898945
152821289.0625,-93.65062260534503
152826171.875,-93.79700091367667
152831054.6875,-93.70819434102225
152835937.5,-93.84602731665814
152840820.3125,-93.66201063333929
152845703.125,-93.66368572995663
152850585.9375,-93.72214770529928
152855468.75,-93.77035508336002
152860351.5625,-93.76124214833789
152865234.375,-93.7374497263155
152870117.1875,-93.71015046183803
152875000.0,-93.74582533654694
152879882.8125,-93.66745208200385
152884765.625,-93.65194591782515
152889648.4375,-93.85866817987511
152894531.25,-93.79419492021293
152899414.0625,-93.66376415602309
152904296.875,-93.79407375732498
152909179.6875,-93.73353460144756
152914062.5,-93.72167143094833
152918945.3125,-93.72338258423625
152923828.125,-93.73018009244572
152928710.9375,-93.6442744996562
152933593.75,-93.78573989912982
152938476.5625,-93.77922052484607
152943359.375,-93.80340849240741
152948242.1875,-93.85888499065521
152953125.0,-93.83758008158193
152958007.8125,-93.82969161304334
152962890.625,-93.78058314102327
152967773.4375,-93.79014279319907
152972656.25,-93.70478114176737
152977539.0625,-93.78041145422571
152982421.875,-93.77424176931754
152987304.6875,-93.64374892848244
152992187.5,-93.77159832934223
152997070.3125,-93.69697109782152
153001953.125,-93.67531652460994
153006835.9375,-93.81398165670035
153011718.75,-93.8289782037981
153016601.5625,-93.7096332816464
153021484.375,-93.64882962988725
153026367.1875,-93.76752859441746
153031250.0,-93.65615717489396
153036132.8125,-93.73889687447556
153041015.625,-93.71637074730415
153045898.4375,-93.65971675260371
153050781.25,-93.84531740164252
153055664.0625,-93.70330871438412
153060546.875,-93.69106666169952
153065429.6875,-93.80528586482953
153070312.5,-93.78018300968023
153075195.3125,-93.66216737707117
153080078.125,-93.69070129460334
153084960.9375,-93.82711143930263
153089843.75,-93.82916516041672
153094726.5625,-93.94522616485716
153099609.375,-93.8746792662752
153104492.1875,-93.68673767360195
153109375.0,-93.66446397202049
153114257.8125,-93.73082131009457
153119140.625,-93.80554125771496
153124023.4375,-93.92002567742321
153128906.25,-93.72148527951313
153133789.0625,-93.77789777404723
153138671.875,-93.70974495795966
153143554.6875,-93.84375661462406
153148437.5,-93.74413744793253
153153320.3125,-93.79304428206322
153158203.125,-93.81523560722269
153163085.9375,-93.78101600322435
153167968.75,-93.70287653559836
153172851.5625,-93.74618517471842
153177734.375,-93.72078667745487
153182617.1875,-93.72241583696393
153187500.0,-93.80021328911738
153192382.8125,-93.76699094847939
153197265.625,-93.79722258148865
153202148.4375,-93.72063530220956
153207031.25,-93.74891565096317
153211914.0625,-93.82242833520513
153216796.875,-93.71782299764652
153221679.6875,-93.79675608530803
153226562.5,-93.78398741787805
153231445.3125,-93.86142146134532
153236328.125,-93.75478450893462
153241210.9375,-93.73348711200808
153246093.75,-93.76627101699682
153250976.5625,-93.8057052750969
153255859.375,-93.78491457891153
153260742.1875,-93.63820091231287
153265625.0,-93.72080897068653
153270507.8125,-93.76376098571666
153275390.625,-93.83523038549882
153280273.4375,-93.73889102966533
153285156.25,-93.84382925157689
153290039.0625,-93.79977194073999
153294921.875,-93.79996836425605
153299804.6875,-93.73829509367854
153304687.5,-93.93080745674234
153309570.3125,-93.7930355041307
153314453.125,-93.79637853806233
153319335.9375,-93.7771656780217
153324218.75,-93.77718985513275
153329101.5625,-93.78499526748072
153333984.375,-93.78595867010321
153338867.1875,-93.727418097422
153343750.0,-93.77939940608155
153348632.8125,-93.87550313670988
153353515.625,-93.71856629027235
153358398.4375,-93.65224702966253
153363281.25,-93.8106855403008
153368164.0625,-93.86285785857416
153373046.875,-93.7824249139783
153377929.6875,-93.79107250177358
153382812.5,-93.7784825397965
153387695.3125,-93.77139918807006
153392578.125,-93.82674624825188
153397460.9375,-93.6363168179416
153402343.75,-93.7744684825899
153407226.5625,-93.72158015876886
153412109.375,-93.71199040003827
153416992.1875,-93.78663113350342
153421875.0,-93.85179331363418
153426757.8125,-93.75686884898218
153431640.625,-93.86448613956213
153436523.4375,-93.81795481656252
153441406.25,-93.72596640371256
153446289.0625,-93.8498579509141
153451171.875,-93.77818588848805
153456054.6875,-93.76220862431217
153460937.5,-93.74948010951198
153465820.3125,-93.84720697915827
153470703.125,-93.80731931243514
153475585.9375,-93.77410045196683
153480468.75,-93.74545630652051
153485351.5625,-93.74651144591826
153490234.375,-93.76939101320875
153495117.1875,-93.85453331877312
153500000.0,-93.65953617871031
153504882.8125,-93.69650665994075
153509765.625,-93.7418222082529
153514648.4375,-93.79195207870629
153519531.25,-93.81307306585529
153524414.0625,-93.80898783277499
153529296.875,-93.87916067366746
153534179.6875,-93.77623130134342
153539062.5,-93.82981317800926
153543945.3125,-93.76471609721125
153548828.125,-93.86092572199075
153553710.9375,-93.76076548097328
153558593.75,-93.76486036002464
153563476.5625,-93.79867551218919
153568359.375,-93.91004988273818
153573242.1875,-93.85295850873715
153578125.0,-93.80526929834457
153583007.8125,-93.75754005412347
153587890.625,-93.74962288371825
153592773.4375,-93.71276522216678
153597656.25,-93.72347645968247
153602539.0625,-93.71837861519552
153607421.875,-93.7800925995279
153612304.6875,-93.81148559186613
153617187.5,-93.87307005262343
153622070.3125,-93.83646012999048
153626953.125,-93.72173152830811
153631835.9375,-93.81303361574771
153636718.75,-93.7406391536664
153641601.5625,-93.76497612259982
153646484.375,-93.7483644756226
153651367.1875,-93.8005891995468
153656250.0,-93.83498225332292
153661132.8125,-93.86722754297728
153666015.625,-93.74472509930882
153670898.4375,-93.70631277159134
153675781.25,-93.75043601033408
153680664.0625,-93.74231388464725
153685546.875,-93.77889190737955
153690429.6875,-93.85939653949649
153695312.5,-93.86704583652403
153700195.3125,-93.8267480122671
153705078.125,-93.59939783250181
153709960.9375,-93.8498312084198
153714843.75,-93.76491682916071
153719726.5625,-93.74401679924796
153724609.375,-93.90943962432556
153729492.1875,-93.69834419242
153734375.0,-93.76186061708111
153739257.8125,-93.76288667506725
153744140.625,-93.80055621983641
153749023.4375,-93.79253957632883
153753906.25,-93.80950624309096
153758789.0625,-93.85787499406817
153763671.875,-93.85193679338391
153768554.6875,-93.79856531828207
153773437.5,-93.87015995791458
153778320.3125,-93.81575709348175
153783203.125,-93.85838073830934
153788085.9375,-93.75267775611326
153792968.75,-93.63084680369343
153797851.5625,-93.71000344688068
153802734.375,-93.87136488252327
153807617.1875,-93.84476464281568
153812500.0,-93.78822766619223
153817382.8125,-93.7417383932501
153822265.625,-93.73459879674476
153827148.4375,-93.6860098068415
153832031.25,-93.76681040679921
153836914.0625,-93.82978799975729
153841796.875,-93.75507748496955
153846679.6875,-93.77211208827987
153851562.5,-93.83965491838825
153856445.3125,-93.73985054007926
153861328.125,-93.7987057445647
153866210.9375,-93.78840772237507
153871093.75,-93.72369063855902
153875976.5625,-93.72715310181547
153880859.375,-93.7656801154684
153885742.1875,-93.79876304808104
153890625.0,-93.82498621511186
153895507.8125,-93.72804829141185
153900390.625,-93.73672267949158
153905273.4375,-93.7949495133303
153910156.25,-93.81215618893026
153915039.0625,-93.88568084294621
153919921.875,-93.87184069503351
153924804.6875,-93.80456951253026
153929687.5,-93.71962646302575
153934570.3125,-93.770424522497
153939453.125,-93.74389782993578
153944335.9375,-93.85070165094743
153949218.75,-93.72397579428741
153954101.5625,-93.9123061348528
153958984.375,-93.75554896151871
153963867.1875,-93.6226096013435
153968750.0,-93.78489779226572
153973632.8125,-93.63408310947818
153978515.625,-93.79731105613232
153983398.4375,-93.81220193439898
153988281.25,-93.82597695734373
153993164.0625,-93.80833306011766
153998046.875,-93.69267847270123
154002929.6875,-93.79526855154677
154007812.5,-93.78432423788635
154012695.3125,-93.80589785872473
154017578.125,-93.74494812576953
154022460.9375,-93.76150000212175
154027343.75,-93.75397628802932
154032226.5625,-93.7323814146211
154037109.375,-93.86410946168749
154041992.1875,-93.75275312077844
154046875.0,-93.82173083398172
154051757.8125,-93.84128724154263
154056640.625,-93.80202577413047
154061523.4375,-93.81835418810581
154066406.25,-93.77871266189456
154071289.0625,-93.70546724254723
154076171.875,-93.84529693203547
154081054.6875,-93.78832271135693
154085937.5,-93.72070055336019
154090820.3125,-93.72422753656161
154095703.125,-93.79608770526636
154100585.9375,-93.71850802017173
154105468.75,-93.81250315807267
154110351.5625,-93.77848152612148
154115234.375,-93.8230568269883
154120117.1875,-93.83862498728638
154125000.0,-93.64024990771694
154129882.8125,-93.83663143383524
154134765.625,-93.775394596741
154139648.4375,-93.83518835376935
154144531.25,-93.75226304051156
154149414.0625,-93.70387912934245
154154296.875,-93.78102074995138
154159179.6875,-93.78111315259059
154164062.5,-93.9342238949958
154168945.3125,-93.83378229999863
154173828.125,-93.64445644638414
154178710.9375,-93.67271167463679
154183593.75,-93.83387225776201
154188476.5625,-93.78297450709044
154193359.375,-93.71165181621927
154198242.1875,-93.67865986542995
154203125.0,-93.78505967485614
154208007.8125,-93.89667851076254
154212890.625,-93.8595930651723
154217773.4375,-93.76440073248997
154222656.25,-93.86283623754827
154227539.0625,-93.89895980904686
154232421.875,-93.8035301345115
154237304.6875,-93.76715222146686
154242187.5,-93.80988211008034
154247070.3125,-93.78137498273793
154251953.125,-93.72899369046067
154256835.9375,-93.76605266424218
154261718.75,-93.72690348849571
154266601.5625,-93.79317448418061
154271484.375,-93.74041928359787
154276367.1875,-93.61383347772795
154281250.0,-93.75675303206754
154286132.8125,-93.79695808136435
154291015.625,-93.76148925854724
154295898.4375,-93.83090982210928
154300781.25,-93.79757786743306
154305664.0625,-93.67177653204794
154310546.875,-93.63101968668175
154315429.6875,-93.78672190634711
154320312.5,-93.69665953702466
154325195.3125,-93.68275594287272
154330078.125,-93.73546031503002
154334960.9375,-93.78777594718954
154339843.75,-93.92930123713177
154344726.5625,-93.67062315003167
154349609.375,-93.72744592443016
154354492.1875,-93.74379170097285
154359375.0,-93.66546418715157
154364257.8125,-93.6845742061092
154369140.625,-93.77186882489465
154374023.4375,-93.74852440170588
154378906.25,-93.65266147826975
154383789.0625,-93.70983633291695
154388671.875,-93.7043837441027
154393554.6875,-93.79816464470511
154398437.5,-93.75576200826899
154403320.3125,-93.8042268553663
154408203.125,-93.72517827936079
154413085.9375,-93.71688231056564
154417968.75,-93.73433491446502
154422851.5625,-93.85920531178766
154427734.375,-93.76162908795348
154432617.1875,-93.81574554615369
154437500.0,-93.76857974393266
154442382.8125,-93.67089076585742
154447265.625,-93.69214713813517
154452148.4375,-93.71829215903406
154457031.25,-93.86900130096501
154461914.0625,-93.75004303769941
154466796.875,-93.70118477063511
154471679.6875,-93.67788904793795
154476562.5,-93.78104294963745
154481445.3125,-93.66146831666211
154486328.125,-93.6871424956758
154491210.9375,-93.80350267596845
154496093.75,-93.77904874638389
154500976.5625,-93.83480003381106
154505859.375,-93.7724422088935
154510742.1875,-93.76999347549159
154515625.0,-93.8639883936784
154520507.8125,-93.63944749413744
154525390.625,-93.72381589967912
154530273.4375,-93.79987800886045
154535156.25,-93.70250653014898
154540039.0625,-93.73186062751444
154544921.875,-93.72724157436923
154549804.6875,-93.65975127718886
154554687.5,-93.83879718783444
154559570.3125,-93.79279986279676
154564453.125,-93.77323103938073
154569335.9375,-93.63204640543657
154574218.75,-93.86273861457681
154579101.5625,-93.85628193418896
154583984.375,-93.79768380816091
154588867.1875,-93.84442091652346
154593750.0,-93.79700517428398
154598632.8125,-93.69328221667004
154603515.625,-93.70936562145062
154608398.4375,-93.75279035359648
154613281.25,-93.68009674711513
154618164.0625,-93.5600947043076
154623046.875,-93.62647833594806
154627929.6875,-93.80545862689402
154632812.5,-93.67538040197769
154637695.3125,-93.66925597826693
154642578.125,-93.6389811240517
154647460.9375,-93.71673277531391
154652343.75,-93.72766126781838
154657226.5625,-93.62282624333216
154662109.375,-93.71320604288596
154666992.1875,-93.7362762132309
154671875.0,-93.777403863048
154676757.8125,-93.61309138614715
154681640.625,-93.80897015358815
154686523.4375,-93.71268572765564
154691406.25,-93.7297841420137
154696289.0625,-93.70676461973616
154701171.875,-93.67997168011215
154706054.6875,-93.71508030706343
154710937.5,-93.7368975028781
154715820.3125,-93.63493693217322
154720703.125,-93.66301040118879
154725585.9375,-93.68448513404536
154730468.75,-93.64747095116937
154735351.5625,-93.67652394286335
154740234.375,-93.71114566736753
154745117.1875,-93.81327844334507
154750000.0,-93.69392357529225
154754882.8125,-93.61017590604334
154759765.625,-93.58565129612725
154764648.4375,-93.63083384557424
154769531.25,-93.65459646366281
154774414.0625,-93.82142866939654
154779296.875,-93.6070815583472
154784179.6875,-93.67809706507134
154789062.5,-93.71591923305778
154793945.3125,-93.74049774003541
154798828.125,-93.66375393215014
154803710.9375,-93.63756707089414
154808593.75,-93.70781022756805
154813476.5625,-93.75599585621234
154818359.375,-93.74584011970157
154823242.1875,-93.67486738141781
154828125.0,-93.70960348534868
154833007.8125,-93.72349269328052
154837890.625,-93.832573604452
154842773.4375,-93.82473217185407
154847656.25,-93.63981203183164
154852539.0625,-93.63751515944477
154857421.875,-93.68975718938128
154862304.6875,-93.6844331856872
154867187.5,-93.74288536272357
154872070.3125,-93.70145621030656
154876953.125,-93.71121710174305
154881835.9375,-93.69227627333328
154886718.75,-93.7645040763201
154891601.5625,-93.69895983415572
154896484.375,-93.68260829161304
154901367.1875,-93.76890679036
154906250.0,-93.83036973834888
154911132.8125,-93.80200511089058
154916015.625,-93.62469128272534
154920898.4375,-93.68982116266977
154925781.25,-93.6444733906095
154930664.0625,-93.72872026482418
154935546.875,-93.81280580189201
154940429.6875,-93.68562787056288
154945312.5,-93.55693738709203
154950195.3125,-93.75429149269621
154955078.125,-93.70323995192217
154959960.9375,-93.65400837872141
154964843.75,-93.7590415924833
154969726.5625,-93.83307052849813
154974609.375,-93.6821968009153
154979492.1875,-93.77031248729875
154984375.0,-93.74636134106808
154989257.8125,-93.7337221839093
154994140.625,-93.67877866137155
154999023.4375,-93.64861647590388
155003906.25,-93.6255687943164
155008789.0625,-93.63137822403954
155013671.875,-93.72742204447303
155018554.6875,-93.64962751694259
155023437.5,-93.68979821248473
155028320.3125,-93.69718185355191
155033203.125,-93.5815366076236
155038085.9375,-93.72283288240735
155042968.75,-93.85200214301815
155047851.5625,-93.70671278697952
155052734.375,-93.63268905781919
155057617.1875,-93.81765938943258
155062500.0,-93.77282136525676
155067382.8125,-93.6680209787794
155072265.625,-93.65196599509889
155077148.4375,-93.81353146412613
155082031.25,-93.80195466007709
155086914.0625,-93.64292559041118
155091796.875,-93.70527223244909
155096679.6875,-93.82456088327686
155101562.5,-93.63323562811442
155106445.3125,-93.797433939971
155111328.125,-93.60821671018996
155116210.9375,-93.78612821810859
155121093.75,-93.73396102753017
155125976.5625,-93.76858354008505
155130859.375,-93.73584039639357
155135742.1875,-93.88074881441167
155140625.0,-93.82559467511189
155145507.8125,-93.60403049044717
155150390.625,-93.66132740475453
155155273.4375,-93.58980674758834
155160156.25,-93.62985460829992
155165039.0625,-93.64107017024449
155169921.875,-93.75103093457767
155174804.6875,-93.66329954848851
155179687.5,-93.75686646323189
155184570.3125,-93.72949300529783
155189453.125,-93.67861299523835
155194335.9375,-93.83342190706736
155199218.75,-93.72181717377441
155204101.5625,-93.75114799998607
155208984.375,-93.70495954536435
155213867.1875,-93.73494759495006
155218750.0,-93.7292524291644
155223632.8125,-93.78340259869515
155228515.625,-93.73768561876904
155233398.4375,-93.64815932039934
155238281.25,-93.69980690225054
155243164.0625,-93.67623675875933
155248046.875,-93.62041865461595
155252929.6875,-93.71097817083609
155257812.5,-93.68737137450549
155262695.3125,-93.70549232210209
155267578.125,-93.71140857840331
155272460.9375,-93.6347592813236
155277343.75,-93.71646376376901
155282226.5625,-93.67163548107797
155287109.375,-93.68251138159368
155291992.1875,-93.82441308391043
155296875.0,-93.80049451034853
155301757.8125,-93.81373080501194
155306640.625,-93.638331972522
155311523.4375,-93.7048921317973
155316406.25,-93.7264500778752
155321289.0625,-93.75218919002035
155326171.875,-93.76952668552659
155331054.6875,-93.74393127951518
155335937.5,-93.74690701638207
155340820.3125,-93.63226214961017
155345703.125,-93.66209411521183
155350585.9375,-93.71203237704424
155355468.75,-93.73399835701233
155360351.5625,-93.7746045761929
155365234.375,-93.694611149433
155370117.1875,-93.80268659279878
155375000.0,-93.7667225880516
155379882.8125,-93.76030982203736
155384765.625,-93.63813193389387
155389648.4375,-93.80773232399949
155394531.25,-93.6574558393803
155399414.0625,-93.71762282236713
155404296.875,-93.806727467896
155409179.6875,-93.71835100641377
155414062.5,-93.748721305
155418945.3125,-93.83339985406838
155423828.125,-93.71807768445859
155428710.9375,-93.81411616353125
155433593.75,-93.7379979727194
155438476.5625,-93.7292242747047
155443359.375,-93.73472490774401
155448242.1875,-93.81988060647387
155453125.0,-93.8240566050136
155458007.8125,-93.75976164148938
155462890.625,-93.85375041206652
155467773.4375,-93.82141796025039
155472656.25,-93.72797565730002
155477539.0625,-93.79298666960148
155482421.875,-93.6472679040119
155487304.6875,-93.69950654734936
155492187.5,-93.8003429364876
155497070.3125,-93.7878602076089
155501953.125,-93.7262960541438
155506835.9375,-93.69506019633485
155511718.75,-93.78623517393208
155516601.5625,-93.65304136417643
155521484.375,-93.57103545375651
155526367.1875,-93.76729722669353
155531250.0,-93.78427354374242
155536132.8125,-93.77157966376461
155541015.625,-93.75889683670272
155545898.4375,-93.68779033280657
155550781.25,-93.75207864248122
155555664.0625,-93.71671121013361
155560546.875,-93.77889196240531
155565429.6875,-93.78917599121891
155570312.5,-93.80241492171268
155575195.3125,-93.77979301150759
155580078.125,-93.75141616871386
155584960.9375,-93.93011805689491
155589843.75,-93.677777797423
155594726.5625,-93.69058386590453
155599609.375,-93.8453928241947
155604492.1875,-93.75858123473878
155609375.0,-93.59547952078688
155614257.8125,-93.7896023818445
155619140.625,-93.79863828627421
155624023.4375,-93.56905782701472
155628906.25,-93.84383660434719
155633789.0625,-93.79125603707394
155638671.875,-93.8674613800348
155643554.6875,-93.75666848842553
155648437.5,-93.83275092350786
155653320.3125,-93.7775266718827
155658203.125,-93.81744518166741
155663085.9375,-93.79048448097836
155667968.75,-93.70820527941802
155672851.5625,-93.85473593593139
155677734.375,-93.62708516127799
155682617.1875,-93.71354220046294
155687500.0,-93.77151812705225
155692382.8125,-93.7306652496182
155697265.625,-93.73507264537068
155702148.4375,-93.85911777572215
155707031.25,-93.84286341566644
155711914.0625,-93.72684440686672
155716796.875,-93.73898629282843
155721679.6875,-93.68412912410253
155726562.5,-93.85369335344626
155731445.3125,-93.81362035760657
155736328.125,-93.78648391948704
155741210.9375,-93.75587857174543
155746093.75,-93.79338131802649
155750976.5625,-93.84655851726603
155755859.375,-93.75646778722034
155760742.1875,-93.88666602163514
155765625.0,-93.7266949077642
155770507.8125,-93.8055276667501
155775390.625,-93.80110418499589
155780273.4375,-93.71933029863285
155785156.25,-93.68432873113113
155790039.0625,-93.8687020456486
155794921.875,-93.74687261159767
155799804.6875,-93.86476698698004
155804687.5,-93.7658836061735
155809570.3125,-93.75199083403015
155814453.125,-93.81256931695216
155819335.9375,-93.79195545241035
155824218.75,-93.74242018052686
155829101.5625,-93.73319605742236
155833984.375,-93.83934533679945
155838867.1875,-93.76655331616462
155843750.0,-93.71484449156088
155848632.8125,-93.86730903646583
155853515.625,-93.68996849520045
155858398.4375,-93.70541794607851
155863281.25,-93.73825639930826
155868164.0625,-93.71591496786084
155873046.875,-93.71443300781945
155877929.6875,-93.72234106415965
155882812.5,-93.85205125082823
155887695.3125,-93.81887305567324
155892578.125,-93.75556645091632
155897460.9375,-93.76427142209712
155902343.75,-93.84334544686789
155907226.5625,-93.77661499737695
155912109.375,-93.79217131931603
155916992.1875,-93.80962355616117
155921875.0,-93.76231538527338
155926757.8125,-93.74396822366174
155931640.625,-93.74067174694002
155936523.4375,-93.76273190020058
155941406.25,-93.72964748971245
155946289.0625,-93.67205372667198
155951171.875,-93.71431790143583
155956054.6875,-93.84901932948856
155960937.5,-93.77850298040755
155965820.3125,-93.7256430936894
155970703.125,-93.68853275694624
155975585.9375,-93.74206215496511
155980468.75,-93.79068608204028
155985351.5625,-93.72644435197253
155990234.375,-93.85978541130163
155995117.1875,-93.77729340123858
