Frecuencia_Hz,PSD_dBm
91000000.0,-90.82327511509115
91004882.8125,-91.0344195125572
91009765.625,-90.97569728341279
91014648.4375,-90.81515986728945
91019531.25,-90.97831503740463
91024414.0625,-90.95692963029694
91029296.875,-91.03444602814417
91034179.6875,-90.9849213030185
91039062.5,-91.10281395403834
91043945.3125,-91.08343537146317
91048828.125,-91.1333234910586
91053710.9375,-90.93241386926621
91058593.75,-91.15731113962852
91063476.5625,-91.03390726799859
91068359.375,-91.09175596492935
91073242.1875,-91.06263926240538
91078125.0,-91.04436914527011
91083007.8125,-91.20325890956374
91087890.625,-91.08328159942948
91092773.4375,-91.07319835099753
91097656.25,-90.97205789112729
91102539.0625,-91.02094003208353
91107421.875,-91.08719782007933
91112304.6875,-91.14998094390796
91117187.5,-91.19283224523602
91122070.3125,-91.053872237046
91126953.125,-91.03764342227518
91131835.9375,-91.1536034042195
91136718.75,-91.01583703227084
91141601.5625,-91.11633610126844
91146484.375,-91.22631683454009
91151367.1875,-91.14795327457239
91156250.0,-91.13695919720067
91161132.8125,-91.07766152653963
91166015.625,-91.11582409066344
91170898.4375,-91.18659314845496
91175781.25,-91.07800548404657
91180664.0625,-91.2170947874792
91185546.875,-91.23931672911016
91190429.6875,-91.1847086583461
91195312.5,-91.25861840256266
91200195.3125,-91.25342694398574
91205078.125,-91.20049201516002
91209960.9375,-91.11203978231845
91214843.75,-91.21136054567077
91219726.5625,-91.19692714207613
91224609.375,-91.05798815935634
91229492.1875,-91.13768185740736
91234375.0,-91.23363374818561
91239257.8125,-91.17490555185009
91244140.625,-91.09983336504786
91249023.4375,-91.20431061726731
91253906.25,-91.20782232720723
91258789.0625,-91.1091295708639
91263671.875,-91.17393961951399
91268554.6875,-91.2467542021596
91273437.5,-91.23855517552877
91278320.3125,-91.2186681954446
91283203.125,-91.21694524409142
91288085.9375,-91.25075266858471
91292968.75,-91.17558885996087
91297851.5625,-91.36840694949441
91302734.375,-91.23078389871944
91307617.1875,-91.22946420271879
91312500.0,-91.20704843160308
91317382.8125,-91.33105007757709
91322265.625,-91.26333904677583
91327148.4375,-91.14770558001317
91332031.25,-91.09354944163795
91336914.0625,-91.29497394946375
91341796.875,-91.21335005958673
91346679.6875,-91.27210137465477
91351562.5,-91.06541531061714
91356445.3125,-91.24880880735475
91361328.125,-91.16681754203108
91366210.9375,-91.16773393528823
91371093.75,-91.22230454859539
91375976.5625,-91.12665037944711
91380859.375,-91.14104701244574
91385742.1875,-91.33788059069809
91390625.0,-91.2444379583007
91395507.8125,-91.26736631915077
91400390.625,-91.24091643229067
91405273.4375,-91.22644475712758
91410156.25,-91.15768038583607
91415039.0625,-91.16701712083693
91419921.875,-91.19039072344987
91424804.6875,-91.30055688762477
91429687.5,-91.09684018522228
91434570.3125,-91.14492213462353
91439453.125,-91.22457081153465
91444335.9375,-91.28809857175273
91449218.75,-91.09522700993739
91454101.5625,-91.04960454334798
91458984.375,-91.28722661029624
91463867.1875,-91.25316878562364
91468750.0,-91.27667606426542
91473632.8125,-91.06923326813043
91478515.625,-91.19399444532857
91483398.4375,-91.13316363938372
91488281.25,-91.15208053482533
91493164.0625,-91.074283540648
91498046.875,-91.09588828171664
91502929.6875,-91.22223175090369
91507812.5,-91.18662158906218
91512695.3125,-91.12872301006763
91517578.125,-91.10323695210872
91522460.9375,-91.03387965544923
91527343.75,-91.11493980066402
91532226.5625,-91.13368842494617
91537109.375,-91.03660096445631
91541992.1875,-91.03550455378027
91546875.0,-91.08099692527185
91551757.8125,-91.12523263952048
91556640.625,-91.06911308324251
91561523.4375,-90.85651340917221
91566406.25,-90.98970431757635
91571289.0625,-90.96903551950928
91576171.875,-90.9133090285716
91581054.6875,-90.95223926627463
91585937.5,-90.92785662961666
91590820.3125,-91.00080369775182
91595703.125,-90.91354116916253
91600585.9375,-90.72712940802577
91605468.75,-90.67103972561895
91610351.5625,-90.5149668847508
91615234.375,-90.50567037807855
91620117.1875,-90.09582014612684
91625000.0,-89.85992870375662
91629882.8125,-89.3628964719378
91634765.625,-88.69129746889067
91639648.4375,-88.44540185585313
91644531.25,-88.28433239923584
91649414.0625,-87.86317847358535
91654296.875,-87.42487472028103
91659179.6875,-87.06270663637116
91664062.5,-87.22148745680298
91668945.3125,-87.30371829412948
91673828.125,-87.02104330917058
91678710.9375,-86.00787555487005
91683593.75,-84.38928522051239
91688476.5625,-83.14714404873908
91693359.375,-82.54791546645268
91698242.1875,-82.12523815832569
91703125.0,-82.11236037519834
91708007.8125,-81.93671324197325
91712890.625,-82.49506405455458
91717773.4375,-83.932678034453
91722656.25,-85.87516952091835
91727539.0625,-88.07420508005114
91732421.875,-89.91529345501169
91737304.6875,-90.54994681686222
91742187.5,-90.56403237602953
91747070.3125,-90.85233569301613
91751953.125,-90.93322540540083
91756835.9375,-90.83729512694217
91761718.75,-90.66264535750429
91766601.5625,-90.4054807180234
91771484.375,-90.5657638931952
91776367.1875,-90.754779390663
91781250.0,-90.89988232365192
91786132.8125,-90.9152750197764
91791015.625,-90.81274005139008
91795898.4375,-90.89544658179986
91800781.25,-91.07741045044042
91805664.0625,-90.79866009214501
91810546.875,-90.81726162537768
91815429.6875,-90.9485098116684
91820312.5,-90.8758194166831
91825195.3125,-90.98436340818557
91830078.125,-91.0056092734066
91834960.9375,-91.02361472031049
91839843.75,-91.11932894401968
91844726.5625,-91.02482616516147
91849609.375,-91.0806540820123
91854492.1875,-91.11617176657995
91859375.0,-91.03299818853688
91864257.8125,-90.99541925724117
91869140.625,-91.13582420033535
91874023.4375,-91.08818648433589
91878906.25,-91.10052538895641
91883789.0625,-91.0622386365581
91888671.875,-91.13250566963393
91893554.6875,-91.30463079058384
91898437.5,-91.12234053420124
91903320.3125,-91.25688621169186
91908203.125,-91.05494010043603
91913085.9375,-91.1432168641079
91917968.75,-91.07784852440159
91922851.5625,-91.13266904823541
91927734.375,-91.11003521175635
91932617.1875,-91.25104417500845
91937500.0,-91.24197711586137
91942382.8125,-91.1551984505449
91947265.625,-91.1393439025806
91952148.4375,-91.192372469731
91957031.25,-91.24049840292781
91961914.0625,-91.21041030778417
91966796.875,-91.22596805442683
91971679.6875,-91.21141566322146
91976562.5,-91.20621621427381
91981445.3125,-91.19857557625292
91986328.125,-91.14659844514134
91991210.9375,-91.18077720988975
91996093.75,-91.23192069146705
92000976.5625,-91.2955857053031
92005859.375,-91.17198256221761
92010742.1875,-91.14511648777162
92015625.0,-91.17195829326218
92020507.8125,-91.17691033166975
92025390.625,-91.20777761375945
92030273.4375,-91.27839454852736
92035156.25,-91.1505005008872
92040039.0625,-91.21284379490794
92044921.875,-91.1506047004159
92049804.6875,-91.13481171960296
92054687.5,-91.07098398341847
92059570.3125,-91.09922106907402
92064453.125,-91.1548330406161
92069335.9375,-91.16152501955798
92074218.75,-91.11029429591008
92079101.5625,-91.110490089893
92083984.375,-91.17145281113358
92088867.1875,-91.13102026170861
92093750.0,-91.08812068980905
92098632.8125,-90.94738642973073
92103515.625,-91.16048933158001
92108398.4375,-91.08977675174069
92113281.25,-91.13504328708842
92118164.0625,-90.99696850262569
92123046.875,-91.0413945832322
92127929.6875,-91.06871670264093
92132812.5,-90.99864388189874
92137695.3125,-90.95729126022943
92142578.125,-91.05749010951791
92147460.9375,-90.95726729377833
92152343.75,-91.15619709698564
92157226.5625,-91.01853278424187
92162109.375,-90.90575878363427
92166992.1875,-91.03518602551583
92171875.0,-91.09212667676033
92176757.8125,-90.96080708978496
92181640.625,-90.98680386392266
92186523.4375,-90.99954708409518
92191406.25,-90.99069154159221
92196289.0625,-91.03668254206895
92201171.875,-91.02628702398471
92206054.6875,-90.97754060372199
92210937.5,-90.91061566155523
92215820.3125,-91.05878646214748
92220703.125,-91.03443435066703
92225585.9375,-90.9004771494011
92230468.75,-91.01308707383194
92235351.5625,-90.97993368246682
92240234.375,-90.89246144834459
92245117.1875,-90.72641906385394
92250000.0,-90.13904069043073
92254882.8125,-90.25824873611572
92259765.625,-90.50766555617159
92264648.4375,-90.40672286831222
92269531.25,-90.20159036593992
92274414.0625,-90.1552186842261
92279296.875,-90.08847370061778
92284179.6875,-89.85712961919174
92289062.5,-89.84290524971303
92293945.3125,-89.72813647804173
92298828.125,-89.7838851079774
92303710.9375,-89.85260608848361
92308593.75,-89.84679109107182
92313476.5625,-89.9888367861268
92318359.375,-90.07860995971811
92323242.1875,-89.99124764638174
92328125.0,-90.0712723301015
92333007.8125,-90.20423946895684
92337890.625,-90.23622165067727
92342773.4375,-90.45366565493322
92347656.25,-90.44615026948338
92352539.0625,-90.57212593352207
92357421.875,-90.68659716232526
92362304.6875,-90.68186674542545
92367187.5,-90.76999021925411
92372070.3125,-90.82784749083976
92376953.125,-90.7247732620699
92381835.9375,-90.87387980838545
92386718.75,-90.77336432002792
92391601.5625,-90.83016176525894
92396484.375,-90.92830868692963
92401367.1875,-90.78173295502918
92406250.0,-90.86467288977974
92411132.8125,-90.7910250935692
92416015.625,-90.89497311994398
92420898.4375,-90.91903298348564
92425781.25,-90.93567622825586
92430664.0625,-90.87546056751714
92435546.875,-90.80676016992945
92440429.6875,-90.84123121038635
92445312.5,-90.86398598767843
92450195.3125,-90.86374658171013
92455078.125,-90.87519423144715
92459960.9375,-90.84725332593294
92464843.75,-90.874987758944
92469726.5625,-90.90464592952137
92474609.375,-90.90087788488913
92479492.1875,-90.90801116258672
92484375.0,-90.89181329246497
92489257.8125,-91.0232100357562
92494140.625,-90.90930700896448
92499023.4375,-91.03133217895015
92503906.25,-90.93305400372262
92508789.0625,-90.96825530373138
92513671.875,-90.94453014072411
92518554.6875,-91.0262071192096
92523437.5,-91.04579053310661
92528320.3125,-91.0270235712338
92533203.125,-90.9329426891372
92538085.9375,-91.0020528888655
92542968.75,-90.9895834963354
92547851.5625,-91.19073246931796
92552734.375,-91.0790117184572
92557617.1875,-91.10256177617367
92562500.0,-91.02144597208263
92567382.8125,-91.04818524662113
92572265.625,-91.05341208086284
92577148.4375,-91.14285129672766
92582031.25,-90.97903794162607
92586914.0625,-91.11123770427949
92591796.875,-91.11470712586646
92596679.6875,-91.13836474339303
92601562.5,-91.0236211195598
92606445.3125,-91.09754694512546
92611328.125,-91.02658993200274
92616210.9375,-91.10438468567114
92621093.75,-91.00262774683532
92625976.5625,-91.14871665970651
92630859.375,-91.1632215353853
92635742.1875,-90.89819957677986
92640625.0,-90.95885669455853
92645507.8125,-90.89597303797072
92650390.625,-90.95534534518887
92655273.4375,-90.99828220185603
92660156.25,-91.09797463803102
92665039.0625,-90.88822308428598
92669921.875,-90.66782488072067
92674804.6875,-90.66667260068999
92679687.5,-90.54968969906636
92684570.3125,-90.25217701868084
92689453.125,-89.92187369137201
92694335.9375,-89.74818655390752
92699218.75,-90.00431098750522
92704101.5625,-90.07535089303434
92708984.375,-90.2015672982049
92713867.1875,-90.3060533482707
92718750.0,-90.59954471961916
92723632.8125,-90.58141279511398
92728515.625,-90.63502133611388
92733398.4375,-90.60235093888946
92738281.25,-90.69702088557835
92743164.0625,-90.81316592097784
92748046.875,-90.8107592703949
92752929.6875,-90.86653400323132
92757812.5,-90.8517587757182
92762695.3125,-90.82209527279491
92767578.125,-90.85754134499328
92772460.9375,-90.95118416737643
92777343.75,-90.94471989906194
92782226.5625,-91.08609285951377
92787109.375,-90.9701460309231
92791992.1875,-91.02136793074342
92796875.0,-91.11249809149336
92801757.8125,-91.04387262316848
92806640.625,-90.96192399245894
92811523.4375,-91.14538311427037
92816406.25,-91.02262419437074
92821289.0625,-90.99082303995996
92826171.875,-90.90559015527373
92831054.6875,-90.82621606377563
92835937.5,-90.93228651392513
92840820.3125,-90.92755156378894
92845703.125,-90.84932098677913
92850585.9375,-90.91149506189473
92855468.75,-90.94517132692783
92860351.5625,-90.93932953422652
92865234.375,-90.90539480442621
92870117.1875,-90.901788249648
92875000.0,-90.92539447559048
92879882.8125,-90.89690819281105
92884765.625,-90.89632991682234
92889648.4375,-90.81935444964432
92894531.25,-90.75159552307926
92899414.0625,-91.04487479157567
92904296.875,-90.98342526770773
92909179.6875,-90.8700323679721
92914062.5,-90.83760843181955
92918945.3125,-90.79962148718803
92923828.125,-90.90564299101169
92928710.9375,-90.84395775864093
92933593.75,-90.72187879020231
92938476.5625,-90.83313644016374
92943359.375,-90.75893187947199
92948242.1875,-90.81911621750012
92953125.0,-90.71826766417101
92958007.8125,-90.84697026359362
92962890.625,-90.86961320708488
92967773.4375,-90.8070524296441
92972656.25,-90.69373446704392
92977539.0625,-90.67383252376348
92982421.875,-90.62890716963767
92987304.6875,-90.68808631513431
92992187.5,-90.7065049780102
92997070.3125,-90.65254086904804
93001953.125,-90.77096396834935
93006835.9375,-90.6515219094511
93011718.75,-90.80039253359274
93016601.5625,-90.79243027789153
93021484.375,-90.74137334337021
93026367.1875,-90.68298978598963
93031250.0,-90.69954263258452
93036132.8125,-90.78305915422308
93041015.625,-90.74461968428758
93045898.4375,-90.78950523003743
93050781.25,-90.70869183253308
93055664.0625,-90.77519707000516
93060546.875,-90.78124432449388
93065429.6875,-90.82745285127007
93070312.5,-90.76050210771226
93075195.3125,-90.75423843784242
93080078.125,-90.8327830987065
93084960.9375,-90.78426357956309
93089843.75,-90.77210446799455
93094726.5625,-90.80375555665887
93099609.375,-90.90335576759418
93104492.1875,-90.78769164891273
93109375.0,-90.90073444436473
93114257.8125,-90.98473954123645
93119140.625,-90.81130421955837
93124023.4375,-90.83141009833943
93128906.25,-90.99798628921886
93133789.0625,-90.89964548530045
93138671.875,-90.88488175625554
93143554.6875,-90.88619149447482
93148437.5,-90.86489463836043
93153320.3125,-90.87375876240196
93158203.125,-90.80989991655892
93163085.9375,-90.80370739799346
93167968.75,-90.80955704333789
93172851.5625,-90.91163613532905
93177734.375,-90.95127423766951
93182617.1875,-90.86017636255869
93187500.0,-90.95471609442734
93192382.8125,-90.93606400999687
93197265.625,-91.06116175499105
93202148.4375,-90.98066633651857
93207031.25,-90.83794982160975
93211914.0625,-90.8453834010351
93216796.875,-90.89820283989442
93221679.6875,-90.98370857209918
93226562.5,-90.8847271853493
93231445.3125,-90.92573155271165
93236328.125,-90.96071473678353
93241210.9375,-91.00388507789285
93246093.75,-90.99440885669668
93250976.5625,-91.04404668978086
93255859.375,-90.90553923760038
93260742.1875,-91.03001851635148
93265625.0,-91.03070191809505
93270507.8125,-90.96299160083558
93275390.625,-90.92848693169009
93280273.4375,-91.01489691374223
93285156.25,-90.93803272385819
93290039.0625,-90.94154740179499
93294921.875,-90.93422962836823
93299804.6875,-90.98580238914894
93304687.5,-90.98782198672856
93309570.3125,-90.86906782478133
93314453.125,-90.9225747948048
93319335.9375,-90.94076584858635
93324218.75,-90.8947879658177
93329101.5625,-90.88775303430884
93333984.375,-91.019586148093
93338867.1875,-91.04746421744505
93343750.0,-90.91469096507942
93348632.8125,-91.0610210996926
93353515.625,-91.04831569938523
93358398.4375,-91.06206527726275
93363281.25,-91.00366080942456
93368164.0625,-91.01799690865417
93373046.875,-90.98055614702008
93377929.6875,-91.00216261441994
93382812.5,-90.97482555321511
93387695.3125,-90.96271126032227
93392578.125,-90.97938507713343
93397460.9375,-91.02509883634548
93402343.75,-91.04040252089186
93407226.5625,-90.96038071919912
93412109.375,-91.05299167712036
93416992.1875,-90.9832340857208
93421875.0,-90.96398037226305
93426757.8125,-91.04865636219449
93431640.625,-91.03852963793227
93436523.4375,-91.00043390295752
93441406.25,-90.95897813627371
93446289.0625,-90.98449960727413
93451171.875,-90.92992601735159
93456054.6875,-90.90708102452533
93460937.5,-90.88793816610107
93465820.3125,-90.89780322745565
93470703.125,-90.84324023258347
93475585.9375,-90.84929789742549
93480468.75,-90.87281653362612
93485351.5625,-91.00375336914291
93490234.375,-91.00091960985057
93495117.1875,-90.81149549177482
93500000.0,-90.80373651422678
93504882.8125,-90.96799251400333
93509765.625,-90.89584124866948
93514648.4375,-90.91722859956286
93519531.25,-90.74228417052169
93524414.0625,-90.76087962938976
93529296.875,-90.74949204251081
93534179.6875,-90.79284315059292
93539062.5,-90.75874097161255
93543945.3125,-90.75978053258095
93548828.125,-90.71452144270205
93553710.9375,-90.78278296559586
93558593.75,-90.74339419881198
93563476.5625,-90.73371584049707
93568359.375,-90.63118891355671
93573242.1875,-90.66697725477019
93578125.0,-90.67010053485589
93583007.8125,-90.80582087215535
93587890.625,-90.766088201304
93592773.4375,-90.77905238307358
93597656.25,-90.69501383549161
93602539.0625,-90.54078476867124
93607421.875,-90.72065058208275
93612304.6875,-90.60798962181121
93617187.5,-90.70979811832436
93622070.3125,-90.67423163001268
93626953.125,-90.68432803418511
93631835.9375,-90.70243600383446
93636718.75,-90.7821535462839
93641601.5625,-90.64443496597622
93646484.375,-90.62469639874712
93651367.1875,-90.78082790909829
93656250.0,-90.8032183244575
93661132.8125,-90.81333622766036
93666015.625,-90.70586671054653
93670898.4375,-90.77087955806695
93675781.25,-90.79146247018434
93680664.0625,-90.78746541438633
93685546.875,-90.80193955223501
93690429.6875,-90.7872084646718
93695312.5,-90.78436799465689
93700195.3125,-90.82389234577752
93705078.125,-90.75391834615121
93709960.9375,-90.85212657249735
93714843.75,-90.792043106942
93719726.5625,-90.68197264701121
93724609.375,-90.81880555584885
93729492.1875,-90.86726834560017
93734375.0,-90.7968359072157
93739257.8125,-90.86798270559692
93744140.625,-91.02619837452238
93749023.4375,-90.93479212973841
93753906.25,-90.87890603665662
93758789.0625,-90.8133478770985
93763671.875,-90.9506223999391
93768554.6875,-90.9266804997473
93773437.5,-90.97952879145919
93778320.3125,-90.73604881755378
93783203.125,-90.83489074243928
93788085.9375,-90.92623730336271
93792968.75,-90.79502154694302
93797851.5625,-90.83900061013952
93802734.375,-90.84669017997075
93807617.1875,-90.79779960577861
93812500.0,-90.82105140145433
93817382.8125,-90.86112745785081
93822265.625,-90.86615081279325
93827148.4375,-90.95828157331493
93832031.25,-91.05430422452471
93836914.0625,-91.02030990158394
93841796.875,-90.84021700236138
93846679.6875,-90.89486771421005
93851562.5,-90.87770519348769
93856445.3125,-90.86124379826151
93861328.125,-90.97261331202483
93866210.9375,-90.89628886870346
93871093.75,-90.91355637237666
93875976.5625,-90.99159626129446
93880859.375,-90.98264805438882
93885742.1875,-91.076181131526
93890625.0,-91.05213909179363
93895507.8125,-90.90587859058701
93900390.625,-90.97288538305412
93905273.4375,-90.9495713029853
93910156.25,-90.9961381340002
93915039.0625,-90.87614236069345
93919921.875,-91.01362474104127
93924804.6875,-90.9686131635338
93929687.5,-90.99572708131623
93934570.3125,-91.04035278727756
93939453.125,-91.03046020357323
93944335.9375,-90.9781450692386
93949218.75,-90.97313516482723
93954101.5625,-91.03474142262655
93958984.375,-91.01409778954294
93963867.1875,-91.06470052761017
93968750.0,-90.95070855369923
93973632.8125,-91.10080629132344
93978515.625,-91.06431749783411
93983398.4375,-91.0119906723562
93988281.25,-90.99969531479957
93993164.0625,-91.04515130287467
93998046.875,-91.0081551593587
94002929.6875,-91.11969767717068
94007812.5,-91.12646133077732
94012695.3125,-91.11717442761449
94017578.125,-91.14172990978284
94022460.9375,-91.0565158061917
94027343.75,-90.95099741175073
94032226.5625,-91.05374900922772
94037109.375,-91.10647398333134
94041992.1875,-91.07151070935652
94046875.0,-90.88193393929961
94051757.8125,-91.03314853723444
94056640.625,-90.93473076630988
94061523.4375,-90.99018665228704
94066406.25,-91.00384876111417
94071289.0625,-90.9579963015828
94076171.875,-90.9315310057035
94081054.6875,-90.92607555847121
94085937.5,-90.98010237347393
94090820.3125,-90.85310205927027
94095703.125,-91.07378113607194
94100585.9375,-90.9331752206349
94105468.75,-90.96407002959188
94110351.5625,-90.89513726546915
94115234.375,-90.88129819244668
94120117.1875,-90.93501871218513
94125000.0,-91.02692036879097
94129882.8125,-90.88140248484092
94134765.625,-91.04979265959432
94139648.4375,-90.8941472712473
94144531.25,-91.00313908598747
94149414.0625,-90.90077614867573
94154296.875,-90.92139304535345
94159179.6875,-90.89846977943645
94164062.5,-90.83839917998012
94168945.3125,-90.99574237251406
94173828.125,-90.92728548994876
94178710.9375,-90.81551779488294
94183593.75,-90.804375908905
94188476.5625,-90.72212972693396
94193359.375,-90.87129655720341
94198242.1875,-90.87301425792077
94203125.0,-90.84986275417867
94208007.8125,-90.89286551991651
94212890.625,-90.73723460688046
94217773.4375,-90.77094261044289
94222656.25,-90.82160737678885
94227539.0625,-90.90738678411796
94232421.875,-90.844469663535
94237304.6875,-90.9189180876607
94242187.5,-90.82842989641262
94247070.3125,-90.80183448882187
94251953.125,-90.89281769699966
94256835.9375,-90.88843704899654
94261718.75,-90.81383739486458
94266601.5625,-90.82010126348146
94271484.375,-90.94888040612759
94276367.1875,-90.84814842064597
94281250.0,-90.72952488278855
94286132.8125,-90.91396445134569
94291015.625,-90.83874395499475
94295898.4375,-90.86007234855603
94300781.25,-90.82416149332039
94305664.0625,-90.78869342175244
94310546.875,-90.76210192626564
94315429.6875,-90.91717153845593
94320312.5,-90.82205914523487
94325195.3125,-90.96586610297382
94330078.125,-90.82878422224852
94334960.9375,-90.76228073663995
94339843.75,-90.87582269621282
94344726.5625,-90.84860149455983
94349609.375,-90.82250470565396
94354492.1875,-90.7748456439003
94359375.0,-90.83453728989645
94364257.8125,-90.78661059985845
94369140.625,-90.80644307792639
94374023.4375,-90.85562275226187
94378906.25,-90.76729687523348
94383789.0625,-90.75773239125047
94388671.875,-90.808872640745
94393554.6875,-90.64316173166705
94398437.5,-90.75515291441951
94403320.3125,-90.83017884676312
94408203.125,-90.84322918796903
94413085.9375,-90.68684727894612
94417968.75,-90.68330821035352
94422851.5625,-90.82744213405545
94427734.375,-90.80455437032799
94432617.1875,-90.85055657306052
94437500.0,-90.8359808776413
94442382.8125,-90.801359524303
94447265.625,-90.78791899740676
94452148.4375,-90.74735608686814
94457031.25,-90.84123286222075
94461914.0625,-90.87325637147802
94466796.875,-90.89318552554192
94471679.6875,-90.90392272905748
94476562.5,-90.8882830843996
94481445.3125,-90.89200331060107
94486328.125,-90.9173058989472
94491210.9375,-90.84287918631685
94496093.75,-90.88904114315287
94500976.5625,-90.82956505645836
94505859.375,-90.90170601361785
94510742.1875,-90.86874197035837
94515625.0,-90.99997942069785
94520507.8125,-90.91616374346384
94525390.625,-90.825899739844
94530273.4375,-90.91520737011055
94535156.25,-91.00431350164075
94540039.0625,-91.02031093583523
94544921.875,-90.96345509409227
94549804.6875,-91.02009436575915
94554687.5,-90.9904456187156
94559570.3125,-90.95267868164973
94564453.125,-90.87340342383732
94569335.9375,-91.0263060136607
94574218.75,-91.00198211097714
94579101.5625,-90.98774142006855
94583984.375,-90.95981474240256
94588867.1875,-91.06129412148397
94593750.0,-91.0782684517375
94598632.8125,-90.94193723569549
94603515.625,-90.99499793123303
94608398.4375,-91.05590379987567
94613281.25,-91.05669990152288
94618164.0625,-91.04128888578771
94623046.875,-91.0662004977595
94627929.6875,-91.09936948098547
94632812.5,-90.88185985677961
94637695.3125,-90.99008442044746
94642578.125,-90.94898126552383
94647460.9375,-91.00531087936585
94652343.75,-90.93570026174714
94657226.5625,-90.9797095942734
94662109.375,-91.00367229275133
94666992.1875,-91.0513639697817
94671875.0,-91.03945479642024
94676757.8125,-90.96735691448887
94681640.625,-90.87603102512159
94686523.4375,-91.03162395405607
94691406.25,-90.90682436527459
94696289.0625,-91.01730956633119
94701171.875,-91.04930477573762
94706054.6875,-91.02634940491993
94710937.5,-90.9681935507044
94715820.3125,-90.95444496736505
94720703.125,-91.06367576002415
94725585.9375,-91.1568268768475
94730468.75,-90.95717268435362
94735351.5625,-90.95136434693183
94740234.375,-90.92553332250941
94745117.1875,-91.09272233458836
94750000.0,-90.9553398800372
94754882.8125,-91.01864997548836
94759765.625,-91.01734272216447
94764648.4375,-91.00296170816074
94769531.25,-91.02749270876106
94774414.0625,-91.00302669588496
94779296.875,-90.96417515114774
94784179.6875,-90.93322387532467
94789062.5,-90.99925058047722
94793945.3125,-90.97896496010944
94798828.125,-90.9962916966183
94803710.9375,-91.00593706330079
94808593.75,-91.04336203277131
94813476.5625,-90.96958268537736
94818359.375,-90.98490336225413
94823242.1875,-90.96478167775987
94828125.0,-90.99931194314786
94833007.8125,-90.96651735749916
94837890.625,-90.97076702059692
94842773.4375,-90.97824273372768
94847656.25,-90.9430735872703
94852539.0625,-91.06390135539363
94857421.875,-90.95808081341943
94862304.6875,-90.9594490584139
94867187.5,-90.87203840512373
94872070.3125,-90.96504396943382
94876953.125,-90.9343130953736
94881835.9375,-90.88587376873721
94886718.75,-90.84077938064272
94891601.5625,-90.90429671072766
94896484.375,-90.92767125075358
94901367.1875,-90.93438229168993
94906250.0,-90.89702999979696
94911132.8125,-90.96000231543616
94916015.625,-90.85923177170719
94920898.4375,-90.83634573937707
94925781.25,-90.78042801854278
94930664.0625,-90.97126997708915
94935546.875,-90.87879082224475
94940429.6875,-90.92566307408089
94945312.5,-90.82949176958766
94950195.3125,-90.87409742478218
94955078.125,-90.80582166959925
94959960.9375,-90.8428466457278
94964843.75,-90.87575656837484
94969726.5625,-90.93840239727282
94974609.375,-90.88711658396494
94979492.1875,-90.80841111148732
94984375.0,-90.8381092550797
94989257.8125,-90.83899374936917
94994140.625,-90.86168369242552
94999023.4375,-90.73784779768158
95003906.25,-90.83095456146106
95008789.0625,-90.80393602604212
95013671.875,-90.71953752332607
95018554.6875,-90.78521889982139
95023437.5,-90.77670276083614
95028320.3125,-90.70026143936553
95033203.125,-90.80342958799093
95038085.9375,-90.66742685347347
95042968.75,-90.22852586575863
95047851.5625,-89.5542146320796
95052734.375,-88.42533987590267
95057617.1875,-87.74670853764542
95062500.0,-87.05526083182332
95067382.8125,-86.46674587943812
95072265.625,-86.33473433639568
95077148.4375,-85.08014152832655
95082031.25,-85.09838389622982
95086914.0625,-84.99736108664843
95091796.875,-84.36563533899638
95096679.6875,-84.48706514787199
95101562.5,-84.50346967056146
95106445.3125,-84.6481800603043
95111328.125,-84.62641397029691
95116210.9375,-84.19012323249908
95121093.75,-83.57239293654044
95125976.5625,-82.54724694196176
95130859.375,-81.88282781132818
95135742.1875,-81.55044612206285
95140625.0,-81.19552130983345
95145507.8125,-81.23184977537554
95150390.625,-81.72435581374285
95155273.4375,-81.81044360483125
95160156.25,-83.47708804432696
95165039.0625,-85.77409065951895
95169921.875,-87.32543346511466
95174804.6875,-89.18873643256086
95179687.5,-90.20803087716675
95184570.3125,-90.5120502460625
95189453.125,-90.81358468202043
95194335.9375,-90.97963863523049
95199218.75,-90.90643230085223
95204101.5625,-90.92662479536034
95208984.375,-90.87897133517475
95213867.1875,-90.91757532811567
95218750.0,-90.93576277951709
95223632.8125,-90.97483388679038
95228515.625,-90.97600682960993
95233398.4375,-90.99356384118158
95238281.25,-90.92622859996033
95243164.0625,-91.06586407874119
95248046.875,-90.92855768287481
95252929.6875,-91.04195045374797
95257812.5,-90.99039970254009
95262695.3125,-91.04314092048952
95267578.125,-91.0567473801024
95272460.9375,-91.04450807048454
95277343.75,-91.07919343612585
95282226.5625,-91.00865384261641
95287109.375,-91.0729420661414
95291992.1875,-90.9222923394953
95296875.0,-90.9734697199016
95301757.8125,-91.0026625400238
95306640.625,-90.85756470018657
95311523.4375,-90.91759763715498
95316406.25,-91.04700398623203
95321289.0625,-91.10159306286627
95326171.875,-91.07389153542658
95331054.6875,-90.9440112664991
95335937.5,-91.03525757373168
95340820.3125,-90.97108605938746
95345703.125,-91.01981892507621
95350585.9375,-91.06376905448369
95355468.75,-91.06928329252207
95360351.5625,-90.97676876288088
95365234.375,-91.04843688859131
95370117.1875,-91.00551814267237
95375000.0,-91.09799380770866
95379882.8125,-91.06389973957732
95384765.625,-91.00661226866049
95389648.4375,-91.046449862358
95394531.25,-91.11618102650087
95399414.0625,-91.07700032361544
95404296.875,-90.93051577783325
95409179.6875,-90.91810926323109
95414062.5,-90.92315590859602
95418945.3125,-90.75278813928682
95423828.125,-90.53849218073094
95428710.9375,-90.48449829429498
95433593.75,-90.73751143636963
95438476.5625,-91.00805213055509
95443359.375,-90.99720008765055
95448242.1875,-90.9679249240543
95453125.0,-90.94546289928115
95458007.8125,-90.80799920529734
95462890.625,-90.90215848909253
95467773.4375,-90.88308276368994
95472656.25,-90.87754825468281
95477539.0625,-90.78616286354412
95482421.875,-90.82546830016102
95487304.6875,-90.96399569459476
95492187.5,-90.82280846928978
95497070.3125,-90.88574014968958
95501953.125,-90.81428677792172
95506835.9375,-90.80258595496545
95511718.75,-90.97761368390442
95516601.5625,-90.81662684358776
95521484.375,-90.81879635898514
95526367.1875,-90.85283864061395
95531250.0,-90.7631318894897
95536132.8125,-90.63666436132795
95541015.625,-90.63741084674919
95545898.4375,-90.6219689387047
95550781.25,-90.63241265013332
95555664.0625,-90.52208851559914
95560546.875,-90.40612499721729
95565429.6875,-90.40636367329364
95570312.5,-90.38797315480983
95575195.3125,-90.24983109458071
95580078.125,-90.12051158097671
95584960.9375,-89.84474547894303
95589843.75,-89.68727517534464
95594726.5625,-89.37722581277231
95599609.375,-88.89179155520051
95604492.1875,-88.11045763269311
95609375.0,-87.16628704802929
95614257.8125,-85.62513612532979
95619140.625,-84.21436133552709
95624023.4375,-82.44080814592283
95628906.25,-79.2266672483637
95633789.0625,-76.68913458920434
95638671.875,-75.2612435085718
95643554.6875,-73.9403592567705
95648437.5,-73.55759658283733
95653320.3125,-73.17882115459983
95658203.125,-72.59691883720609
95663085.9375,-71.70677320266711
95667968.75,-70.49858917511838
95672851.5625,-69.68344716280836
95677734.375,-69.48701652223673
95682617.1875,-69.52914719618991
95687500.0,-69.38795507502778
95692382.8125,-68.43751015156064
95697265.625,-67.26156453692721
95702148.4375,-66.6444776884
95707031.25,-66.93833975011961
95711914.0625,-67.60075388915186
95716796.875,-68.49525576908366
95721679.6875,-69.18442184791036
95726562.5,-69.7329462631796
95731445.3125,-70.4872400135624
95736328.125,-71.2202843877713
95741210.9375,-72.3912483675195
95746093.75,-73.38301973066456
95750976.5625,-74.18934887131144
95755859.375,-75.19346121694139
95760742.1875,-76.484490055328
95765625.0,-78.05040485458042
95770507.8125,-79.79007130009171
95775390.625,-82.09804786235856
95780273.4375,-83.69390653551181
95785156.25,-85.10291683588815
95790039.0625,-86.3590122600811
95794921.875,-87.27857334293623
95799804.6875,-88.26649086532174
95804687.5,-89.04533063310566
95809570.3125,-89.4918818189125
95814453.125,-89.91998549315906
95819335.9375,-90.10560362209125
95824218.75,-90.44016926789419
95829101.5625,-90.43143881458289
95833984.375,-90.50767339732883
95838867.1875,-90.69505880786454
95843750.0,-90.74844385422816
95848632.8125,-90.74095154449003
95853515.625,-90.84402592977204
95858398.4375,-90.78280021117928
95863281.25,-90.89415129759871
95868164.0625,-90.806430849675
95873046.875,-90.75500449641305
95877929.6875,-90.89576125576303
95882812.5,-90.91161702275963
95887695.3125,-90.84187968813433
95892578.125,-90.94677422434191
95897460.9375,-90.8801915917596
95902343.75,-90.88066544395411
95907226.5625,-90.86356469478466
95912109.375,-90.93774372788278
95916992.1875,-90.94960643380833
95921875.0,-90.89077790336879
95926757.8125,-91.07698019390969
95931640.625,-90.98047356548872
95936523.4375,-90.9353042553704
95941406.25,-90.9998132901448
95946289.0625,-90.94331765275916
95951171.875,-90.96648116298593
95956054.6875,-91.12538557046219
95960937.5,-91.02859999212268
95965820.3125,-90.93768645822132
95970703.125,-91.04224871974131
95975585.9375,-91.07700112970517
95980468.75,-91.06244335368129
95985351.5625,-91.0392082962419
95990234.375,-91.02563323768118
95995117.1875,-91.11289546103595
96000000.0,-88.02460658222859
96004882.8125,-90.99508774750694
96009765.625,-91.10221449494864
96014648.4375,-91.14525479763603
96019531.25,-91.13659280188878
96024414.0625,-90.94735607528088
96029296.875,-91.02242438703601
96034179.6875,-91.08262193802531
96039062.5,-91.18946734280965
96043945.3125,-91.02971146871317
96048828.125,-91.10619603673331
96053710.9375,-91.01130752663349
96058593.75,-90.98831954433382
96063476.5625,-91.09188713645173
96068359.375,-91.06526960752763
96073242.1875,-90.9616112190484
96078125.0,-90.96902653034323
96083007.8125,-90.98022813635919
96087890.625,-90.9791386149156
96092773.4375,-91.00529414638032
96097656.25,-91.11438914052914
96102539.0625,-91.04629452636021
96107421.875,-90.97039039044463
96112304.6875,-91.0949565220755
96117187.5,-91.02332916321797
96122070.3125,-90.8956075057184
96126953.125,-91.06359652297436
96131835.9375,-90.9530035460327
96136718.75,-90.99205764963585
96141601.5625,-90.99608034371585
96146484.375,-90.97638962123187
96151367.1875,-90.98175813396264
96156250.0,-91.0508414959429
96161132.8125,-90.98146689222074
96166015.625,-91.00532287575311
96170898.4375,-91.01306518455632
96175781.25,-90.95485562573427
96180664.0625,-91.0665568001773
96185546.875,-90.8776489408514
96190429.6875,-90.87407000457983
96195312.5,-91.02400530497263
96200195.3125,-90.8617701629579
96205078.125,-90.911708410306
96209960.9375,-90.8210739710525
96214843.75,-91.0007399058482
96219726.5625,-90.87471803769546
96224609.375,-90.80699823703094
96229492.1875,-90.69146399504874
96234375.0,-90.63154741639033
96239257.8125,-90.561282307153
96244140.625,-90.31714469934167
96249023.4375,-90.0019110430134
96253906.25,-89.77409281050447
96258789.0625,-89.23433005549379
96263671.875,-89.19554705182512
96268554.6875,-88.94425713917141
96273437.5,-88.94461785448146
96278320.3125,-88.32737486086938
96283203.125,-86.99796270068859
96288085.9375,-83.63098841767882
96292968.75,-77.34567213976118
96297851.5625,-71.17704282900743
96302734.375,-71.47791677763749
96307617.1875,-78.9971913234354
96312500.0,-87.1609810151835
96317382.8125,-89.43322645076111
96322265.625,-90.39721782592736
96327148.4375,-90.7100255183519
96332031.25,-90.44503512716253
96336914.0625,-90.54434518227427
96341796.875,-90.43862575696232
96346679.6875,-90.30824480744832
96351562.5,-90.57916654218499
96356445.3125,-90.55872454098085
96361328.125,-90.54867377638254
96366210.9375,-90.70068871352024
96371093.75,-90.86718528219481
96375976.5625,-90.9036240446805
96380859.375,-90.85420678366484
96385742.1875,-90.87229339742132
96390625.0,-90.98348000070334
96395507.8125,-90.86455941267013
96400390.625,-90.85728293777154
96405273.4375,-90.84120563630668
96410156.25,-90.94519164563883
96415039.0625,-90.89893611516453
96419921.875,-91.0823734363095
96424804.6875,-90.84657767174647
96429687.5,-90.96188269695665
96434570.3125,-90.95971583147329
96439453.125,-90.9438193067947
96444335.9375,-90.97909614851667
96449218.75,-90.99174092556618
96454101.5625,-90.95135735801017
96458984.375,-90.99578974365869
96463867.1875,-91.05568558260433
96468750.0,-90.94969744966076
96473632.8125,-91.03571133765413
96478515.625,-91.04637917490538
96483398.4375,-91.17972539400074
96488281.25,-91.07643202367348
96493164.0625,-90.989035335918
96498046.875,-90.97585146458474
96502929.6875,-90.99081610059028
96507812.5,-91.12749513866905
96512695.3125,-91.09659810951115
96517578.125,-91.17765477062292
96522460.9375,-90.9270705758095
96527343.75,-91.11472611270736
96532226.5625,-90.99586116376821
96537109.375,-91.17767289678034
96541992.1875,-91.04348730042267
96546875.0,-91.03934553954844
96551757.8125,-91.08944912416516
96556640.625,-91.12320348442813
96561523.4375,-91.05426408217227
96566406.25,-91.18915305312572
96571289.0625,-91.1428996570616
96576171.875,-91.05826028116303
96581054.6875,-91.04883409934507
96585937.5,-91.11584800379819
96590820.3125,-91.10013359347698
96595703.125,-91.0278374350597
96600585.9375,-91.0065158579263
96605468.75,-91.07822356961822
96610351.5625,-91.08196830131223
96615234.375,-91.09831266288847
96620117.1875,-91.07243843423379
96625000.0,-91.13178387579939
96629882.8125,-90.98738126570066
96634765.625,-91.0371163910072
96639648.4375,-91.08479089848834
96644531.25,-91.19516968399779
96649414.0625,-91.09413267956793
96654296.875,-91.15605016931147
96659179.6875,-91.0283395737923
96664062.5,-90.98380549804793
96668945.3125,-91.01937093300376
96673828.125,-90.9524733303432
96678710.9375,-91.01375378348567
96683593.75,-91.07801558359174
96688476.5625,-90.97314521572144
96693359.375,-91.17313598653345
96698242.1875,-91.0909428396113
96703125.0,-91.09437366262074
96708007.8125,-91.03080087060601
96712890.625,-90.98962071911893
96717773.4375,-91.0125856300865
96722656.25,-90.98273211648635
96727539.0625,-91.10946920353132
96732421.875,-91.08885794038741
96737304.6875,-91.11659742081389
96742187.5,-91.09059000144373
96747070.3125,-91.08460302532106
96751953.125,-90.95396383869416
96756835.9375,-91.13218615223929
96761718.75,-91.15493123797353
96766601.5625,-91.06998292938755
96771484.375,-90.93382190970513
96776367.1875,-91.05293835225064
96781250.0,-91.03667292473165
96786132.8125,-91.06673879240168
96791015.625,-90.98943563174979
96795898.4375,-91.08202637785365
96800781.25,-91.12100932927595
96805664.0625,-90.90407125374287
96810546.875,-90.93658650312545
96815429.6875,-91.03336465914691
96820312.5,-91.01108204271588
96825195.3125,-90.92407488726684
96830078.125,-91.09243977584723
96834960.9375,-90.99367186474751
96839843.75,-90.91097512699054
96844726.5625,-90.99634610741433
96849609.375,-90.99992594354066
96854492.1875,-91.0361173424455
96859375.0,-90.87758358677053
96864257.8125,-90.92175516855613
96869140.625,-90.92492190712795
96874023.4375,-91.06077323843198
96878906.25,-90.92341037914255
96883789.0625,-90.85744722816611
96888671.875,-90.9315436167727
96893554.6875,-90.92199113790713
96898437.5,-90.93776065634205
96903320.3125,-90.92720940771028
96908203.125,-90.88964432845034
96913085.9375,-90.94051247786044
96917968.75,-90.86624781068522
96922851.5625,-90.87770648780565
96927734.375,-90.85163477944496
96932617.1875,-90.9359718765607
96937500.0,-90.87192236923784
96942382.8125,-90.86335141138272
96947265.625,-90.80528920700792
96952148.4375,-90.96725567885406
96957031.25,-90.83210823293996
96961914.0625,-90.82606663008593
96966796.875,-90.76935380306222
96971679.6875,-90.82361419372583
96976562.5,-90.85788554508025
96981445.3125,-90.63480741946111
96986328.125,-90.70458262401041
96991210.9375,-90.76282760239587
96996093.75,-90.70322911112376
97000976.5625,-90.63255688457016
97005859.375,-90.83519959408235
97010742.1875,-90.83084281714474
97015625.0,-90.66016254527841
97020507.8125,-90.68577548809401
97025390.625,-90.83425612619789
97030273.4375,-90.77291932508021
97035156.25,-90.820717784529
97040039.0625,-90.7391367790222
97044921.875,-90.79878277821746
97049804.6875,-90.76772949276344
97054687.5,-90.79008515052632
97059570.3125,-90.85934703284548
97064453.125,-90.9073142122393
97069335.9375,-91.07570010457749
97074218.75,-90.88952124626945
97079101.5625,-90.82012719701072
97083984.375,-90.84285391913664
97088867.1875,-90.84998226798308
97093750.0,-90.89766119442905
97098632.8125,-90.80382359419278
97103515.625,-90.95476566595377
97108398.4375,-90.940053061117
97113281.25,-90.96213071825528
97118164.0625,-91.01251324292511
97123046.875,-90.95098115181261
97127929.6875,-90.93134411723864
97132812.5,-90.82944177436286
97137695.3125,-90.97355456152994
97142578.125,-90.96193574695559
97147460.9375,-90.89555266535794
97152343.75,-90.9205689251207
97157226.5625,-90.89115796357657
97162109.375,-90.89207058945573
97166992.1875,-91.04392374575929
97171875.0,-90.91657784315498
97176757.8125,-90.90400590288513
97181640.625,-90.9792021119714
97186523.4375,-91.00333677278056
97191406.25,-90.87752376816519
97196289.0625,-90.97560061501855
97201171.875,-90.99879376245318
97206054.6875,-90.91377701820863
97210937.5,-90.92794578089621
97215820.3125,-91.05645812814831
97220703.125,-90.96039483475548
97225585.9375,-90.96102778281514
97230468.75,-91.00840859888078
97235351.5625,-90.95203382095156
97240234.375,-90.95314788777813
97245117.1875,-90.97816518246364
97250000.0,-90.9665936045946
97254882.8125,-91.03477003638514
97259765.625,-90.9335307038155
97264648.4375,-90.93426322856598
97269531.25,-90.99160117983502
97274414.0625,-90.9840280908887
97279296.875,-90.92708983360825
97284179.6875,-91.02484324005297
97289062.5,-91.02642631408133
97293945.3125,-90.98549923204368
97298828.125,-91.04627184342237
97303710.9375,-91.05479315501196
97308593.75,-91.00302070438673
97313476.5625,-91.06523968216447
97318359.375,-91.02412446492883
97323242.1875,-90.97137071139878
97328125.0,-91.07114601985324
97333007.8125,-91.11598201178816
97337890.625,-91.08150553950526
97342773.4375,-91.02712105344546
97347656.25,-90.99946205005998
97352539.0625,-90.89738860532336
97357421.875,-91.0405069974644
97362304.6875,-91.1152927645602
97367187.5,-90.9766207282905
97372070.3125,-91.14162708414827
97376953.125,-91.03160583827687
97381835.9375,-91.0436890948605
97386718.75,-91.04134941539851
97391601.5625,-90.87978042904632
97396484.375,-91.0802356682226
97401367.1875,-91.19538242550783
97406250.0,-91.11954206621263
97411132.8125,-91.09905726044752
97416015.625,-91.00588950547447
97420898.4375,-91.06483042645442
97425781.25,-91.11095490739709
97430664.0625,-91.07414609491613
97435546.875,-91.13263270907086
97440429.6875,-90.86379471876268
97445312.5,-91.14077272959139
97450195.3125,-90.96453618203142
97455078.125,-90.90289824676825
97459960.9375,-90.96565406182168
97464843.75,-91.07045247901002
97469726.5625,-90.87822446142667
97474609.375,-90.94678525096285
97479492.1875,-90.97438584826492
97484375.0,-90.96705329475239
97489257.8125,-90.96274908685584
97494140.625,-90.93918153896627
97499023.4375,-90.97262506731849
97503906.25,-90.79748591094653
97508789.0625,-90.92765828403233
97513671.875,-90.83231812296125
97518554.6875,-90.91191278983393
97523437.5,-90.99171994957305
97528320.3125,-90.88224865030395
97533203.125,-90.95244570772326
97538085.9375,-90.84439199069448
97542968.75,-90.84736876191181
97547851.5625,-90.85762152572107
97552734.375,-90.77659161954102
97557617.1875,-90.7810110851502
97562500.0,-90.84353610173076
97567382.8125,-90.73466875245092
97572265.625,-90.8867817587086
97577148.4375,-90.88990253502689
97582031.25,-90.88756737160472
97586914.0625,-90.85140641515378
97591796.875,-90.87408403303274
97596679.6875,-90.77859569208192
97601562.5,-90.86530849451239
97606445.3125,-90.82935459428595
97611328.125,-90.78799062132128
97616210.9375,-90.79613094205746
97621093.75,-90.8105650507417
97625976.5625,-90.73163076905612
97630859.375,-90.86199259715104
97635742.1875,-90.75603104357748
97640625.0,-90.71799018582979
97645507.8125,-90.89467469574927
97650390.625,-90.86030504794113
97655273.4375,-90.91706897098416
97660156.25,-90.69315007581719
97665039.0625,-90.84423508118309
97669921.875,-90.89094785178708
97674804.6875,-90.83902773621364
97679687.5,-90.99238524422273
97684570.3125,-90.82788345856213
97689453.125,-90.96744864942764
97694335.9375,-90.82487483748787
97699218.75,-90.91604119176765
97704101.5625,-90.84791588050012
97708984.375,-90.81981335800904
97713867.1875,-90.95456113446158
97718750.0,-90.8683590195501
97723632.8125,-90.78363306020137
97728515.625,-90.88808542942652
97733398.4375,-90.81265311685544
97738281.25,-90.86980817740044
97743164.0625,-90.89197809809633
97748046.875,-90.79999288202765
97752929.6875,-90.84525308494386
97757812.5,-90.93292213176602
97762695.3125,-90.93674608815894
97767578.125,-90.8378525677021
97772460.9375,-90.95998284544771
97777343.75,-90.7433714623482
97782226.5625,-90.9367904566503
97787109.375,-90.9027305183186
97791992.1875,-90.85694864979766
97796875.0,-90.90595109863469
97801757.8125,-90.90520006092152
97806640.625,-90.96833595947936
97811523.4375,-90.86241030133002
97816406.25,-90.87057754521089
97821289.0625,-90.7561926916286
97826171.875,-90.83129240447278
97831054.6875,-90.871119920192
97835937.5,-90.93338869309775
97840820.3125,-90.89373568958757
97845703.125,-90.89739678262237
97850585.9375,-90.9299639093789
97855468.75,-91.00310969777203
97860351.5625,-90.87612618190994
97865234.375,-90.94213447058789
97870117.1875,-90.79224618184787
97875000.0,-90.83921094387864
97879882.8125,-90.8367910452028
97884765.625,-91.03425238405461
97889648.4375,-91.01650234387233
97894531.25,-91.02591638733918
97899414.0625,-90.92481164007214
97904296.875,-90.9836702977174
97909179.6875,-91.05845524553757
97914062.5,-91.05663507715914
97918945.3125,-91.03592421077553
97923828.125,-91.05474397102648
97928710.9375,-91.03527465080961
97933593.75,-91.02711268215171
97938476.5625,-91.0395464984791
97943359.375,-90.88195389340689
97948242.1875,-91.08596457240495
97953125.0,-90.97487053235298
97958007.8125,-90.99747274086383
97962890.625,-90.99263725116546
97967773.4375,-91.02648440771975
97972656.25,-91.07697988036537
97977539.0625,-91.03738497070808
97982421.875,-91.09584828514167
97987304.6875,-91.16713985806553
97992187.5,-91.07684371763182
97997070.3125,-91.11438105718264
98001953.125,-90.95649167585489
98006835.9375,-90.97270027732498
98011718.75,-91.07164836039101
98016601.5625,-91.07885332839362
98021484.375,-91.11769067601898
98026367.1875,-91.02822666963331
98031250.0,-91.14187172989938
98036132.8125,-91.04607841713437
98041015.625,-91.06035428467854
98045898.4375,-90.99814537970926
98050781.25,-90.8919005631785
98055664.0625,-91.06211424707544
98060546.875,-91.06986705114468
98065429.6875,-90.95701822744326
98070312.5,-91.03294784920956
98075195.3125,-90.99876124700819
98080078.125,-91.03815279365156
98084960.9375,-91.08245834007812
98089843.75,-90.932651102112
98094726.5625,-90.92831781496315
98099609.375,-91.02816831074432
98104492.1875,-90.89422137876167
98109375.0,-90.93503523996972
98114257.8125,-90.92280523110489
98119140.625,-91.02716037559426
98124023.4375,-90.99110365353715
98128906.25,-90.83002621207254
98133789.0625,-90.89746030295967
98138671.875,-90.9786443534629
98143554.6875,-90.88370148189443
98148437.5,-90.93968622051597
98153320.3125,-90.86136998195272
98158203.125,-90.86708276910008
98163085.9375,-90.99775282463037
98167968.75,-90.94940314109533
98172851.5625,-90.79600527316407
98177734.375,-90.98240199900371
98182617.1875,-90.95832593239135
98187500.0,-90.916022023572
98192382.8125,-90.94270984046946
98197265.625,-90.78992932732015
98202148.4375,-90.93903771688429
98207031.25,-90.9048228995747
98211914.0625,-90.78697357471799
98216796.875,-90.804575616515
98221679.6875,-90.79057638053666
98226562.5,-90.8508319025812
98231445.3125,-90.81855677844806
98236328.125,-90.86965546981017
98241210.9375,-90.82240127839219
98246093.75,-90.6920982302398
98250976.5625,-90.76398966579771
98255859.375,-90.7643711339347
98260742.1875,-90.6696330580499
98265625.0,-90.72842907564518
98270507.8125,-90.56948571415168
98275390.625,-90.69737806467327
98280273.4375,-90.52020203341004
98285156.25,-90.67390073395998
98290039.0625,-90.48693182411807
98294921.875,-90.51107375943826
98299804.6875,-90.57764427201946
98304687.5,-90.57104633377892
98309570.3125,-90.21299958177747
98314453.125,-90.63249758132343
98319335.9375,-90.56372398836442
98324218.75,-90.60608097555951
98329101.5625,-90.66204357850441
98333984.375,-90.55039613860208
98338867.1875,-90.70108192215346
98343750.0,-90.7160882653977
98348632.8125,-90.71739170053752
98353515.625,-90.59261245288727
98358398.4375,-90.67589377833454
98363281.25,-90.74876554902087
98368164.0625,-90.80035909085518
98373046.875,-90.82449439328641
98377929.6875,-90.69786274954359
98382812.5,-90.62626430006245
98387695.3125,-90.72410347352613
98392578.125,-90.74678094317906
98397460.9375,-90.66722750096653
98402343.75,-90.82909399914084
98407226.5625,-90.65709807732026
98412109.375,-90.71307977957107
98416992.1875,-90.85761684752373
98421875.0,-90.6938039232009
98426757.8125,-90.71682532816456
98431640.625,-90.72652350880105
98436523.4375,-90.6999073951221
98441406.25,-90.71497809623793
98446289.0625,-90.81961964976142
98451171.875,-90.742381751657
98456054.6875,-90.87892978178405
98460937.5,-90.89510023850178
98465820.3125,-90.81392774757404
98470703.125,-90.72697232335852
98475585.9375,-90.81626689948419
98480468.75,-90.78999246787873
98485351.5625,-90.83207831763306
98490234.375,-90.80086189424165
98495117.1875,-90.80932159715121
98500000.0,-90.76871261926834
98504882.8125,-90.91632801447469
98509765.625,-90.81164363630106
98514648.4375,-90.89685001320737
98519531.25,-90.92395455864403
98524414.0625,-90.89838312498242
98529296.875,-90.92588706162738
98534179.6875,-90.91824136035723
98539062.5,-90.92089129205817
98543945.3125,-90.87759937817839
98548828.125,-91.02016237435413
98553710.9375,-91.04390767058862
98558593.75,-90.94974733313597
98563476.5625,-91.07873385325487
98568359.375,-90.9249950575221
98573242.1875,-91.01775802153358
98578125.0,-91.01000145707178
98583007.8125,-90.97354885969764
98587890.625,-90.86199754308842
98592773.4375,-91.04581056666686
98597656.25,-90.9625391728051
98602539.0625,-91.09155791260801
98607421.875,-91.05523934372573
98612304.6875,-91.01392212649449
98617187.5,-90.96980646418052
98622070.3125,-91.04181805386028
98626953.125,-90.96798530367062
98631835.9375,-90.96934394668739
98636718.75,-90.92049827180975
98641601.5625,-91.14663104706062
98646484.375,-91.04410136248507
98651367.1875,-91.10316048912654
98656250.0,-90.95035971442644
98661132.8125,-90.88299277478623
98666015.625,-90.96234722891325
98670898.4375,-90.95429675489447
98675781.25,-90.99585359179207
98680664.0625,-90.9506685064726
98685546.875,-90.94460997555518
98690429.6875,-90.87332756545416
98695312.5,-91.00168134188797
98700195.3125,-90.87716479431458
98705078.125,-90.9258460462969
98709960.9375,-91.09245267115537
98714843.75,-90.95444101658606
98719726.5625,-90.97807916261164
98724609.375,-91.06611163707126
98729492.1875,-91.09119024468322
98734375.0,-90.93144012815387
98739257.8125,-91.04820203987455
98744140.625,-90.98444969831252
98749023.4375,-90.94212246505384
98753906.25,-90.98554900455872
98758789.0625,-90.87018812524622
98763671.875,-90.90929168473579
98768554.6875,-91.00783029892631
98773437.5,-90.98573340431165
98778320.3125,-91.02677952552196
98783203.125,-90.99155751415594
98788085.9375,-91.02427266420739
98792968.75,-91.00392117490176
98797851.5625,-90.98770195114429
98802734.375,-90.88446690344168
98807617.1875,-90.88984402234007
98812500.0,-90.8870738303824
98817382.8125,-90.90366237419295
98822265.625,-90.94504950170415
98827148.4375,-90.95082463617342
98832031.25,-90.90439927580982
98836914.0625,-90.99263586596189
98841796.875,-90.83713619624754
98846679.6875,-91.02341340991475
98851562.5,-90.88474231504
98856445.3125,-90.87895003269583
98861328.125,-91.00722958933449
98866210.9375,-91.01476681442787
98871093.75,-90.76894239516346
98875976.5625,-90.94673808486596
98880859.375,-90.9192804109509
98885742.1875,-90.85470218517412
98890625.0,-90.9392578497035
98895507.8125,-90.870930602692
98900390.625,-90.83702638669112
98905273.4375,-90.91555550207909
98910156.25,-90.84156829706055
98915039.0625,-90.91490060475627
98919921.875,-90.88728549922695
98924804.6875,-90.87243325617408
98929687.5,-90.70031090250683
98934570.3125,-90.81308861360088
98939453.125,-90.7352638532862
98944335.9375,-90.79900685322212
98949218.75,-90.87467561702204
98954101.5625,-90.77448236951864
98958984.375,-90.78791540275185
98963867.1875,-90.83281080199268
98968750.0,-90.74903607731085
98973632.8125,-90.73035498404676
98978515.625,-90.71091331551725
98983398.4375,-90.848548636284
98988281.25,-90.82254177132035
98993164.0625,-90.71236717636825
98998046.875,-90.78354138146113
99002929.6875,-90.61399655992079
99007812.5,-90.68733872724502
99012695.3125,-90.66019442454805
99017578.125,-90.792360224817
99022460.9375,-90.84706261856718
99027343.75,-90.72415683798678
99032226.5625,-90.79809396045283
99037109.375,-90.68301203990464
99041992.1875,-90.71860071901364
99046875.0,-90.72813747493421
99051757.8125,-90.89276082379536
99056640.625,-90.73551628545422
99061523.4375,-90.85587605230455
99066406.25,-90.79012659108662
99071289.0625,-90.94463085577695
99076171.875,-90.83762873128424
99081054.6875,-90.78385624587872
99085937.5,-90.93292493471586
99090820.3125,-90.82451814192501
99095703.125,-90.93403940842472
99100585.9375,-90.90736169427268
99105468.75,-90.99670572497178
99110351.5625,-90.9338956004506
99115234.375,-90.93758733791634
99120117.1875,-90.98166638551189
99125000.0,-90.87254718171425
99129882.8125,-90.96214909425373
99134765.625,-90.92102060264196
99139648.4375,-90.86809685917916
99144531.25,-91.04880177544831
99149414.0625,-91.0331411702436
99154296.875,-90.85619980841403
99159179.6875,-90.98417533972071
99164062.5,-91.05019655130687
99168945.3125,-91.06795745978269
99173828.125,-90.97909476191546
99178710.9375,-91.08469736500797
99183593.75,-90.93270872167747
99188476.5625,-90.89540661826737
99193359.375,-90.98547414576439
99198242.1875,-90.88765948934966
99203125.0,-91.04201514948346
99208007.8125,-90.95527201807491
99212890.625,-90.93394242340699
99217773.4375,-91.06132527583736
99222656.25,-91.13396666272229
99227539.0625,-91.16500396915933
99232421.875,-90.97692157645068
99237304.6875,-91.05345750812214
99242187.5,-91.10813566079602
99247070.3125,-91.07027804390984
99251953.125,-91.11350008047998
99256835.9375,-91.23803950233469
99261718.75,-91.07935750547205
99266601.5625,-91.04543285808268
99271484.375,-91.03255214994931
99276367.1875,-91.01987889017585
99281250.0,-91.00592116229001
99286132.8125,-91.0348846038788
99291015.625,-90.93897396412981
99295898.4375,-91.16131693135105
99300781.25,-91.05539164951065
99305664.0625,-90.98527484870797
99310546.875,-91.00018213087685
99315429.6875,-90.93564617704536
99320312.5,-91.01805696580004
99325195.3125,-91.05364811240824
99330078.125,-90.96391817243139
99334960.9375,-91.08419425839398
99339843.75,-91.0460652598598
99344726.5625,-91.06688289013198
99349609.375,-91.05129447988728
99354492.1875,-91.01532657301254
99359375.0,-91.08762342504238
99364257.8125,-91.04511616215265
99369140.625,-90.99112690991862
99374023.4375,-91.03294584599712
99378906.25,-91.13234592585212
99383789.0625,-90.97578010153916
99388671.875,-91.09921947018967
99393554.6875,-91.08962024427322
99398437.5,-91.10297114456299
99403320.3125,-91.0072919043071
99408203.125,-91.02358744837662
99413085.9375,-90.99306002813867
99417968.75,-90.9346653328333
99422851.5625,-90.89820210011175
99427734.375,-90.97550578511974
99432617.1875,-91.03950877268608
99437500.0,-91.13765571413691
99442382.8125,-90.95192702762142
99447265.625,-91.05729551745281
99452148.4375,-91.01250452596324
99457031.25,-90.94753807275009
99461914.0625,-90.96764517910736
99466796.875,-90.95061936979971
99471679.6875,-90.94680395959199
99476562.5,-90.88524450136228
99481445.3125,-90.90329740578775
99486328.125,-90.84558479677617
99491210.9375,-90.93657409654332
99496093.75,-90.96251926074297
99500976.5625,-90.98760832128869
99505859.375,-90.86955801991354
99510742.1875,-90.90982189464444
99515625.0,-90.8468664978401
99520507.8125,-90.98541593609508
99525390.625,-90.71424482019185
99530273.4375,-90.73190646041661
99535156.25,-90.79226714677708
99540039.0625,-90.79818236515538
99544921.875,-90.79086973930563
99549804.6875,-90.60439402351767
99554687.5,-90.77647119402229
99559570.3125,-90.72976189634826
99564453.125,-90.55905260042505
99569335.9375,-90.58316349786111
99574218.75,-90.45309813663471
99579101.5625,-90.44874477783335
99583984.375,-90.26109898637799
99588867.1875,-90.03021641260744
99593750.0,-89.85416122296104
99598632.8125,-89.539973338344
99603515.625,-89.2514308735118
99608398.4375,-88.99514709154028
99613281.25,-88.69412619976612
99618164.0625,-84.71942670179396
99623046.875,-83.98056617798574
99627929.6875,-83.28052445396628
99632812.5,-81.84329035442224
99637695.3125,-75.48948455702771
99642578.125,-74.53720705635516
99647460.9375,-74.15765209613494
99652343.75,-73.57179980496579
99657226.5625,-73.14225003256638
99662109.375,-73.45251250687582
99666992.1875,-72.66124703838184
99671875.0,-71.3467271502245
99676757.8125,-70.55617076725665
99681640.625,-69.0878626047064
99686523.4375,-68.26717827386938
99691406.25,-67.28482563107852
99696289.0625,-65.76023762614432
99701171.875,-63.50188784839394
99706054.6875,-64.72758373206167
99710937.5,-65.95808927829015
99715820.3125,-66.99552749415346
99720703.125,-67.1798299507825
99725585.9375,-68.01860416506202
99730468.75,-69.34889273484424
99735351.5625,-70.64516504805917
99740234.375,-71.7058594847579
99745117.1875,-73.9814495610436
99750000.0,-75.60441568149014
99754882.8125,-75.46990963045747
99759765.625,-76.89709333696666
99764648.4375,-78.78763863542662
99769531.25,-84.70964580995613
99774414.0625,-84.19418592238424
99779296.875,-84.66535647478486
99784179.6875,-85.83819932210645
99789062.5,-88.89796664534128
99793945.3125,-89.17202011361826
99798828.125,-89.319749144522
99803710.9375,-89.65298034223306
99808593.75,-89.96459271854962
99813476.5625,-90.06696053791853
99818359.375,-90.4732981636624
99823242.1875,-90.38067520665876
99828125.0,-90.69848013640205
99833007.8125,-90.88763255657776
99837890.625,-90.74375573953702
99842773.4375,-90.81065477939046
99847656.25,-90.80077924095048
99852539.0625,-90.9301892391016
99857421.875,-90.90022197738645
99862304.6875,-90.8859325161373
99867187.5,-90.97724520144016
99872070.3125,-90.93266706451323
99876953.125,-90.97025542579269
99881835.9375,-90.93058362057613
99886718.75,-90.92886668864696
99891601.5625,-90.96406037063281
99896484.375,-91.04893666721128
99901367.1875,-91.01913549465468
99906250.0,-90.90803669089485
99911132.8125,-90.98622733526855
99916015.625,-91.05792404597486
99920898.4375,-90.95235765221554
99925781.25,-90.93877589145521
99930664.0625,-91.05945250388226
99935546.875,-91.05847247475393
99940429.6875,-91.15978983209234
99945312.5,-91.17643268769982
99950195.3125,-91.13711562724032
99955078.125,-91.10893038246263
99959960.9375,-91.12160445442856
99964843.75,-91.09108271139209
99969726.5625,-91.03487556688495
99974609.375,-91.1216298240704
99979492.1875,-91.10111507312405
99984375.0,-91.13610521469988
99989257.8125,-91.08453533230897
99994140.625,-90.90608206047708
99999023.4375,-90.77510643824024
100003906.25,-90.81767011752211
100008789.0625,-91.1041445877616
100013671.875,-91.19240167291127
100018554.6875,-91.00126439206772
100023437.5,-91.09029902237575
100028320.3125,-91.16503646827385
100033203.125,-91.08398265508944
100038085.9375,-91.08897828997647
100042968.75,-91.06875377342209
100047851.5625,-91.00658677827022
100052734.375,-91.08418743535108
100057617.1875,-90.92552890429903
100062500.0,-91.07966979132786
100067382.8125,-91.12251903606585
100072265.625,-91.03298571039335
100077148.4375,-91.06180994229021
100082031.25,-90.98583851181655
100086914.0625,-90.9362497785454
100091796.875,-90.99737354660445
100096679.6875,-91.19979033298918
100101562.5,-90.92307491148705
100106445.3125,-91.02628998167046
100111328.125,-91.05853044103463
100116210.9375,-90.99898767555462
100121093.75,-91.04765776840333
100125976.5625,-90.94221146113244
100130859.375,-90.95872634269733
100135742.1875,-90.98289695204846
100140625.0,-91.02489066835466
100145507.8125,-90.95860454504705
100150390.625,-91.0211117252955
100155273.4375,-91.02249844400427
100160156.25,-90.9720834900435
100165039.0625,-90.93373233642413
100169921.875,-90.90966386423716
100174804.6875,-91.05554597525804
100179687.5,-90.8693564359242
100184570.3125,-90.86245625963386
100189453.125,-90.84524006024313
100194335.9375,-90.93714814387715
100199218.75,-90.84459688904138
100204101.5625,-91.00144916083039
100208984.375,-90.85902606010691
100213867.1875,-90.85329392723742
100218750.0,-91.02198071289041
100223632.8125,-91.10718955144759
100228515.625,-90.97937009004869
100233398.4375,-90.8754409453154
100238281.25,-90.96329247502828
100243164.0625,-90.97420655469153
100248046.875,-90.91995742140386
100252929.6875,-91.05375566082446
100257812.5,-91.0014378027974
100262695.3125,-90.8884654770878
100267578.125,-90.83711998210933
100272460.9375,-90.94953203331602
100277343.75,-90.97799819271233
100282226.5625,-90.86655735342273
100287109.375,-91.03107758919157
100291992.1875,-90.92196782343532
100296875.0,-90.93445564975389
100301757.8125,-91.08335103670532
100306640.625,-90.95009384982674
100311523.4375,-90.86816965522493
100316406.25,-90.94879175809251
100321289.0625,-90.81372392967984
100326171.875,-90.89249340995374
100331054.6875,-90.98566032387725
100335937.5,-90.92965210941901
100340820.3125,-90.97981614861115
100345703.125,-90.9116249500857
100350585.9375,-90.87559577762539
100355468.75,-90.86671788161078
100360351.5625,-90.98461893145094
100365234.375,-90.93718192132681
100370117.1875,-90.80653654318516
100375000.0,-90.85515647693586
100379882.8125,-90.92510879912675
100384765.625,-90.88356080804317
100389648.4375,-90.88615052041422
100394531.25,-90.86531811206203
100399414.0625,-90.91087941794311
100404296.875,-90.88863261927128
100409179.6875,-90.94193216392134
100414062.5,-90.92415870973443
100418945.3125,-90.93042483327994
100423828.125,-90.96024479816737
100428710.9375,-90.85609115134096
100433593.75,-90.87264665643988
100438476.5625,-91.01368580969796
100443359.375,-91.13230019403309
100448242.1875,-90.98643882752924
100453125.0,-90.9545802442891
100458007.8125,-91.05354033661035
100462890.625,-90.88992073520396
100467773.4375,-90.78908730231868
100472656.25,-90.87969733894039
100477539.0625,-90.98897622240841
100482421.875,-90.98255934960613
100487304.6875,-91.02292922145196
100492187.5,-90.94388419670742
100497070.3125,-90.99290532544421
100501953.125,-90.91448594072818
100506835.9375,-90.9377473068196
100511718.75,-90.97428046768076
100516601.5625,-91.034907851002
100521484.375,-90.92161165522842
100526367.1875,-91.08827738144862
100531250.0,-91.00682120156984
100536132.8125,-90.87511620401398
100541015.625,-91.07747568967204
100545898.4375,-91.00578599680117
100550781.25,-90.93573599708671
100555664.0625,-91.04435129961223
100560546.875,-91.07553825347713
100565429.6875,-91.09888736869715
100570312.5,-91.0827493755009
100575195.3125,-91.05876490938232
100580078.125,-90.98201172491702
100584960.9375,-91.1314672984445
100589843.75,-91.09655083119034
100594726.5625,-91.1359981324099
100599609.375,-91.14920353815751
100604492.1875,-91.03219395606999
100609375.0,-91.03233688963351
100614257.8125,-90.9768652295694
100619140.625,-90.96647950925589
100624023.4375,-91.06417688315412
100628906.25,-91.0655989226035
100633789.0625,-90.94314296964924
100638671.875,-91.08888082515386
100643554.6875,-91.00683324229121
100648437.5,-90.95928102286675
100653320.3125,-91.04703977978156
100658203.125,-90.93888943761195
100663085.9375,-91.02806182220701
100667968.75,-91.03801568215744
100672851.5625,-91.14572162032181
100677734.375,-90.95819070651666
100682617.1875,-91.0246022117235
100687500.0,-91.02522161322918
100692382.8125,-90.98428070378961
100697265.625,-91.05947808788704
100702148.4375,-90.92739358925945
100707031.25,-91.01911963558283
100711914.0625,-90.91552691035989
100716796.875,-91.05690860074293
100721679.6875,-90.98072958907602
100726562.5,-90.94829848160896
100731445.3125,-90.83887171711416
100736328.125,-90.89741576120068
100741210.9375,-90.93863334178599
100746093.75,-91.04521006808778
100750976.5625,-90.93884618989605
100755859.375,-90.96548681652243
100760742.1875,-90.8301462276007
100765625.0,-90.90471604374511
100770507.8125,-90.95208619309881
100775390.625,-90.90577575364068
100780273.4375,-90.96722817194782
100785156.25,-90.98277288282642
100790039.0625,-91.01201735204776
100794921.875,-90.90417052125756
100799804.6875,-90.92401543449566
100804687.5,-90.95118044818719
100809570.3125,-90.87775534705142
100814453.125,-90.85582722330716
100819335.9375,-90.89352449279698
100824218.75,-90.87304662101783
100829101.5625,-90.84161984799766
100833984.375,-90.95792652086774
100838867.1875,-90.6928002831529
100843750.0,-90.9012825129874
100848632.8125,-90.81539261738502
100853515.625,-90.86608139247494
100858398.4375,-90.86055635719319
100863281.25,-90.81733518566176
100868164.0625,-90.82658931026936
100873046.875,-90.97053474295899
100877929.6875,-90.96238424591314
100882812.5,-90.83672346303393
100887695.3125,-91.01217659775958
100892578.125,-90.65429832350301
100897460.9375,-90.89727819696907
100902343.75,-90.77925245182794
100907226.5625,-90.77921032265553
100912109.375,-90.69933426996391
100916992.1875,-90.7673502643485
100921875.0,-90.56208821200968
100926757.8125,-90.7806231150496
100931640.625,-90.69043278794607
100936523.4375,-90.74658232275812
100941406.25,-90.72940356730231
100946289.0625,-90.62970786903779
100951171.875,-90.45003142945708
100956054.6875,-90.51184322735145
100960937.5,-90.48418549565125
100965820.3125,-90.50795591875723
100970703.125,-90.43660557970301
100975585.9375,-90.41130897218412
100980468.75,-90.21599052442832
100985351.5625,-90.11523338693183
100990234.375,-89.69376610465298
100995117.1875,-88.95851693428017
101000000.0,-39.5361693714052
101004882.8125,-88.89065207793954
101009765.625,-89.78036705455872
101014648.4375,-90.01229288607135
101019531.25,-90.2157830761031
101024414.0625,-90.27429567534082
101029296.875,-90.44115170878786
101034179.6875,-90.57529431932142
101039062.5,-90.5569075151372
101043945.3125,-90.64887737826425
101048828.125,-90.54183375319539
101053710.9375,-90.49401968760444
101058593.75,-90.55024267986911
101063476.5625,-90.50890050566909
101068359.375,-90.5166926491737
101073242.1875,-90.3245427184444
101078125.0,-90.29037606273067
101083007.8125,-90.01459686597033
101087890.625,-90.06018853442089
101092773.4375,-89.64362660679609
101097656.25,-88.9890308662441
101102539.0625,-88.05206852013805
101107421.875,-87.33205301136243
101112304.6875,-86.14173364287464
101117187.5,-84.7639396250226
101122070.3125,-83.68301468931634
101126953.125,-82.94619275861228
101131835.9375,-81.6338947406498
101136718.75,-80.2071192149663
101141601.5625,-79.37324171107701
101146484.375,-78.1418849772808
101151367.1875,-77.21072513278887
101156250.0,-76.69837684534605
101161132.8125,-76.4359191293716
101166015.625,-76.01495981675194
101170898.4375,-75.44866480920555
101175781.25,-75.23646325215248
101180664.0625,-75.28693262549962
101185546.875,-75.50090612262392
101190429.6875,-75.40978791824816
101195312.5,-75.1414094190024
101200195.3125,-74.0938440978345
101205078.125,-76.08829222692546
101209960.9375,-78.02067723165192
101214843.75,-78.76192874620676
101219726.5625,-78.93167603580122
101224609.375,-78.9951575135309
101229492.1875,-78.96890203386417
101234375.0,-79.25228881681204
101239257.8125,-79.76032100826325
101244140.625,-80.21496731838619
101249023.4375,-81.42041319969977
101253906.25,-82.92086588676068
101258789.0625,-84.53417508351436
101263671.875,-85.97397422441327
101268554.6875,-87.40646301106801
101273437.5,-88.21282834856055
101278320.3125,-88.38798580690133
101283203.125,-88.38729574428419
101288085.9375,-88.3752583289243
101292968.75,-88.74439238886015
101297851.5625,-88.7316219328626
101302734.375,-89.13252743753756
101307617.1875,-89.54623169193343
101312500.0,-89.75291506808566
101317382.8125,-89.92549848415686
101322265.625,-90.32063267233008
101327148.4375,-90.64516822901868
101332031.25,-90.70328787026693
101336914.0625,-90.83554888723907
101341796.875,-90.89296236489565
101346679.6875,-90.99470374291369
101351562.5,-90.92672701984407
101356445.3125,-90.99322071874826
101361328.125,-90.96323640699421
101366210.9375,-91.06544513644673
101371093.75,-91.00632907732259
101375976.5625,-90.95290847394884
101380859.375,-90.93590543094894
101385742.1875,-90.86516324657484
101390625.0,-90.93178546368836
101395507.8125,-90.93583024129163
101400390.625,-91.05234237983535
101405273.4375,-91.04069726152846
101410156.25,-90.94300848585024
101415039.0625,-91.02373000669763
101419921.875,-91.08219134899022
101424804.6875,-91.08003812327331
101429687.5,-91.07499638357928
101434570.3125,-91.0386728306438
101439453.125,-91.10838672350636
101444335.9375,-90.96883298219814
101449218.75,-90.94145358248082
101454101.5625,-90.98705483032779
101458984.375,-90.91873584660482
101463867.1875,-90.85087592293655
101468750.0,-90.96937650159956
101473632.8125,-90.89076673250645
101478515.625,-90.90032168805837
101483398.4375,-90.92813301849142
101488281.25,-90.91153658801474
101493164.0625,-90.9114638742756
101498046.875,-91.0231249549486
101502929.6875,-91.04509520718119
101507812.5,-90.92098985500377
101512695.3125,-90.860501276868
101517578.125,-90.96967114728596
101522460.9375,-90.84708740183805
101527343.75,-90.8594967029604
101532226.5625,-90.84021667884744
101537109.375,-90.90918812409953
101541992.1875,-90.91750291358127
101546875.0,-90.85180897819379
101551757.8125,-90.86026172267844
101556640.625,-90.8141353361072
101561523.4375,-90.8314793657002
101566406.25,-90.78031541139882
101571289.0625,-90.8506620984653
101576171.875,-90.80102732464258
101581054.6875,-90.79686274495586
101585937.5,-90.89645760909534
101590820.3125,-90.70518743212799
101595703.125,-90.72154328570235
101600585.9375,-90.67008642095252
101605468.75,-90.57824211895968
101610351.5625,-90.54555374025762
101615234.375,-90.27274404844778
101620117.1875,-89.64577126850614
101625000.0,-89.20300460967638
101629882.8125,-89.08392594773716
101634765.625,-88.85817070837436
101639648.4375,-88.43246129495017
101644531.25,-88.66631338092316
101649414.0625,-88.22546837995117
101654296.875,-86.46684709248086
101659179.6875,-84.34863103871007
101664062.5,-83.27837457791327
101668945.3125,-82.44036011175797
101673828.125,-81.02118910286651
101678710.9375,-79.67942773206349
101683593.75,-78.17767654311112
101688476.5625,-77.2725158674289
101693359.375,-76.82431324996756
101698242.1875,-76.43222191277584
101703125.0,-76.31751834870977
101708007.8125,-75.56823596545277
101712890.625,-75.47352723496468
101717773.4375,-76.53960273091866
101722656.25,-78.53972575864066
101727539.0625,-79.90870803191908
101732421.875,-80.61865878109535
101737304.6875,-81.19887390810786
101742187.5,-81.77406323103568
101747070.3125,-82.07315483907433
101751953.125,-81.40028148465098
101756835.9375,-81.22927170957757
101761718.75,-83.66460982182448
101766601.5625,-85.54929293413454
101771484.375,-86.7069395122841
101776367.1875,-85.83504559695717
101781250.0,-87.96381563032733
101786132.8125,-89.92684657635243
101791015.625,-90.29722668771231
101795898.4375,-90.39909094516113
101800781.25,-90.50377004538242
101805664.0625,-90.70562361180299
101810546.875,-90.73710183925772
101815429.6875,-90.73995408155275
101820312.5,-90.90399840133136
101825195.3125,-90.70975519245923
101830078.125,-90.83803406689708
101834960.9375,-90.95208304166707
101839843.75,-90.87530827804898
101844726.5625,-90.98618020883373
101849609.375,-90.796106183846
101854492.1875,-90.95551315289708
101859375.0,-90.86436129818543
101864257.8125,-90.96093839292084
101869140.625,-90.86715265480598
101874023.4375,-90.8359875424382
101878906.25,-91.01957017865539
101883789.0625,-90.87782209154338
101888671.875,-90.95283316366837
101893554.6875,-90.99145827961416
101898437.5,-91.09802520358397
101903320.3125,-90.9857978912645
101908203.125,-90.96430361141697
101913085.9375,-91.03320107740717
101917968.75,-91.1344781804894
101922851.5625,-91.01090989886214
101927734.375,-91.03126639366462
101932617.1875,-90.885409268611
101937500.0,-91.03328737660416
101942382.8125,-91.01826754341778
101947265.625,-90.99406599567087
101952148.4375,-91.10885149699016
101957031.25,-91.07701505710645
101961914.0625,-90.98839799937926
101966796.875,-91.05657772104732
101971679.6875,-91.09625481839839
101976562.5,-90.97091791612127
101981445.3125,-90.96158223962442
101986328.125,-91.02102728245487
101991210.9375,-90.98241518390483
101996093.75,-91.06896712368501
102000976.5625,-90.81153162506621
102005859.375,-91.13007616228094
102010742.1875,-91.03720850187412
102015625.0,-91.02173244915389
102020507.8125,-91.01429386931491
102025390.625,-90.94841525386937
102030273.4375,-91.06461160159967
102035156.25,-90.937084389029
102040039.0625,-91.01599514401039
102044921.875,-90.9180719250893
102049804.6875,-90.85339999803847
102054687.5,-91.03389413178388
102059570.3125,-91.04515899822238
102064453.125,-91.00190242297987
102069335.9375,-90.96361784825783
102074218.75,-91.00951879156719
102079101.5625,-91.04783858859247
102083984.375,-90.95741504728687
102088867.1875,-91.07092751104591
102093750.0,-91.06345493386928
102098632.8125,-90.90956047970238
102103515.625,-90.96298512830992
102108398.4375,-91.01006670913901
102113281.25,-90.87605324888838
102118164.0625,-91.02880260245908
102123046.875,-91.06829698347946
102127929.6875,-91.02481219056051
102132812.5,-90.96803073125355
102137695.3125,-90.94981736588497
102142578.125,-90.87589904588984
102147460.9375,-90.81497245186804
102152343.75,-91.02110486508818
102157226.5625,-90.96627495997026
102162109.375,-91.03155161358268
102166992.1875,-90.91939864655896
102171875.0,-90.84073185180958
102176757.8125,-90.88747355121527
102181640.625,-90.8368229598509
102186523.4375,-90.99917930524683
102191406.25,-90.88360945313408
102196289.0625,-90.85362288800451
102201171.875,-90.95803376830335
102206054.6875,-90.93892574708707
102210937.5,-91.02201310397606
102215820.3125,-91.00014275627268
102220703.125,-90.97364951291718
102225585.9375,-90.91141668349948
102230468.75,-90.90298227296537
102235351.5625,-91.01285911926675
102240234.375,-90.86813785416157
102245117.1875,-90.89708239825853
102250000.0,-90.82019628410117
102254882.8125,-90.90709010412627
102259765.625,-90.92081019364531
102264648.4375,-90.76920187538721
102269531.25,-90.80481598887201
102274414.0625,-90.85338575951857
102279296.875,-90.85799747487448
102284179.6875,-90.7736127880616
102289062.5,-90.73289312959349
102293945.3125,-90.7114881157438
102298828.125,-90.77011648375117
102303710.9375,-90.75746647053111
102308593.75,-90.75023140860412
102313476.5625,-90.72056295081097
102318359.375,-90.9232799881438
102323242.1875,-90.75423497112527
102328125.0,-90.831574030941
102333007.8125,-90.78849231461558
102337890.625,-90.68469276371152
102342773.4375,-90.81438761487573
102347656.25,-90.75875339195147
102352539.0625,-90.85485935053202
102357421.875,-90.77528298981281
102362304.6875,-90.81830792728334
102367187.5,-90.63730823762938
102372070.3125,-90.88678552306786
102376953.125,-90.75491940582242
102381835.9375,-90.68758297177001
102386718.75,-90.75784032507948
102391601.5625,-90.77558891984614
102396484.375,-90.85537328874312
102401367.1875,-90.70497490273647
102406250.0,-90.78772722847404
102411132.8125,-90.76627468647675
102416015.625,-90.84041216795544
102420898.4375,-90.79188620446001
102425781.25,-90.75233014959622
102430664.0625,-90.5484491260936
102435546.875,-90.76673949844931
102440429.6875,-90.75393471345618
102445312.5,-90.8552842267627
102450195.3125,-90.92925560649209
102455078.125,-90.84934771810245
102459960.9375,-90.87610156541967
102464843.75,-90.80047959148922
102469726.5625,-90.68206765568681
102474609.375,-90.8465222702643
102479492.1875,-90.7640809858525
102484375.0,-90.91301804496703
102489257.8125,-90.81737580491557
102494140.625,-90.87822181132569
102499023.4375,-90.81706657602118
102503906.25,-90.94593400496115
102508789.0625,-90.91652488381246
102513671.875,-90.88942387451706
102518554.6875,-90.83864642909245
102523437.5,-90.81410271367218
102528320.3125,-90.94286894827673
102533203.125,-90.91335448942058
102538085.9375,-90.92115806031845
102542968.75,-90.868925474327
102547851.5625,-91.08889178703998
102552734.375,-90.9043248040361
102557617.1875,-91.0229733513714
102562500.0,-91.03561418564627
102567382.8125,-90.95219455682155
102572265.625,-90.99040910674435
102577148.4375,-90.90770557438785
102582031.25,-91.07717078934493
102586914.0625,-90.98220729410619
102591796.875,-91.02578853815123
102596679.6875,-91.08445470428478
102601562.5,-90.97237283878943
102606445.3125,-91.01480823885117
102611328.125,-91.07112522792917
102616210.9375,-91.02357608069605
102621093.75,-90.99455423690469
102625976.5625,-90.9902988295025
102630859.375,-90.988791211342
102635742.1875,-91.03097012291295
102640625.0,-91.0144307035761
102645507.8125,-90.97044356996275
102650390.625,-91.02729378823594
102655273.4375,-91.0465968581778
102660156.25,-91.07249391497643
102665039.0625,-91.03089948133936
102669921.875,-90.70094243713157
102674804.6875,-90.90384806394803
102679687.5,-90.92566281518702
102684570.3125,-91.05530162515905
102689453.125,-90.99545082901855
102694335.9375,-91.0345607248272
102699218.75,-91.06007682865317
102704101.5625,-91.05426780963771
102708984.375,-90.96052843197768
102713867.1875,-90.92526711964175
102718750.0,-90.97346068920257
102723632.8125,-90.95500949632157
102728515.625,-91.07696667949588
102733398.4375,-91.10204592632545
102738281.25,-91.0433600851351
102743164.0625,-91.09410522905168
102748046.875,-90.98639441389551
102752929.6875,-90.99213624638739
102757812.5,-90.79438015036612
102762695.3125,-90.80889193943068
102767578.125,-90.82617491597398
102772460.9375,-90.9321474321805
102777343.75,-90.95340047138825
102782226.5625,-91.01046864693441
102787109.375,-90.99022869639435
102791992.1875,-91.02190001036033
102796875.0,-90.93497058959068
102801757.8125,-90.99317501017862
102806640.625,-90.95128154570952
102811523.4375,-90.96801309285462
102816406.25,-90.89526742581447
102821289.0625,-90.97370790430145
102826171.875,-90.98916726616159
102831054.6875,-90.9793477011819
102835937.5,-90.98129069437891
102840820.3125,-90.85176692071482
102845703.125,-90.98439306428972
102850585.9375,-90.9160914723206
102855468.75,-90.90905980301247
102860351.5625,-90.86477631810138
102865234.375,-90.88998257999845
102870117.1875,-90.93381757906442
102875000.0,-90.95309058879411
102879882.8125,-91.08209767891572
102884765.625,-90.91949603379751
102889648.4375,-90.82869017423468
102894531.25,-90.87475747540938
102899414.0625,-90.81243447157004
102904296.875,-90.86118125614962
102909179.6875,-90.72329039990797
102914062.5,-90.88885605669955
102918945.3125,-90.94500873944236
102923828.125,-90.88124055834226
102928710.9375,-90.83568037184449
102933593.75,-90.79761345367791
102938476.5625,-90.88584816968299
102943359.375,-90.68970986643615
102948242.1875,-90.76004746491418
102953125.0,-90.74639282287842
102958007.8125,-90.75887247423555
102962890.625,-90.67275803834363
102967773.4375,-90.75300849093873
102972656.25,-90.80569620252146
102977539.0625,-90.79340762696239
102982421.875,-90.9072896013891
102987304.6875,-90.65336462510018
102992187.5,-90.81883569803114
102997070.3125,-90.68553282985431
103001953.125,-90.73787032917909
103006835.9375,-90.79557282140078
103011718.75,-90.66623076187236
103016601.5625,-90.67044330388643
103021484.375,-90.73177480606219
103026367.1875,-90.87304833795042
103031250.0,-90.81994569458877
103036132.8125,-90.78927896203788
103041015.625,-90.74214222230944
103045898.4375,-90.74602608021837
103050781.25,-90.81498688193162
103055664.0625,-90.75828845067878
103060546.875,-90.71348565936893
103065429.6875,-91.00128331178928
103070312.5,-90.77334030324795
103075195.3125,-90.81030110378339
103080078.125,-90.87153465960591
103084960.9375,-90.79379766237867
103089843.75,-90.93506867103204
103094726.5625,-90.9235689969754
103099609.375,-90.7862343684065
103104492.1875,-90.86311486683971
103109375.0,-90.91375809856567
103114257.8125,-90.97881203934878
103119140.625,-90.97263625714336
103124023.4375,-91.0153390212121
103128906.25,-90.8702911072684
103133789.0625,-90.89329488261956
103138671.875,-91.01848865070949
103143554.6875,-90.88732402351579
103148437.5,-90.89687933319632
103153320.3125,-90.96424778735215
103158203.125,-91.08459276198965
103163085.9375,-90.9794512923277
103167968.75,-91.00130796735365
103172851.5625,-90.99746149769223
103177734.375,-90.94680312605615
103182617.1875,-91.11803758364104
103187500.0,-90.97186922651997
103192382.8125,-91.08279446001998
103197265.625,-90.90714819618813
103202148.4375,-91.07976669202486
103207031.25,-90.89980245966115
103211914.0625,-91.08364369733741
103216796.875,-91.00567225791738
103221679.6875,-90.97878751038417
103226562.5,-91.06737755449052
103231445.3125,-91.04132310483598
103236328.125,-90.90139269537309
103241210.9375,-90.96367585559301
103246093.75,-90.92593639908381
103250976.5625,-91.07828385264801
103255859.375,-91.02872971973878
103260742.1875,-91.09364743672353
103265625.0,-91.00011213960411
103270507.8125,-90.9479492404866
103275390.625,-90.99738316312488
103280273.4375,-91.12415925303128
103285156.25,-91.06157941247756
103290039.0625,-90.92373871923809
103294921.875,-90.84431170883076
103299804.6875,-90.97908803477003
103304687.5,-90.91434180705491
103309570.3125,-91.0104173739013
103314453.125,-90.96966206098347
103319335.9375,-91.07674253991948
103324218.75,-90.9770779358947
103329101.5625,-90.8845503748197
103333984.375,-91.05622474293108
103338867.1875,-90.92527049631317
103343750.0,-91.00733429538926
103348632.8125,-91.04481380420879
103353515.625,-91.07335397685037
103358398.4375,-90.93510047544788
103363281.25,-91.10355596835169
103368164.0625,-90.94512012612404
103373046.875,-90.9588064338846
103377929.6875,-90.91205535051208
103382812.5,-90.94665228245668
103387695.3125,-90.86602288959281
103392578.125,-91.0016257023745
103397460.9375,-90.92030308696269
103402343.75,-90.91114031776817
103407226.5625,-90.91358263892062
103412109.375,-90.93265592800307
103416992.1875,-90.88498602160132
103421875.0,-91.01046594666315
103426757.8125,-90.89937277388717
103431640.625,-90.82504646892227
103436523.4375,-90.79122936293507
103441406.25,-90.90617417664419
103446289.0625,-90.8996974415808
103451171.875,-90.94218848952428
103456054.6875,-90.9450248314433
103460937.5,-90.77077523931399
103465820.3125,-90.84314864369708
103470703.125,-90.9197060242889
103475585.9375,-90.86460783331037
103480468.75,-90.70512921405614
103485351.5625,-90.64081216029982
103490234.375,-90.81449752381982
103495117.1875,-90.74241669820137
103500000.0,-90.64028007855867
103504882.8125,-90.58263164743016
103509765.625,-90.65484795604937
103514648.4375,-90.7154228999641
103519531.25,-90.51258721357098
103524414.0625,-90.49683390498882
103529296.875,-90.37282295990227
103534179.6875,-90.24208143988093
103539062.5,-90.33314167701678
103543945.3125,-90.17667109585773
103548828.125,-90.15906915210743
103553710.9375,-89.99643752486202
103558593.75,-89.82102360284762
103563476.5625,-89.40204382990373
103568359.375,-89.08809125210922
103573242.1875,-88.19716017057434
103578125.0,-87.31367805178411
103583007.8125,-85.72757045187194
103587890.625,-84.05588147246999
103592773.4375,-80.26805196961004
103597656.25,-78.26998503562726
103602539.0625,-74.81855528624993
103607421.875,-74.45168135907483
103612304.6875,-74.43863814906425
103617187.5,-73.57692341551729
103622070.3125,-73.4135667479598
103626953.125,-73.1440471546434
103631835.9375,-72.62117351646762
103636718.75,-72.59333948415667
103641601.5625,-71.92344942793721
103646484.375,-70.93768261118021
103651367.1875,-70.00761734741471
103656250.0,-69.23742198345815
103661132.8125,-68.64186348740557
103666015.625,-68.30806818178058
103670898.4375,-67.83040851439051
103675781.25,-67.07704139484869
103680664.0625,-66.59345454457667
103685546.875,-65.94193985984384
103690429.6875,-65.6337323548237
103695312.5,-65.5846162849192
103700195.3125,-65.89489955648637
103705078.125,-65.47645215018176
103709960.9375,-65.37658946308403
103714843.75,-65.70479191556754
103719726.5625,-66.31804653657161
103724609.375,-66.64732674472518
103729492.1875,-66.97934938990039
103734375.0,-67.22125863554234
103739257.8125,-67.81528275170655
103744140.625,-68.55652935396827
103749023.4375,-69.46222163992951
103753906.25,-70.59164246426963
103758789.0625,-71.11068999558017
103763671.875,-71.62726454173782
103768554.6875,-72.42194206328651
103773437.5,-73.00787843506603
103778320.3125,-74.23082789959037
103783203.125,-75.57781933915385
103788085.9375,-76.88328082636642
103792968.75,-77.62352265565724
103797851.5625,-79.53309267479835
103802734.375,-83.55972473267187
103807617.1875,-85.75493543715424
103812500.0,-87.1396449329381
103817382.8125,-88.13347586431485
103822265.625,-88.93438378616699
103827148.4375,-89.27812576234368
103832031.25,-89.7208994565838
103836914.0625,-89.87322680482526
103841796.875,-89.96112507368974
103846679.6875,-90.10423235488207
103851562.5,-90.286198193171
103856445.3125,-90.47242848848472
103861328.125,-90.48722896976133
103866210.9375,-90.4253978097662
103871093.75,-90.62258875553616
103875976.5625,-90.56077778569008
103880859.375,-90.69879819608784
103885742.1875,-90.73181759180241
103890625.0,-90.75667483057055
103895507.8125,-90.72228551801194
103900390.625,-90.71498367398246
103905273.4375,-90.83665576371735
103910156.25,-90.77977681240344
103915039.0625,-90.56454796780179
103919921.875,-90.75803245010758
103924804.6875,-90.89670979207926
103929687.5,-90.94148295356328
103934570.3125,-90.748735029166
103939453.125,-90.78532805737797
103944335.9375,-90.91919346105016
103949218.75,-90.9402501338842
103954101.5625,-90.92852563144532
103958984.375,-90.86322178314163
103963867.1875,-90.77433899997976
103968750.0,-90.99024763107155
103973632.8125,-91.06639121760435
103978515.625,-90.89261042366292
103983398.4375,-90.81171944645129
103988281.25,-90.96899313830181
103993164.0625,-90.96984763143837
103998046.875,-90.84857177878644
104002929.6875,-90.8634281996481
104007812.5,-90.74121136128872
104012695.3125,-90.89552467228484
104017578.125,-90.96330788114452
104022460.9375,-91.03510079829377
104027343.75,-90.94051830862614
104032226.5625,-90.98455029411016
104037109.375,-91.0497546529788
104041992.1875,-90.99053316886636
104046875.0,-90.93006451307596
104051757.8125,-91.05008087594592
104056640.625,-90.72829403929799
104061523.4375,-90.94053620553782
104066406.25,-90.91744853925468
104071289.0625,-91.00070599898578
104076171.875,-90.9683014511958
104081054.6875,-90.9991936110896
104085937.5,-90.89466034496388
104090820.3125,-90.85201139374925
104095703.125,-90.8985265054466
104100585.9375,-90.87543327607011
104105468.75,-90.63179718903734
104110351.5625,-90.80386935491899
104115234.375,-90.84159157777106
104120117.1875,-90.96054750312749
104125000.0,-90.91974967375057
104129882.8125,-90.92854643326024
104134765.625,-90.80187100473057
104139648.4375,-90.82897584830957
104144531.25,-90.74712059055574
104149414.0625,-90.75706134538274
104154296.875,-90.73091925164965
104159179.6875,-90.76306081611324
104164062.5,-90.86031111185423
104168945.3125,-90.87557218768683
104173828.125,-90.83557635821438
104178710.9375,-90.85492616170978
104183593.75,-90.75059986159266
104188476.5625,-90.82248358399193
104193359.375,-90.89528324718484
104198242.1875,-90.75640199519827
104203125.0,-90.80114383283868
104208007.8125,-90.905778642874
104212890.625,-90.76726707217068
104217773.4375,-90.84546330220365
104222656.25,-90.74087847676867
104227539.0625,-90.85743034520945
104232421.875,-90.87086748686386
104237304.6875,-90.83516313028954
104242187.5,-90.83628500156468
104247070.3125,-90.61089801225202
104251953.125,-90.78840828738728
104256835.9375,-90.8097660942386
104261718.75,-90.9326406651976
104266601.5625,-90.81347266468981
104271484.375,-90.881954623865
104276367.1875,-90.8076269051625
104281250.0,-90.87845225685226
104286132.8125,-90.87850390950197
104291015.625,-90.78352003458525
104295898.4375,-90.56976272583319
104300781.25,-90.76034595400913
104305664.0625,-90.72463486067036
104310546.875,-90.88072294841425
104315429.6875,-90.76018594270556
104320312.5,-90.76263127431827
104325195.3125,-90.87480029568266
104330078.125,-90.80920991568476
104334960.9375,-90.86877125513712
104339843.75,-90.79444969435974
104344726.5625,-90.4086514159311
104349609.375,-90.86941064493087
104354492.1875,-90.83769428988401
104359375.0,-90.74175595008361
104364257.8125,-90.79177999079411
104369140.625,-90.82924725827266
104374023.4375,-90.70273704075763
104378906.25,-90.82338815558973
104383789.0625,-90.8512366045237
104388671.875,-90.69276331441165
104393554.6875,-90.54362339072767
104398437.5,-90.77546619857694
104403320.3125,-90.70350721003112
104408203.125,-90.73312170045637
104413085.9375,-90.83117414241812
104417968.75,-90.84284309929609
104422851.5625,-90.68406708138721
104427734.375,-90.85702392255055
104432617.1875,-90.79997509667791
104437500.0,-90.72076492496049
104442382.8125,-90.83043928391402
104447265.625,-90.74977787400738
104452148.4375,-90.88601477141745
104457031.25,-90.75338514559624
104461914.0625,-90.90110832007852
104466796.875,-90.79148285866412
104471679.6875,-90.8387137120898
104476562.5,-90.85806972590407
104481445.3125,-90.85435875773163
104486328.125,-90.53910651718672
104491210.9375,-90.77710302798465
104496093.75,-90.89397895576954
104500976.5625,-90.78975979719829
104505859.375,-91.05039818401238
104510742.1875,-90.94052877365277
104515625.0,-90.8908621720403
104520507.8125,-90.85775693063249
104525390.625,-90.84956054824627
104530273.4375,-90.91614491599302
104535156.25,-90.64541542754998
104540039.0625,-90.93128767625637
104544921.875,-91.04557774144067
104549804.6875,-91.07449044626162
104554687.5,-90.86616938740974
104559570.3125,-91.0345416448396
104564453.125,-90.96823348755225
104569335.9375,-91.01971189508669
104574218.75,-90.95942995555623
104579101.5625,-90.94202708975152
104583984.375,-90.69666358242523
104588867.1875,-90.90915407170405
104593750.0,-90.92299203063459
104598632.8125,-90.93072266701517
104603515.625,-90.98645540595899
104608398.4375,-90.9906412033315
104613281.25,-91.06423128875264
104618164.0625,-91.01454408880707
104623046.875,-90.95218072415642
104627929.6875,-90.90806619921159
104632812.5,-90.75830965870549
104637695.3125,-91.01407238270409
104642578.125,-91.07666868774146
104647460.9375,-90.91413349992112
104652343.75,-90.95787951178485
104657226.5625,-91.0781827945039
104662109.375,-90.91040672739632
104666992.1875,-90.99110264481206
104671875.0,-90.96127394823975
104676757.8125,-90.77433116060365
104681640.625,-90.82384835841566
104686523.4375,-91.0103931857563
104691406.25,-90.957237747845
104696289.0625,-90.88304693189127
104701171.875,-90.93574011273313
104706054.6875,-90.9745906505456
104710937.5,-90.9587830742625
104715820.3125,-91.03226007112198
104720703.125,-90.9076514750814
104725585.9375,-90.73353654481008
104730468.75,-91.0049269152789
104735351.5625,-90.88070358313476
104740234.375,-90.99802556090827
104745117.1875,-90.88796556783353
104750000.0,-91.02977835735942
104754882.8125,-90.91373312961136
104759765.625,-90.92904808141682
104764648.4375,-90.91822590887796
104769531.25,-90.82712038452058
104774414.0625,-90.65167540413603
104779296.875,-90.89668714538297
104784179.6875,-90.86598670649596
104789062.5,-90.86768053068397
104793945.3125,-90.89521367213632
104798828.125,-90.94762729390254
104803710.9375,-90.91634468352458
104808593.75,-90.94110488811992
104813476.5625,-90.95115232888136
104818359.375,-90.78673167688325
104823242.1875,-90.76775170646675
104828125.0,-90.90788495348878
104833007.8125,-90.79903176349953
104837890.625,-90.86516878366564
104842773.4375,-90.99094016383597
104847656.25,-90.90351396778973
104852539.0625,-90.87785469159084
104857421.875,-90.88821001850408
104862304.6875,-90.81260026353479
104867187.5,-90.65904299254231
104872070.3125,-90.82215692626403
104876953.125,-90.71124836771853
104881835.9375,-90.79899604852781
104886718.75,-90.83199656641978
104891601.5625,-90.96837269702553
104896484.375,-90.84633948705229
104901367.1875,-90.80589933698215
104906250.0,-90.89992802406567
104911132.8125,-90.81248099410718
104916015.625,-90.69586469841289
104920898.4375,-90.86565420375334
104925781.25,-90.7895315463901
104930664.0625,-90.89484931829656
104935546.875,-90.78368785658353
104940429.6875,-90.7840896618001
104945312.5,-90.76884818260851
104950195.3125,-90.71342227103489
104955078.125,-90.7473896875695
104959960.9375,-90.74104678475834
104964843.75,-90.49182657676837
104969726.5625,-90.65998152934264
104974609.375,-90.65581295337907
104979492.1875,-90.69848909143846
104984375.0,-90.69819838057711
104989257.8125,-90.82863883273342
104994140.625,-90.58864234039004
104999023.4375,-90.56119139918616
105003906.25,-90.61797039111184
105008789.0625,-90.62772648618326
105013671.875,-90.34946758034664
105018554.6875,-90.79011444382078
105023437.5,-90.69897675971299
105028320.3125,-90.79588261782885
105033203.125,-90.88399171361755
105038085.9375,-90.79428827771943
105042968.75,-90.8626811466637
105047851.5625,-90.79114366206196
105052734.375,-90.78955532902688
105057617.1875,-90.82945931603464
105062500.0,-90.74442992190956
105067382.8125,-90.92361809113979
105072265.625,-90.9481035893337
105077148.4375,-90.84339558420919
105082031.25,-90.88188688160571
105086914.0625,-90.97777136180468
105091796.875,-90.93964342295476
105096679.6875,-90.83415298496655
105101562.5,-90.97726947370609
105106445.3125,-90.64711403090422
105111328.125,-90.91067526084231
105116210.9375,-90.90254071932239
105121093.75,-90.85243242061631
105125976.5625,-90.68207003629973
105130859.375,-90.64288078838294
105135742.1875,-90.58261862132599
105140625.0,-90.63140311588268
105145507.8125,-90.58355155410422
105150390.625,-90.53649387721345
105155273.4375,-90.05528444431184
105160156.25,-90.6324537885335
105165039.0625,-90.5768265138777
105169921.875,-90.48976242546223
105174804.6875,-90.51443203530826
105179687.5,-90.62998894925227
105184570.3125,-90.69471730503656
105189453.125,-90.75853570631241
105194335.9375,-90.82680357891962
105199218.75,-91.06863997307312
105204101.5625,-90.64165477462075
105208984.375,-90.95629156345854
105213867.1875,-90.64533401843127
105218750.0,-90.58414398580373
105223632.8125,-90.57244347042482
105228515.625,-90.66688140193097
105233398.4375,-90.53495268424766
105238281.25,-90.41839997287914
105243164.0625,-90.63246040483796
105248046.875,-90.48371866356416
105252929.6875,-89.54682070706903
105257812.5,-90.6789851709668
105262695.3125,-90.81015615395262
105267578.125,-90.90447085877611
105272460.9375,-91.08317333459982
105277343.75,-90.95498646942585
105282226.5625,-90.94075370850243
105287109.375,-91.04675744896323
105291992.1875,-91.12069266930357
105296875.0,-90.84875672323815
105301757.8125,-90.82713697046009
105306640.625,-91.12050066743527
105311523.4375,-91.03202652247194
105316406.25,-91.11622042830527
105321289.0625,-91.11548933725916
105326171.875,-91.06135595762251
105331054.6875,-91.14947700572083
105335937.5,-91.15998545427757
105340820.3125,-91.08240409391104
105345703.125,-90.93916139722941
105350585.9375,-90.98420396316942
105355468.75,-91.11973700089686
105360351.5625,-91.17130113469389
105365234.375,-91.04176052254726
105370117.1875,-91.08559098607094
105375000.0,-90.99311426196036
105379882.8125,-91.1160564743162
105384765.625,-91.10385594425884
105389648.4375,-90.98973825584523
105394531.25,-90.63185201649719
105399414.0625,-90.97758730635704
105404296.875,-91.06493142769833
105409179.6875,-91.08768254885277
105414062.5,-91.09955296134058
105418945.3125,-91.07739737969979
105423828.125,-90.97220841282024
105428710.9375,-91.12097885213191
105433593.75,-90.97782378363053
105438476.5625,-90.91249858767551
105443359.375,-90.85399978164975
105448242.1875,-91.03617206786546
105453125.0,-91.05443453947424
105458007.8125,-90.97485681625369
105462890.625,-90.99522619211152
105467773.4375,-91.07813016945255
105472656.25,-90.95435732503375
105477539.0625,-90.93273269266146
105482421.875,-91.06280433725516
105487304.6875,-90.98175215103572
105492187.5,-90.93629911818272
105497070.3125,-91.03944519885732
105501953.125,-90.93615871116728
105506835.9375,-90.8560777017845
105511718.75,-91.00565276039706
105516601.5625,-91.02133690683735
105521484.375,-90.92280744102993
105526367.1875,-90.85392320055104
105531250.0,-90.90785941344825
105536132.8125,-90.61923523930852
105541015.625,-90.75247323164672
105545898.4375,-90.71400084373568
105550781.25,-90.72286388128686
105555664.0625,-90.78495417668978
105560546.875,-90.54574720920962
105565429.6875,-90.39214882173152
105570312.5,-90.33909551885634
105575195.3125,-90.19557433704995
105580078.125,-90.11850421707129
105584960.9375,-89.69489104918745
105589843.75,-89.55164813738915
105594726.5625,-89.15430583438183
105599609.375,-88.25665118454361
105604492.1875,-87.8313821946966
105609375.0,-85.90909544910369
105614257.8125,-82.19394997041931
105619140.625,-80.3561315042663
105624023.4375,-79.23712849484096
105628906.25,-78.4152428475762
105633789.0625,-76.63143538621875
105638671.875,-74.2535527950107
105643554.6875,-73.08365978291167
105648437.5,-72.45995887561429
105653320.3125,-71.27276578118395
105658203.125,-70.69008868643226
105663085.9375,-70.18159373858805
105667968.75,-69.5866579042223
105672851.5625,-68.66223959869907
105677734.375,-68.33732014738129
105682617.1875,-68.28542558273318
105687500.0,-67.92159903163994
105692382.8125,-68.86476370974214
105697265.625,-69.97221646256807
105702148.4375,-71.37884163664631
105707031.25,-76.32590265510936
105711914.0625,-79.9425867747741
105716796.875,-81.0294828805288
105721679.6875,-80.11438974027391
105726562.5,-78.94245055901172
105731445.3125,-77.09370389906493
105736328.125,-75.48117816802298
105741210.9375,-74.77484995536051
105746093.75,-74.65635847910502
105750976.5625,-75.30986783493722
105755859.375,-76.44261838503797
105760742.1875,-78.2081908462402
105765625.0,-79.29366419131532
105770507.8125,-80.52483916661947
105775390.625,-82.10365900616475
105780273.4375,-83.56264966321373
105785156.25,-83.97138313725262
105790039.0625,-84.56368510018766
105794921.875,-86.6436889921448
105799804.6875,-88.63960203364823
105804687.5,-89.05508632228072
105809570.3125,-89.45185028451189
105814453.125,-89.93652010043502
105819335.9375,-90.47496474771373
105824218.75,-90.19063713079103
105829101.5625,-90.6011782069366
105833984.375,-90.6532467507268
105838867.1875,-90.81338712653681
105843750.0,-90.81467307130845
105848632.8125,-90.81176532212578
105853515.625,-90.85459582966828
105858398.4375,-90.91791440249887
105863281.25,-90.88726737015531
105868164.0625,-90.93056883259837
105873046.875,-90.66118772249902
105877929.6875,-91.00341575682671
105882812.5,-90.92086196952471
105887695.3125,-90.93789114558493
105892578.125,-91.06914433759215
105897460.9375,-91.05952300470312
105902343.75,-91.07507283644475
105907226.5625,-90.9686720336997
105912109.375,-91.0121677278791
105916992.1875,-91.06871110502374
105921875.0,-90.57793954151421
105926757.8125,-91.05605405855525
105931640.625,-91.00972819239774
105936523.4375,-91.04106898252809
105941406.25,-91.01455462727981
105946289.0625,-91.12576958539807
105951171.875,-91.09087152335019
105956054.6875,-91.19503108693587
105960937.5,-91.14983968476227
105965820.3125,-90.86680806946259
105970703.125,-90.8601021674055
105975585.9375,-91.13889661650748
105980468.75,-91.11724870638389
105985351.5625,-91.12510286781423
105990234.375,-91.13770870902601
105995117.1875,-91.10276847748284
106000000.0,-91.11250216430722
106004882.8125,-91.0817410696649
106009765.625,-91.03624371347794
106014648.4375,-90.62505407908606
106019531.25,-91.18010455339089
106024414.0625,-91.06247569651455
106029296.875,-91.16880401262742
106034179.6875,-91.09491779131386
106039062.5,-91.25706993178972
106043945.3125,-91.17177098879148
106048828.125,-91.13904729171122
106053710.9375,-91.07919202958581
106058593.75,-91.14894394625077
106063476.5625,-90.45029131732028
106068359.375,-91.04842202015979
106073242.1875,-91.07997392855586
106078125.0,-91.12262426692791
106083007.8125,-91.09913069176889
106087890.625,-91.04036996653483
106092773.4375,-91.02563411922398
106097656.25,-90.99031996735278
106102539.0625,-91.0275061320618
106107421.875,-90.99676883681266
106112304.6875,-90.66044162988175
106117187.5,-90.95657094858592
106122070.3125,-90.93521839912202
106126953.125,-90.99880638203899
106131835.9375,-91.08343523857695
106136718.75,-91.09168041623084
106141601.5625,-90.98035945212803
106146484.375,-91.09253866883657
106151367.1875,-90.9409221370783
106156250.0,-90.95907289020258
106161132.8125,-90.99664362793962
106166015.625,-91.04398769941989
106170898.4375,-91.1567824721277
106175781.25,-90.95620919462158
106180664.0625,-91.07641515139815
106185546.875,-91.01981999277643
106190429.6875,-91.117365380199
106195312.5,-90.93904023553083
106200195.3125,-91.0481401524797
106205078.125,-90.90271537026774
106209960.9375,-91.03957348119795
106214843.75,-90.98290163406128
106219726.5625,-91.0094793019401
106224609.375,-90.99249883419165
106229492.1875,-90.97060063279213
106234375.0,-91.03235843597622
106239257.8125,-90.92335076253028
106244140.625,-90.98609441457566
106249023.4375,-91.08064468031418
106253906.25,-90.87501888024988
106258789.0625,-90.92117193080952
106263671.875,-91.01995902853554
106268554.6875,-90.88219513875427
106273437.5,-90.86599584009409
106278320.3125,-90.95858779774349
106283203.125,-90.97553233814938
106288085.9375,-90.97321398152158
106292968.75,-91.01949827856015
106297851.5625,-91.03791273558161
106302734.375,-90.8149749879289
106307617.1875,-91.00688212488924
106312500.0,-90.92725874754106
106317382.8125,-90.9693608944549
106322265.625,-90.93268517382859
106327148.4375,-90.88792772947454
106332031.25,-90.97651376208984
106336914.0625,-90.95809122049667
106341796.875,-90.84404412727852
106346679.6875,-90.88972435094558
106351562.5,-90.57031064783843
106356445.3125,-90.80296884467916
106361328.125,-90.90534452097887
106366210.9375,-90.89732168905172
106371093.75,-90.8430277384362
106375976.5625,-90.8944019472026
106380859.375,-90.8562236130806
106385742.1875,-90.87336700802979
106390625.0,-90.96525457148206
106395507.8125,-90.85373168271127
106400390.625,-90.73674375439506
106405273.4375,-90.9467198429588
106410156.25,-90.92159848568383
106415039.0625,-91.09636697360068
106419921.875,-90.94393363383472
106424804.6875,-90.91206348290274
106429687.5,-91.07378683988543
106434570.3125,-90.93282531243989
106439453.125,-90.948953453602
106444335.9375,-90.56457462261693
106449218.75,-90.93160883132637
106454101.5625,-91.05292371993036
106458984.375,-90.95255858244894
106463867.1875,-91.1056612532339
106468750.0,-90.95877950232753
106473632.8125,-91.15023174761203
106478515.625,-90.91513603074051
106483398.4375,-91.02628082915754
106488281.25,-90.96143114287636
106493164.0625,-90.5288910659001
106498046.875,-89.59362095512085
106502929.6875,-90.6306953825692
106507812.5,-90.96406011630353
106512695.3125,-91.14166925065368
106517578.125,-91.05677344659316
106522460.9375,-91.08709873920168
106527343.75,-91.10694832651453
106532226.5625,-91.12367473306702
106537109.375,-91.03044898603869
106541992.1875,-90.71614705641889
106546875.0,-91.15981465321445
106551757.8125,-91.24520276211604
106556640.625,-90.95281581593787
106561523.4375,-91.15749909244877
106566406.25,-91.09847474001236
106571289.0625,-91.13289132425268
106576171.875,-91.06905345746858
106581054.6875,-91.10449099331512
106585937.5,-91.10966314281424
106590820.3125,-90.80311411561539
106595703.125,-91.09853573556384
106600585.9375,-91.07979950712019
106605468.75,-91.21782542137385
106610351.5625,-90.98581710918873
106615234.375,-91.15208419696856
106620117.1875,-91.12426065711352
106625000.0,-91.09710517293689
106629882.8125,-91.14190109259789
106634765.625,-90.89214822789177
106639648.4375,-91.05443838888874
106644531.25,-91.010684168144
106649414.0625,-90.95719723315977
106654296.875,-91.18758514579125
106659179.6875,-91.12367100758482
106664062.5,-91.17508737780776
106668945.3125,-91.16299591539533
106673828.125,-91.1122083196947
106678710.9375,-91.09958454698776
106683593.75,-90.58668563694991
106688476.5625,-91.04849243375446
106693359.375,-91.04012084658234
106698242.1875,-91.10981718742445
106703125.0,-91.13572514524097
106708007.8125,-91.01314145747497
106712890.625,-91.06634191879638
106717773.4375,-91.08350045211813
106722656.25,-91.15295745251817
106727539.0625,-91.0799519482052
106732421.875,-90.75392575831648
106737304.6875,-90.94435252770668
106742187.5,-91.01016990856954
106747070.3125,-91.0907735442064
106751953.125,-91.0012664274883
106756835.9375,-90.99862758165247
106761718.75,-91.04498357159864
106766601.5625,-91.05276339897549
106771484.375,-90.96116357141537
106776367.1875,-91.08444312120264
106781250.0,-90.82375811412854
106786132.8125,-91.08648562866716
106791015.625,-91.01763700693448
106795898.4375,-91.07830309135352
106800781.25,-91.0019811888393
106805664.0625,-91.11922395832704
106810546.875,-91.02269137573674
106815429.6875,-90.87075066157541
106820312.5,-91.14098858022322
106825195.3125,-90.91749380222623
106830078.125,-90.87662570003761
106834960.9375,-90.92684630136901
106839843.75,-90.86117126728854
106844726.5625,-91.07783283734801
106849609.375,-90.98392420957506
106854492.1875,-91.12475934917776
106859375.0,-90.97725260610366
106864257.8125,-91.03863205554057
106869140.625,-91.10013172230742
106874023.4375,-90.75913519519369
106878906.25,-90.9290293699597
106883789.0625,-90.96959011105758
106888671.875,-91.04743989856098
106893554.6875,-90.91881458616447
106898437.5,-90.95547009128165
106903320.3125,-90.89611011753138
106908203.125,-90.82548445924672
106913085.9375,-90.86530353207112
106917968.75,-90.87790589435374
106922851.5625,-90.04871729273194
106927734.375,-90.77249454904063
106932617.1875,-90.83426579831115
106937500.0,-90.87951896619802
106942382.8125,-90.85808129915023
106947265.625,-90.89365074409389
106952148.4375,-90.84258499392166
106957031.25,-90.85743143092913
106961914.0625,-90.8327215069522
106966796.875,-90.80976009790237
106971679.6875,-90.43303185166053
106976562.5,-90.87416737462777
106981445.3125,-90.93463264095737
106986328.125,-90.8846007555741
106991210.9375,-90.8494738861057
106996093.75,-90.73245720998938
107000976.5625,-90.7427338095967
107005859.375,-90.89737052460379
107010742.1875,-90.76904665031492
107015625.0,-90.85711539916346
107020507.8125,-90.53568348003444
107025390.625,-90.81691527862932
107030273.4375,-90.81435842043959
107035156.25,-90.78188323326322
107040039.0625,-90.7457939560025
107044921.875,-90.7330752436794
107049804.6875,-90.75649893837931
107054687.5,-90.6628194136675
107059570.3125,-90.70922965805508
107064453.125,-90.49470681298342
107069335.9375,-90.51087510714027
107074218.75,-90.52493248470338
107079101.5625,-90.22941549506172
107083984.375,-90.35825365997232
107088867.1875,-90.6058214387877
107093750.0,-90.43037500326562
107098632.8125,-88.42141049557176
107103515.625,-88.82345734128674
107108398.4375,-90.02301881942512
107113281.25,-89.9182382181547
107118164.0625,-90.4559323970465
107123046.875,-90.4794249281941
107127929.6875,-90.62267126690551
107132812.5,-90.67491355307246
107137695.3125,-90.77661595306506
107142578.125,-90.83072878496813
107147460.9375,-90.84581132044877
107152343.75,-90.86959126655651
107157226.5625,-90.80714558207592
107162109.375,-90.62947490796188
107166992.1875,-90.89151282328703
107171875.0,-90.83977180224059
107176757.8125,-90.93656038629638
107181640.625,-90.94096228283783
107186523.4375,-90.88971209563931
107191406.25,-91.00244583343178
107196289.0625,-91.10132492861729
107201171.875,-91.00260631690546
107206054.6875,-90.97517324340566
107210937.5,-90.57942116807143
107215820.3125,-90.99366717725732
107220703.125,-90.9066275192113
107225585.9375,-90.92360369663555
107230468.75,-90.89043907474306
107235351.5625,-90.79784941108636
107240234.375,-90.75203564579644
107245117.1875,-90.73405337331144
107250000.0,-90.72532317403989
107254882.8125,-90.68897984398444
107259765.625,-90.52777765396428
107264648.4375,-90.59682689650924
107269531.25,-90.54245108603516
107274414.0625,-90.51465545787886
107279296.875,-90.56245955277222
107284179.6875,-90.44141390706096
107289062.5,-90.30580641521829
107293945.3125,-89.98493392451937
107298828.125,-89.87185214897633
107303710.9375,-89.5285888864801
107308593.75,-89.88694548685015
107313476.5625,-90.04337040680096
107318359.375,-89.99664967957551
107323242.1875,-90.13021732411286
107328125.0,-90.4501563225721
107333007.8125,-90.59350021410677
107337890.625,-90.70324316593525
107342773.4375,-90.90304850922723
107347656.25,-90.75510141476596
107352539.0625,-90.72529246668009
107357421.875,-90.96506849517635
107362304.6875,-90.88150771059736
107367187.5,-91.02766219028774
107372070.3125,-91.03339817612215
107376953.125,-91.07515237813371
107381835.9375,-91.02237163045044
107386718.75,-91.09258953816177
107391601.5625,-90.88456543571249
107396484.375,-90.92638656692804
107401367.1875,-90.8462290789422
107406250.0,-91.0686715525921
107411132.8125,-91.04503424238976
107416015.625,-91.04352878692427
107420898.4375,-90.98887749066483
107425781.25,-91.00973124026115
107430664.0625,-91.0061499878426
107435546.875,-90.92342116085086
107440429.6875,-90.92302272870964
107445312.5,-91.06557514456443
107450195.3125,-90.86143706872721
107455078.125,-91.01819751550275
107459960.9375,-90.8966142989201
107464843.75,-90.99419297335379
107469726.5625,-90.93854806598031
107474609.375,-90.99688638941336
107479492.1875,-90.96650257344169
107484375.0,-90.9033379669444
107489257.8125,-90.90808667697215
107494140.625,-90.9862647430869
107499023.4375,-90.85354171676471
107503906.25,-90.96879814502381
107508789.0625,-90.90382322866742
107513671.875,-90.92428466034139
107518554.6875,-90.83723505947512
107523437.5,-90.83235805100361
107528320.3125,-90.9647522041341
107533203.125,-90.88571247807073
107538085.9375,-90.80818523533037
107542968.75,-90.7578137962233
107547851.5625,-90.87187578707568
107552734.375,-90.91712167411063
107557617.1875,-90.82489785771705
107562500.0,-90.90275299678456
107567382.8125,-90.83108047139945
107572265.625,-90.80358655025458
107577148.4375,-90.79665226370386
107582031.25,-90.77920957085993
107586914.0625,-90.81684455335699
107591796.875,-90.51564048523852
107596679.6875,-90.59569117361369
107601562.5,-90.74822690325624
107606445.3125,-90.83188414361197
107611328.125,-90.77457384250249
107616210.9375,-90.79445791601964
107621093.75,-90.63966638238662
107625976.5625,-90.7069310783645
107630859.375,-90.80896769852137
107635742.1875,-90.73844023125244
107640625.0,-90.57676849572704
107645507.8125,-90.76654835458405
107650390.625,-90.86158332572523
107655273.4375,-90.82100234221781
107660156.25,-90.82472504656553
107665039.0625,-90.79928121619696
107669921.875,-90.76182580216343
107674804.6875,-90.81716800203247
107679687.5,-90.84283159115978
107684570.3125,-90.8141883146638
107689453.125,-90.5999531415168
107694335.9375,-90.85860751929837
107699218.75,-90.85145939240729
107704101.5625,-90.96025347714607
107708984.375,-90.94106260925483
107713867.1875,-91.04960273430325
107718750.0,-90.77714344086326
107723632.8125,-90.90184992272435
107728515.625,-90.93836100922255
107733398.4375,-90.65414807859014
107738281.25,-90.61212156254004
107743164.0625,-90.72050939268209
107748046.875,-90.87293580265674
107752929.6875,-90.87392655443594
107757812.5,-90.7736855965818
107762695.3125,-90.87438660317605
107767578.125,-90.91793469513414
107772460.9375,-90.84111538965303
107777343.75,-90.9604579202144
107782226.5625,-90.72371889565488
107787109.375,-90.76921580911514
107791992.1875,-90.93734702134344
107796875.0,-90.85135390558881
107801757.8125,-90.82066719766368
107806640.625,-90.78448708509387
107811523.4375,-90.8500555044755
107816406.25,-91.02753585310015
107821289.0625,-90.99507925325238
107826171.875,-90.92021586296244
107831054.6875,-90.4096077757936
107835937.5,-90.86769638042065
107840820.3125,-90.91955914550579
107845703.125,-90.90847631729835
107850585.9375,-90.86602677983487
107855468.75,-90.92853086249454
107860351.5625,-90.94140318673612
107865234.375,-90.886343302417
107870117.1875,-90.91250884433722
107875000.0,-90.8079064758507
107879882.8125,-90.78224638107102
107884765.625,-90.96751872585574
107889648.4375,-91.04990451293082
107894531.25,-91.01545886130191
107899414.0625,-90.90742362192981
107904296.875,-91.04783767478
107909179.6875,-91.02207811151342
107914062.5,-90.980496194804
107918945.3125,-90.9345761525002
107923828.125,-91.06050277356886
107928710.9375,-90.86753256401076
107933593.75,-91.02029426824825
107938476.5625,-91.06230453135078
107943359.375,-90.95480764884192
107948242.1875,-91.06077334762239
107953125.0,-91.03357756305817
107958007.8125,-91.02915492123657
107962890.625,-90.95734617065858
107967773.4375,-91.15722601329739
107972656.25,-90.9760487166557
107977539.0625,-90.99816185455148
107982421.875,-91.12890681853602
107987304.6875,-91.07145850873417
107992187.5,-91.13728081704781
107997070.3125,-91.08638094663797
108001953.125,-91.04584811793171
108006835.9375,-91.19010653364825
108011718.75,-91.08825072267626
108016601.5625,-91.03795139645871
108021484.375,-90.96327731320588
108026367.1875,-91.1093893085926
108031250.0,-90.94281586538702
108036132.8125,-90.8701655614451
108041015.625,-91.16157870999501
108045898.4375,-90.97818212346709
108050781.25,-91.10282112314718
108055664.0625,-91.09924486713453
108060546.875,-91.04770645048598
108065429.6875,-91.01727725789803
108070312.5,-91.07554859291068
108075195.3125,-91.00677652261294
108080078.125,-91.03182662399882
108084960.9375,-91.02484465260952
108089843.75,-91.06446475971734
108094726.5625,-91.02289653103779
108099609.375,-90.99939539391599
108104492.1875,-90.96876903548232
108109375.0,-90.87911947963528
108114257.8125,-91.03803557020561
108119140.625,-90.8865115577565
108124023.4375,-90.98016525219404
108128906.25,-91.03047183157838
108133789.0625,-90.95148373198478
108138671.875,-91.02746663504715
108143554.6875,-90.96593050715882
108148437.5,-90.92595715087236
108153320.3125,-91.08024195674267
108158203.125,-90.79637723240148
108163085.9375,-90.9659453811895
108167968.75,-90.77782748649273
108172851.5625,-90.82876867253586
108177734.375,-90.8746358925359
108182617.1875,-90.98168046260224
108187500.0,-91.03114169000636
108192382.8125,-90.86719441169015
108197265.625,-90.75808263770602
108202148.4375,-91.03997537266895
108207031.25,-90.81156416184083
108211914.0625,-90.72885462884102
108216796.875,-90.98237964870347
108221679.6875,-90.8994526748836
108226562.5,-90.97391955675326
108231445.3125,-90.82262063310225
108236328.125,-90.94127326717256
108241210.9375,-90.88771712067694
108246093.75,-90.91723978268735
108250976.5625,-90.96265927291174
108255859.375,-90.78824402957602
108260742.1875,-90.71456460143716
108265625.0,-90.90541050558167
108270507.8125,-90.95377353053652
108275390.625,-90.78423920464166
108280273.4375,-90.9484636842108
108285156.25,-90.82621582404522
108290039.0625,-90.89555095896176
108294921.875,-90.9391639301509
108299804.6875,-90.92840002045406
108304687.5,-90.7611297519079
108309570.3125,-90.63025430742599
108314453.125,-90.82780154169188
108319335.9375,-90.86905683011355
108324218.75,-90.86435036474586
108329101.5625,-90.74556532872518
108333984.375,-90.85818827389718
108338867.1875,-90.92375488020176
108343750.0,-90.79154722540119
108348632.8125,-90.86756608167192
108353515.625,-90.93296364983374
108358398.4375,-90.58591807716493
108363281.25,-90.77116058727535
108368164.0625,-90.74223912815506
108373046.875,-90.70513729733472
108377929.6875,-90.64322718248707
108382812.5,-90.7128340634817
108387695.3125,-90.72910494762846
108392578.125,-90.67121282291959
108397460.9375,-90.70523355549204
108402343.75,-90.66450297267164
108407226.5625,-90.62832013854776
108412109.375,-90.69591085552543
108416992.1875,-90.79461374284097
108421875.0,-90.82303078099497
108426757.8125,-90.71541872329706
108431640.625,-90.79401559196054
108436523.4375,-90.8455792945636
108441406.25,-90.83187555145668
108446289.0625,-90.73929026393941
108451171.875,-90.7579025341011
108456054.6875,-90.88808765382953
108460937.5,-90.85389162966766
108465820.3125,-90.9058227814964
108470703.125,-90.93103718359887
108475585.9375,-90.93244760266563
108480468.75,-90.99239749400365
108485351.5625,-90.88065176807476
108490234.375,-90.95964013431976
108495117.1875,-90.89328723334529
108500000.0,-90.84059796957831
108504882.8125,-90.96550162406584
108509765.625,-90.88456149793302
108514648.4375,-90.9858565650022
108519531.25,-91.12513244025664
108524414.0625,-91.12005193621744
108529296.875,-91.01722126471205
108534179.6875,-90.94858990671025
108539062.5,-91.11662594240931
108543945.3125,-91.0265252003611
108548828.125,-90.85347731740535
108553710.9375,-91.14342105575855
108558593.75,-91.0343788521551
108563476.5625,-91.05332505193002
108568359.375,-91.16026570044286
108573242.1875,-91.06670171113976
108578125.0,-91.06146488874191
108583007.8125,-91.1819157304243
108587890.625,-90.99343228389253
108592773.4375,-91.00786428079459
108597656.25,-90.79829551864324
108602539.0625,-91.0516667184468
108607421.875,-91.16508537042381
108612304.6875,-91.1490515991502
108617187.5,-91.16304468105861
108622070.3125,-91.20147295772989
108626953.125,-91.13055941008162
108631835.9375,-91.08058143416173
108636718.75,-91.032820364153
108641601.5625,-90.90734294289194
108646484.375,-91.12427275286873
108651367.1875,-90.97968544830917
108656250.0,-91.04731522913235
108661132.8125,-90.9495983678184
108666015.625,-91.10824560659017
108670898.4375,-91.02389455079526
108675781.25,-91.05592644089435
108680664.0625,-90.91072109342878
108685546.875,-90.94009955283735
108690429.6875,-90.97323739185202
108695312.5,-90.97234200317072
108700195.3125,-91.08543026955141
108705078.125,-91.10706190008304
108709960.9375,-91.03809016330266
108714843.75,-91.00722254227807
108719726.5625,-91.03643157725489
108724609.375,-91.10651133091542
108729492.1875,-91.12077313410774
108734375.0,-90.97891109152096
108739257.8125,-90.9817573197333
108744140.625,-90.9868111859698
108749023.4375,-91.06822704158441
108753906.25,-91.00207563674894
108758789.0625,-90.98440484929753
108763671.875,-91.10850513981637
108768554.6875,-91.05696287058356
108773437.5,-90.99095855719148
108778320.3125,-91.02540281167865
108783203.125,-91.08043283070509
108788085.9375,-91.08104232325798
108792968.75,-91.09973519891273
108797851.5625,-91.05817945004097
108802734.375,-90.98947120847535
108807617.1875,-91.11664161485473
108812500.0,-91.0167868779593
108817382.8125,-90.99381785942148
108822265.625,-91.03916557183683
108827148.4375,-90.90394978603601
108832031.25,-90.86177890723184
108836914.0625,-91.04688368173353
108841796.875,-90.94509978821895
108846679.6875,-90.99680672425396
108851562.5,-91.02217543189118
108856445.3125,-90.94258758312688
108861328.125,-90.89464481426785
108866210.9375,-90.89407074616852
108871093.75,-90.94455527891515
108875976.5625,-90.96443502713561
108880859.375,-90.93219291748736
108885742.1875,-90.93108831918175
108890625.0,-90.88698051097427
108895507.8125,-90.7955825291084
108900390.625,-90.75295463059587
108905273.4375,-90.81734176449882
108910156.25,-90.81944905822897
108915039.0625,-90.91675524802568
108919921.875,-90.93470383059531
108924804.6875,-90.86634031465314
108929687.5,-90.67922242947955
108934570.3125,-90.7634506712694
108939453.125,-90.90829048104166
108944335.9375,-90.85128565489228
108949218.75,-90.83446713263316
108954101.5625,-90.79410342720021
108958984.375,-90.90163046108682
108963867.1875,-90.88003578270204
108968750.0,-90.74441925041918
108973632.8125,-90.67725780778494
108978515.625,-90.63873660295346
108983398.4375,-90.78309051736142
108988281.25,-90.74497591766766
108993164.0625,-90.69788603336039
108998046.875,-90.77599415345006
109002929.6875,-90.74292778566593
109007812.5,-90.85546230955015
109012695.3125,-90.79319386292565
109017578.125,-90.65270938308902
109022460.9375,-90.83997743578666
109027343.75,-90.74026508299792
109032226.5625,-90.82897965366135
109037109.375,-90.81709980649785
109041992.1875,-90.84997092443376
109046875.0,-90.85135957033489
109051757.8125,-90.80008607317075
109056640.625,-90.84057066815777
109061523.4375,-90.89973711478558
109066406.25,-90.88974823079008
109071289.0625,-90.8336218629847
109076171.875,-90.80954533661699
109081054.6875,-90.93926556408638
109085937.5,-90.97251653208792
109090820.3125,-90.93047794440693
109095703.125,-90.90533065810237
109100585.9375,-90.93906619199143
109105468.75,-90.89792595518671
109110351.5625,-90.91305814699115
109115234.375,-90.87645647405512
109120117.1875,-90.83526561136128
109125000.0,-90.93533950268284
109129882.8125,-90.9165230778483
109134765.625,-91.11727321022525
109139648.4375,-90.9901524856372
109144531.25,-91.05815128142933
109149414.0625,-91.04302005395223
109154296.875,-90.99502455575899
109159179.6875,-91.06974059284633
109164062.5,-91.15652575635133
109168945.3125,-91.06121374976854
109173828.125,-90.98196398680648
109178710.9375,-91.1321801160341
109183593.75,-91.10314618582214
109188476.5625,-91.1184203955439
109193359.375,-91.05295689499155
109198242.1875,-91.07979769425336
109203125.0,-91.00278106851937
109208007.8125,-91.15655540270936
109212890.625,-91.02683650115861
109217773.4375,-91.11533643748245
109222656.25,-91.01837544848911
109227539.0625,-91.17122494866422
109232421.875,-91.08165760494992
109237304.6875,-91.080658304981
109242187.5,-91.0803753365301
109247070.3125,-91.10229535303571
109251953.125,-91.21298715137874
109256835.9375,-91.0527518877646
109261718.75,-91.06851239172607
109266601.5625,-91.02558479920302
109271484.375,-91.16421072611394
109276367.1875,-91.1408395834907
109281250.0,-91.175435254267
109286132.8125,-91.14299454052446
109291015.625,-91.13791988025554
109295898.4375,-91.15388305768664
109300781.25,-91.03432754530044
109305664.0625,-91.08114625719321
109310546.875,-91.03729311155476
109315429.6875,-91.07212182303971
109320312.5,-91.07334782348323
109325195.3125,-91.1460041998605
109330078.125,-91.02805497579538
109334960.9375,-91.11484712380846
109339843.75,-91.17427256263176
109344726.5625,-91.00334850431813
109349609.375,-91.19799908143779
109354492.1875,-91.07669001316884
109359375.0,-91.05150550964674
109364257.8125,-91.1345853221552
109369140.625,-91.1892783468221
109374023.4375,-91.13454246532956
109378906.25,-91.20894760619774
109383789.0625,-91.10336487768288
109388671.875,-91.205126555887
109393554.6875,-91.15420611903423
109398437.5,-91.13020742794245
109403320.3125,-91.09752065631821
109408203.125,-91.01971355449561
109413085.9375,-91.10244325489379
109417968.75,-91.13930712517964
109422851.5625,-91.0963947759943
109427734.375,-91.12352711202195
109432617.1875,-91.05391106072429
109437500.0,-91.0783217007623
109442382.8125,-91.2244089685768
109447265.625,-91.14479116836497
109452148.4375,-90.94158735503689
109457031.25,-91.01586611701046
109461914.0625,-91.02843100570792
109466796.875,-91.08307039251503
109471679.6875,-91.03242630629421
109476562.5,-90.95908161268741
109481445.3125,-91.02912431575476
109486328.125,-91.03182114583194
109491210.9375,-91.0779179246394
109496093.75,-91.06081960347501
109500976.5625,-90.95977282623363
109505859.375,-90.86021446275683
109510742.1875,-91.07808176337994
109515625.0,-90.99249169314308
109520507.8125,-90.85391952706289
109525390.625,-91.07780478207832
109530273.4375,-91.1440677777515
109535156.25,-90.98220406785214
109540039.0625,-90.91699587307093
109544921.875,-90.9868089214913
109549804.6875,-90.80023229375226
109554687.5,-90.91495432632337
109559570.3125,-90.93730822201866
109564453.125,-90.903655022757
109569335.9375,-90.87220934510762
109574218.75,-90.90795755786357
109579101.5625,-90.90824249309466
109583984.375,-90.9149269342418
109588867.1875,-90.86621742625005
109593750.0,-90.97700631259292
109598632.8125,-90.78843307152306
109603515.625,-90.84452875306522
109608398.4375,-90.92559606902637
109613281.25,-90.89950381832634
109618164.0625,-90.96424591361145
109623046.875,-90.87276022505591
109627929.6875,-90.88654459760397
109632812.5,-90.89310306482537
109637695.3125,-90.82750883661345
109642578.125,-90.82604143967262
109647460.9375,-90.69627598809373
109652343.75,-90.71789055491809
109657226.5625,-90.7155911159575
109662109.375,-90.58276071457408
109666992.1875,-90.39688721914226
109671875.0,-90.46015329069667
109676757.8125,-90.41169463644803
109681640.625,-90.3794368053882
109686523.4375,-90.19827578082914
109691406.25,-89.69106525199416
109696289.0625,-88.8747502747338
109701171.875,-87.55280526862569
109706054.6875,-87.82085869108468
109710937.5,-87.6772711147328
109715820.3125,-87.37041096924656
109720703.125,-87.25731217066408
109725585.9375,-87.78841192899998
109730468.75,-88.4288326568049
109735351.5625,-88.94639285928139
109740234.375,-89.33303694838688
109745117.1875,-89.78908656501548
109750000.0,-89.87731572603548
109754882.8125,-90.11557803940053
109759765.625,-90.37546689149823
109764648.4375,-90.56799836443798
109769531.25,-90.74247297001324
109774414.0625,-90.77940821681781
109779296.875,-90.88219930239345
109784179.6875,-90.8426558806257
109789062.5,-90.91143506008552
109793945.3125,-91.01496605683681
109798828.125,-90.91017637767757
109803710.9375,-91.04134891204399
109808593.75,-91.10424780129776
109813476.5625,-90.97713504645088
109818359.375,-90.9938752072407
109823242.1875,-91.10487664347599
109828125.0,-91.06795101680905
109833007.8125,-90.89534164468222
109837890.625,-91.07701769696686
109842773.4375,-91.00660899459524
109847656.25,-91.06105414533832
109852539.0625,-91.03004914687111
109857421.875,-91.04120222821234
109862304.6875,-91.08654873912431
109867187.5,-91.10464001330357
109872070.3125,-90.90945554641135
109876953.125,-91.13115494289167
109881835.9375,-91.01822332108077
109886718.75,-91.03767281448148
109891601.5625,-91.17473616433966
109896484.375,-90.99807650685511
109901367.1875,-91.05315109031278
109906250.0,-91.08420942846479
109911132.8125,-91.13404195660505
109916015.625,-91.14079961153732
109920898.4375,-91.11278505526914
109925781.25,-91.19687249019222
109930664.0625,-91.15168292761066
109935546.875,-91.0109091420637
109940429.6875,-91.12771265778005
109945312.5,-91.14570136993106
109950195.3125,-91.22581770397872
109955078.125,-91.17465074444098
109959960.9375,-91.16640674331498
109964843.75,-91.16956245073325
109969726.5625,-91.18839469080052
109974609.375,-91.1353138537732
109979492.1875,-91.03525280944598
109984375.0,-91.1398608663471
109989257.8125,-91.181530441154
109994140.625,-91.24294938956129
109999023.4375,-91.14937309703518
110003906.25,-90.61241378426053
110008789.0625,-91.20077087246383
110013671.875,-91.21496611879664
110018554.6875,-91.14335403062987
110023437.5,-91.22167928372244
110028320.3125,-91.24463971267818
110033203.125,-91.1268348117886
110038085.9375,-91.07099738127894
110042968.75,-91.14652249042706
110047851.5625,-91.1272468231763
110052734.375,-91.2064242597842
110057617.1875,-91.0787995008167
110062500.0,-91.11754280835629
110067382.8125,-91.20659203238998
110072265.625,-91.12420788185528
110077148.4375,-90.96634490430142
110082031.25,-91.10205635871773
110086914.0625,-91.11155736624096
110091796.875,-91.1231242123794
110096679.6875,-91.09867034405127
110101562.5,-91.14811375343629
110106445.3125,-91.11018549821799
110111328.125,-91.04960152012293
110116210.9375,-91.1065375003615
110121093.75,-91.00347768929979
110125976.5625,-91.06716371306021
110130859.375,-90.99876853915512
110135742.1875,-90.9823047468837
110140625.0,-91.0421086371428
110145507.8125,-90.94691950008036
110150390.625,-90.93465679711136
110155273.4375,-91.0204122420613
110160156.25,-90.95599718427226
110165039.0625,-90.97371802033334
110169921.875,-91.07021295414671
110174804.6875,-91.14582065547867
110179687.5,-91.08770466750238
110184570.3125,-91.01543910248157
110189453.125,-90.8882816467167
110194335.9375,-90.99413276644353
110199218.75,-90.9903614851682
110204101.5625,-90.91150925549226
110208984.375,-91.0984311693166
110213867.1875,-90.91173997726204
110218750.0,-91.05803214134099
110223632.8125,-91.01914562145487
110228515.625,-90.98019808984557
110233398.4375,-91.08394877117195
110238281.25,-91.06443308336645
110243164.0625,-90.96456038171704
110248046.875,-90.94882005231915
110252929.6875,-91.03800075500385
110257812.5,-90.97049160679808
110262695.3125,-90.93389998709694
110267578.125,-90.89879262771538
110272460.9375,-90.91479023888616
110277343.75,-91.02013300716101
110282226.5625,-90.97614516384857
110287109.375,-90.92298434193796
110291992.1875,-90.93679224774021
110296875.0,-90.87438644696806
110301757.8125,-90.8289129916902
110306640.625,-90.8743937571569
110311523.4375,-90.79969872716305
110316406.25,-90.94975759651518
110321289.0625,-91.00772179261017
110326171.875,-90.8980621368068
110331054.6875,-90.96824855024732
110335937.5,-90.94923727329521
110340820.3125,-90.9571498069445
110345703.125,-91.05041797075307
110350585.9375,-91.01577640748923
110355468.75,-90.91188657078501
110360351.5625,-90.82872538870168
110365234.375,-90.98877541344712
110370117.1875,-91.06415074351736
110375000.0,-90.99833908227367
110379882.8125,-90.92971539412906
110384765.625,-90.99257556955402
110389648.4375,-91.00270225146502
110394531.25,-90.89666454518579
110399414.0625,-91.1338533802722
110404296.875,-90.8074745201447
110409179.6875,-90.98867108159277
110414062.5,-90.88174411410944
110418945.3125,-90.98920637711916
110423828.125,-90.99177533981529
110428710.9375,-91.1424263997485
110433593.75,-91.0082706370296
110438476.5625,-91.00525396459196
110443359.375,-90.91646764017884
110448242.1875,-90.97361066977467
110453125.0,-91.0982433593262
110458007.8125,-91.10646220296462
110462890.625,-90.92873593771259
110467773.4375,-90.98033049463112
110472656.25,-91.02069640984053
110477539.0625,-90.9899130676747
110482421.875,-91.01403814951243
110487304.6875,-91.11358875090724
110492187.5,-91.08212874176155
110497070.3125,-91.03195155651531
110501953.125,-91.13438721314142
110506835.9375,-91.08214653242851
110511718.75,-91.02657298383923
110516601.5625,-91.11124623795212
110521484.375,-91.05602395692898
110526367.1875,-91.10957321453878
110531250.0,-91.18738500697776
110536132.8125,-91.15525786891422
110541015.625,-91.2239157812223
110545898.4375,-91.15234825650359
110550781.25,-91.24264510989266
110555664.0625,-91.12685383995367
110560546.875,-91.10170975691628
110565429.6875,-91.09590857795578
110570312.5,-91.14819031482324
110575195.3125,-91.11362683152572
110580078.125,-91.19532384151873
110584960.9375,-91.18007269300577
110589843.75,-91.12634767391344
110594726.5625,-91.10908849140208
110599609.375,-91.2724583600747
110604492.1875,-91.08893670098814
110609375.0,-91.17088124183627
110614257.8125,-91.33438171853842
110619140.625,-91.10561969553771
110624023.4375,-91.22315589605921
110628906.25,-91.31939477918334
110633789.0625,-91.07557785598323
110638671.875,-91.20497875713122
110643554.6875,-91.17080480609306
110648437.5,-91.20910960332554
110653320.3125,-91.24231199476748
110658203.125,-91.21553685850489
110663085.9375,-91.12388837988905
110667968.75,-91.23466966140677
110672851.5625,-91.15321563143428
110677734.375,-91.11322697922233
110682617.1875,-91.10903986119476
110687500.0,-91.1422578494601
110692382.8125,-91.19840473537585
110697265.625,-91.23732994057247
110702148.4375,-91.17520804416202
110707031.25,-91.22903496431502
110711914.0625,-91.21131952699872
110716796.875,-91.18185117419432
110721679.6875,-91.14644418881721
110726562.5,-91.1441659397926
110731445.3125,-91.18247165456529
110736328.125,-91.21122017090374
110741210.9375,-91.25270244423251
110746093.75,-91.18533521941646
110750976.5625,-91.1369131006428
110755859.375,-91.21151979459586
110760742.1875,-91.23725717534313
110765625.0,-91.20795029483307
110770507.8125,-91.19342626304143
110775390.625,-91.17860280541817
110780273.4375,-91.16607619829531
110785156.25,-91.20949925673392
110790039.0625,-91.13626588062107
110794921.875,-91.0926184684514
110799804.6875,-91.19471591273785
110804687.5,-91.23714644485855
110809570.3125,-91.26095098759515
110814453.125,-91.09399099219505
110819335.9375,-91.17716632292627
110824218.75,-91.16816300503942
110829101.5625,-91.08123625943034
110833984.375,-91.05372749578206
110838867.1875,-91.18951145208129
110843750.0,-91.20656333107766
110848632.8125,-91.17319170041947
110853515.625,-91.08501849012711
110858398.4375,-91.13505662490286
110863281.25,-91.10112380921572
110868164.0625,-91.121032201903
110873046.875,-91.14808348928509
110877929.6875,-91.01947380431486
110882812.5,-91.07474086054322
110887695.3125,-90.95948370248448
110892578.125,-90.99139742180944
110897460.9375,-91.18458171565112
110902343.75,-91.03824331259739
110907226.5625,-91.18747544007073
110912109.375,-91.07465936362092
110916992.1875,-91.04523370431855
110921875.0,-90.9780106794862
110926757.8125,-91.13615181506947
110931640.625,-91.12179799020217
110936523.4375,-91.09842076949661
110941406.25,-91.1226291346394
110946289.0625,-90.90402426963345
110951171.875,-91.04897215839208
110956054.6875,-90.95907734080134
110960937.5,-90.99287785411863
110965820.3125,-91.08318929546616
110970703.125,-91.03823947542156
110975585.9375,-90.95858656700136
110980468.75,-91.0455449171011
110985351.5625,-90.91914637710198
110990234.375,-91.0564534831638
110995117.1875,-90.98325046199756
