Frecuencia_Hz,PSD_dBm
91500000.0,-91.05930210161128
91504882.8125,-90.84837883434804
91509765.625,-90.82982600166491
91514648.4375,-90.91972747056064
91519531.25,-90.92456078409472
91524414.0625,-90.994100300843
91529296.875,-91.01374073026057
91534179.6875,-91.01318177680054
91539062.5,-91.19231012594747
91543945.3125,-91.06235309929883
91548828.125,-91.07409618535388
91553710.9375,-91.06651058842641
91558593.75,-91.03140854615697
91563476.5625,-91.01639324546159
91568359.375,-91.0459166748089
91573242.1875,-90.9835586678976
91578125.0,-91.11170727178262
91583007.8125,-91.0503540978157
91587890.625,-91.0280928307983
91592773.4375,-90.95858905394908
91597656.25,-90.86279330563022
91602539.0625,-90.85229052252137
91607421.875,-90.67223519547736
91612304.6875,-90.17112588519882
91617187.5,-90.02487514224009
91622070.3125,-89.74120595252137
91626953.125,-89.37509599357776
91631835.9375,-89.06283406077256
91636718.75,-88.63432952182484
91641601.5625,-88.58381472323379
91646484.375,-88.85285688072321
91651367.1875,-88.83128203982847
91656250.0,-88.512000872799
91661132.8125,-88.61207227318022
91666015.625,-88.97828476631545
91670898.4375,-89.47420130931587
91675781.25,-89.2093132506466
91680664.0625,-88.12521846910386
91685546.875,-86.87586238838117
91690429.6875,-86.27953854550836
91695312.5,-85.99848862563599
91700195.3125,-85.6195909452592
91705078.125,-85.3652947513948
91709960.9375,-85.41697726158975
91714843.75,-86.26845600836194
91719726.5625,-87.31838054928667
91724609.375,-88.99745921368535
91729492.1875,-90.35644861256603
91734375.0,-90.61968508510796
91739257.8125,-90.60333903853362
91744140.625,-90.50473486375347
91749023.4375,-90.68508991740879
91753906.25,-90.53971804127687
91758789.0625,-90.41659461414488
91763671.875,-90.16945009943854
91768554.6875,-90.16743798990109
91773437.5,-90.25441112089143
91778320.3125,-90.7008959939792
91783203.125,-90.75331999689044
91788085.9375,-90.91723532096435
91792968.75,-90.78963815317832
91797851.5625,-91.10630271959712
91802734.375,-91.03780473754304
91807617.1875,-90.99269894045668
91812500.0,-90.86249172667306
91817382.8125,-90.9927429461188
91822265.625,-91.02227956273902
91827148.4375,-90.95169727527724
91832031.25,-90.885439951112
91836914.0625,-90.99718660158379
91841796.875,-90.99910801958322
91846679.6875,-90.99708983714129
91851562.5,-90.98165807934129
91856445.3125,-90.977022966954
91861328.125,-90.90945521303973
91866210.9375,-90.97611590905223
91871093.75,-91.10227000217162
91875976.5625,-91.10287625068901
91880859.375,-91.02903552111673
91885742.1875,-91.00164410958382
91890625.0,-90.87599129181177
91895507.8125,-90.9462805186096
91900390.625,-90.96863762301439
91905273.4375,-91.02866239567749
91910156.25,-91.11567835751248
91915039.0625,-91.00061469118322
91919921.875,-90.9551320210937
91924804.6875,-90.95913003179118
91929687.5,-90.94098786886724
91934570.3125,-90.93199478149845
91939453.125,-91.01580332855394
91944335.9375,-91.00111951017394
91949218.75,-91.10913389767961
91954101.5625,-91.04738047919273
91958984.375,-91.05784627189044
91963867.1875,-90.99298444599538
91968750.0,-91.10463240923951
91973632.8125,-91.07394273770672
91978515.625,-90.93537801454067
91983398.4375,-91.00446741245702
91988281.25,-91.17444842002018
91993164.0625,-91.07051212290582
91998046.875,-91.0280456182426
92002929.6875,-91.01526004815159
92007812.5,-90.98401643396079
92012695.3125,-91.1593417314069
92017578.125,-91.21664686596804
92022460.9375,-91.11412272584673
92027343.75,-91.0808105876412
92032226.5625,-91.13039297440685
92037109.375,-91.1112508680157
92041992.1875,-91.12009020624942
92046875.0,-91.08822608101582
92051757.8125,-90.99402207671187
92056640.625,-91.14408731763243
92061523.4375,-91.09275236368481
92066406.25,-91.09135761024322
92071289.0625,-91.15059840848443
92076171.875,-91.09389506354296
92081054.6875,-91.06163647323959
92085937.5,-91.01678921615445
92090820.3125,-91.11365996931917
92095703.125,-91.26191573237608
92100585.9375,-90.68740551466922
92105468.75,-91.13571985319976
92110351.5625,-91.07244561631066
92115234.375,-91.08279147156617
92120117.1875,-91.11594970949784
92125000.0,-90.96274529299433
92129882.8125,-91.15077389891698
92134765.625,-91.07789884843672
92139648.4375,-91.07932625098127
92144531.25,-91.12150205527999
92149414.0625,-91.06691876987523
92154296.875,-91.02511094375379
92159179.6875,-90.99857499021218
92164062.5,-91.07472449318345
92168945.3125,-91.09177565276391
92173828.125,-91.02972988283608
92178710.9375,-91.00299015892969
92183593.75,-91.1605824788665
92188476.5625,-91.16325319752232
92193359.375,-91.14849276544857
92198242.1875,-91.10893838433924
92203125.0,-91.00908314860445
92208007.8125,-90.94955744036082
92212890.625,-91.06078301098637
92217773.4375,-90.93127760827878
92222656.25,-90.9740208606988
92227539.0625,-91.00045113967013
92232421.875,-91.01968246040943
92237304.6875,-90.99428320821642
92242187.5,-90.91185576193672
92247070.3125,-90.53976939037528
92251953.125,-90.33702035109428
92256835.9375,-90.63563123829402
92261718.75,-90.59668423151388
92266601.5625,-90.49478768473841
92271484.375,-90.54415973302613
92276367.1875,-90.38184590125152
92281250.0,-90.10415224396024
92286132.8125,-90.23019596791596
92291015.625,-90.01837305221818
92295898.4375,-89.94320947755932
92300781.25,-89.87693430027963
92305664.0625,-89.91207023541565
92310546.875,-90.0946462854242
92315429.6875,-90.20966341497623
92320312.5,-90.30453390259655
92325195.3125,-90.47883595921164
92330078.125,-90.56496454592556
92334960.9375,-90.70867795584826
92339843.75,-90.70846230081523
92344726.5625,-90.6674416286179
92349609.375,-90.79714186870427
92354492.1875,-90.78359358126801
92359375.0,-90.81242295876623
92364257.8125,-90.8925731472186
92369140.625,-90.95016359335733
92374023.4375,-90.78653631178122
92378906.25,-90.83429495190691
92383789.0625,-90.90578362692091
92388671.875,-90.93522439131638
92393554.6875,-90.92100515733495
92398437.5,-90.97058925254362
92403320.3125,-91.01217824542971
92408203.125,-90.97561097287735
92413085.9375,-90.9374666680736
92417968.75,-90.95696581140851
92422851.5625,-91.02976319341093
92427734.375,-91.09465431459685
92432617.1875,-90.98035673387767
92437500.0,-91.04866311214752
92442382.8125,-91.08796382529255
92447265.625,-90.96601964829813
92452148.4375,-91.05654904066319
92457031.25,-90.93990285029011
92461914.0625,-91.10479359127959
92466796.875,-90.95567021673
92471679.6875,-91.08518506322173
92476562.5,-91.05275309272827
92481445.3125,-91.04778376733509
92486328.125,-91.15683491805893
92491210.9375,-91.0785428265979
92496093.75,-91.02237381303806
92500976.5625,-91.04764528485128
92505859.375,-91.09773039532652
92510742.1875,-91.162519064386
92515625.0,-91.12615830294027
92520507.8125,-90.97955704286994
92525390.625,-91.00017188360235
92530273.4375,-91.04580449736736
92535156.25,-90.96900249029648
92540039.0625,-91.01950487796222
92544921.875,-91.17713172607759
92549804.6875,-91.00765058975583
92554687.5,-91.1499866340462
92559570.3125,-91.02322718383292
92564453.125,-91.13716841022313
92569335.9375,-91.03978647237071
92574218.75,-90.92562057139469
92579101.5625,-90.97874903533176
92583984.375,-91.0227626370492
92588867.1875,-90.91887528179558
92593750.0,-91.00523782527691
92598632.8125,-90.84275640627385
92603515.625,-91.07098594506962
92608398.4375,-90.96198187469025
92613281.25,-91.09876474068164
92618164.0625,-90.99366383580357
92623046.875,-91.07186664639048
92627929.6875,-90.93975916808884
92632812.5,-90.88375983741494
92637695.3125,-90.74354383392844
92642578.125,-90.86771224953537
92647460.9375,-91.02503720388944
92652343.75,-90.90700843740595
92657226.5625,-90.86269810754973
92662109.375,-90.8428685784192
92666992.1875,-90.8119622608618
92671875.0,-90.7564858834578
92676757.8125,-90.6614620721046
92681640.625,-90.49725781535773
92686523.4375,-90.28305566681635
92691406.25,-90.21827105838432
92696289.0625,-90.30803875124158
92701171.875,-90.09290055679179
92706054.6875,-90.42528515589981
92710937.5,-90.39313439307062
92715820.3125,-90.56264958930814
92720703.125,-90.65671749191893
92725585.9375,-90.70824003587634
92730468.75,-90.66267683217751
92735351.5625,-90.60218350423199
92740234.375,-90.71238123205188
92745117.1875,-90.76201272878191
92750000.0,-90.75870369263257
92754882.8125,-90.69815638943734
92759765.625,-90.65383430577822
92764648.4375,-90.78411039090048
92769531.25,-90.92618736079964
92774414.0625,-90.85613637401553
92779296.875,-90.95631439275795
92784179.6875,-90.94433353725779
92789062.5,-90.98825321306495
92793945.3125,-90.96666971000434
92798828.125,-91.11584922137175
92803710.9375,-91.02139119759352
92808593.75,-90.9643282639633
92813476.5625,-91.00107791087905
92818359.375,-91.03857644860423
92823242.1875,-90.95291450805664
92828125.0,-90.92796300682775
92833007.8125,-90.96896483661044
92837890.625,-90.98955293344542
92842773.4375,-91.08073227758254
92847656.25,-90.93786637278794
92852539.0625,-91.08511728445472
92857421.875,-91.07609699059222
92862304.6875,-91.01142230762059
92867187.5,-91.10358436545116
92872070.3125,-91.02626338453436
92876953.125,-91.00877440294715
92881835.9375,-91.07992707813798
92886718.75,-90.95096440478261
92891601.5625,-90.97122862425192
92896484.375,-91.06908008448951
92901367.1875,-90.9904282559122
92906250.0,-91.06245572951022
92911132.8125,-91.00664999972014
92916015.625,-91.0559664126117
92920898.4375,-91.04768686936092
92925781.25,-90.99217283829677
92930664.0625,-91.13228727781046
92935546.875,-91.10980444814169
92940429.6875,-91.0465702812385
92945312.5,-90.94705136856615
92950195.3125,-91.07455550742438
92955078.125,-91.05847790422388
92959960.9375,-91.15466613173749
92964843.75,-91.02558179861282
92969726.5625,-90.87533772818523
92974609.375,-90.91430751325942
92979492.1875,-90.99528134463253
92984375.0,-90.99301384306523
92989257.8125,-90.985378687641
92994140.625,-91.02625353471768
92999023.4375,-90.93405160512694
93003906.25,-90.95494755584889
93008789.0625,-91.05392521326704
93013671.875,-90.96300040128978
93018554.6875,-90.92900247560311
93023437.5,-90.9138201768317
93028320.3125,-90.9518853497307
93033203.125,-90.97804906796117
93038085.9375,-90.95844531821979
93042968.75,-90.95475337206071
93047851.5625,-91.00216277200877
93052734.375,-90.90075453774483
93057617.1875,-90.98657609880166
93062500.0,-90.9700527826337
93067382.8125,-91.05327712060287
93072265.625,-91.04442535287293
93077148.4375,-90.91408113239905
93082031.25,-90.84069901384015
93086914.0625,-90.89887999462479
93091796.875,-90.85399278231955
93096679.6875,-90.97635186405714
93101562.5,-90.90528196899695
93106445.3125,-90.95140219215068
93111328.125,-90.82941207544985
93116210.9375,-90.92522352882068
93121093.75,-90.95836761707233
93125976.5625,-91.02705877244111
93130859.375,-90.95933552842254
93135742.1875,-91.06107658349433
93140625.0,-90.93313670236293
93145507.8125,-91.01991705325327
93150390.625,-91.07991406628707
93155273.4375,-90.90496617725725
93160156.25,-90.87413100926202
93165039.0625,-90.90124067780533
93169921.875,-91.05229974744734
93174804.6875,-90.96550810457734
93179687.5,-90.91974453543938
93184570.3125,-90.94136373914915
93189453.125,-90.90606078115201
93194335.9375,-91.0132108144287
93199218.75,-90.90482820878603
93204101.5625,-90.91866427738265
93208984.375,-90.91432082925368
93213867.1875,-91.1165988656058
93218750.0,-91.01413896652218
93223632.8125,-91.16506410719754
93228515.625,-90.99646393254258
93233398.4375,-91.02616956840538
93238281.25,-90.9299170725713
93243164.0625,-90.98537077047823
93248046.875,-91.01456689736983
93252929.6875,-91.11359638993395
93257812.5,-91.09936935040383
93262695.3125,-91.06444308489586
93267578.125,-91.0448268342154
93272460.9375,-91.03432190663949
93277343.75,-91.05101924038289
93282226.5625,-91.07989102626482
93287109.375,-91.08283166734688
93291992.1875,-91.04946833437438
93296875.0,-90.9777846686828
93301757.8125,-90.99507048507874
93306640.625,-90.85426891511165
93311523.4375,-91.04213204703603
93316406.25,-91.04208231713412
93321289.0625,-90.96624809551236
93326171.875,-90.96335695339815
93331054.6875,-91.06311435253076
93335937.5,-90.98087007279204
93340820.3125,-91.0495040264795
93345703.125,-90.93777545609964
93350585.9375,-90.98084074511334
93355468.75,-90.99983352310952
93360351.5625,-90.9857072802001
93365234.375,-90.9821736227467
93370117.1875,-90.99442482259482
93375000.0,-90.91600265341964
93379882.8125,-90.98974663531021
93384765.625,-90.89754341454108
93389648.4375,-90.9444056664619
93394531.25,-90.9636558126675
93399414.0625,-90.78306579706899
93404296.875,-90.95717889747317
93409179.6875,-90.91458763974612
93414062.5,-90.99929028306224
93418945.3125,-91.03311283404142
93423828.125,-90.83947835853627
93428710.9375,-90.89041711268422
93433593.75,-90.73197382290732
93438476.5625,-90.87675291184948
93443359.375,-90.9418477037892
93448242.1875,-90.96655066101954
93453125.0,-90.80590337421557
93458007.8125,-90.93684620835063
93462890.625,-90.93413390019526
93467773.4375,-90.96395217771027
93472656.25,-90.85822890171772
93477539.0625,-90.89473675747303
93482421.875,-90.84027865202162
93487304.6875,-90.81729939899452
93492187.5,-90.8275007273642
93497070.3125,-90.91461342775102
93501953.125,-90.71756756271861
93506835.9375,-90.90397712414637
93511718.75,-90.89362823605714
93516601.5625,-90.81217670252408
93521484.375,-90.88240329112989
93526367.1875,-90.88333985574278
93531250.0,-90.8581110792239
93536132.8125,-90.81251786306575
93541015.625,-90.7637666313222
93545898.4375,-91.00557534709137
93550781.25,-90.89356600048987
93555664.0625,-90.88398571006061
93560546.875,-90.88637001191285
93565429.6875,-90.8828367040991
93570312.5,-90.81946492056974
93575195.3125,-90.9326641769031
93580078.125,-90.99791554772733
93584960.9375,-90.86036969448392
93589843.75,-90.8638462877297
93594726.5625,-91.03324754978138
93599609.375,-90.91667706849066
93604492.1875,-90.9487735411972
93609375.0,-90.82495023092704
93614257.8125,-90.94992442364111
93619140.625,-91.07086563861779
93624023.4375,-90.88170809140672
93628906.25,-91.00695565872303
93633789.0625,-90.86343989074709
93638671.875,-90.95172861698768
93643554.6875,-91.00442008909579
93648437.5,-90.93387640939619
93653320.3125,-91.0299300395119
93658203.125,-91.10627331664833
93663085.9375,-91.0121538052561
93667968.75,-91.0374044459974
93672851.5625,-90.9576641905837
93677734.375,-91.02345859463617
93682617.1875,-91.0434772581545
93687500.0,-90.92533032823843
93692382.8125,-90.98220140327078
93697265.625,-90.98490310304322
93702148.4375,-91.02066998724274
93707031.25,-91.07604206498848
93711914.0625,-91.08497195376404
93716796.875,-90.93658506690642
93721679.6875,-91.14654235335183
93726562.5,-90.95287516584929
93731445.3125,-90.963086759737
93736328.125,-91.02577656370161
93741210.9375,-91.02388190670834
93746093.75,-91.01129492492859
93750976.5625,-90.91710680000818
93755859.375,-91.00770463744482
93760742.1875,-91.13409878955704
93765625.0,-91.0791452567419
93770507.8125,-91.10866757013594
93775390.625,-90.98160837085109
93780273.4375,-90.93542657169186
93785156.25,-91.00672202328781
93790039.0625,-90.92994239094298
93794921.875,-90.89997978805653
93799804.6875,-90.94834997963827
93804687.5,-90.99689049741298
93809570.3125,-90.96750522704085
93814453.125,-91.0933222521218
93819335.9375,-91.07606291395291
93824218.75,-90.88099600093224
93829101.5625,-91.03610849346549
93833984.375,-90.83463753791804
93838867.1875,-90.84115083820501
93843750.0,-90.86898826588924
93848632.8125,-91.02933471423609
93853515.625,-90.95094828685743
93858398.4375,-90.92929169971512
93863281.25,-90.93466225502587
93868164.0625,-90.97751123389048
93873046.875,-90.81625861228733
93877929.6875,-90.76761731081945
93882812.5,-90.90520502591244
93887695.3125,-90.90530214282148
93892578.125,-90.81009902174407
93897460.9375,-90.8609286663982
93902343.75,-90.84416228163218
93907226.5625,-90.81155490325861
93912109.375,-90.93279824481539
93916992.1875,-90.88113375616524
93921875.0,-90.86491739911742
93926757.8125,-90.794959987915
93931640.625,-90.95131474523563
93936523.4375,-90.89009805047621
93941406.25,-90.7877536925842
93946289.0625,-90.78957845567766
93951171.875,-90.8055724495909
93956054.6875,-90.87548148452814
93960937.5,-90.92808194159741
93965820.3125,-90.97993671754199
93970703.125,-90.94391529558055
93975585.9375,-90.85367745796137
93980468.75,-90.86138198402602
93985351.5625,-90.95797947046375
93990234.375,-90.87454475450366
93995117.1875,-90.90023880634212
94000000.0,-90.91134568196901
94004882.8125,-90.87522366318214
94009765.625,-90.85430701323725
94014648.4375,-90.94807240687416
94019531.25,-90.96642818367621
94024414.0625,-90.98404569067259
94029296.875,-90.82904210823932
94034179.6875,-90.83202945028998
94039062.5,-90.9666488892014
94043945.3125,-91.01005241035469
94048828.125,-90.853885576799
94053710.9375,-91.04113236668599
94058593.75,-90.97251439045405
94063476.5625,-90.9088430485887
94068359.375,-91.05632157151632
94073242.1875,-90.82863089594161
94078125.0,-91.01953879059542
94083007.8125,-90.87598059217629
94087890.625,-90.8810231223155
94092773.4375,-90.96757749147991
94097656.25,-90.89895874256638
94102539.0625,-90.94869122897884
94107421.875,-90.86841979155591
94112304.6875,-91.03488620928226
94117187.5,-90.89465604897896
94122070.3125,-90.9183142359887
94126953.125,-90.92509002482217
94131835.9375,-91.05767676961653
94136718.75,-90.97323047155913
94141601.5625,-90.89304805634069
94146484.375,-90.91186838344194
94151367.1875,-90.86933722334595
94156250.0,-90.9335834122777
94161132.8125,-91.04024572843258
94166015.625,-90.91435102988461
94170898.4375,-90.9703020621244
94175781.25,-90.983644612462
94180664.0625,-90.81406633034828
94185546.875,-90.93018059484757
94190429.6875,-90.96481729150449
94195312.5,-90.98527246029246
94200195.3125,-90.83777434190964
94205078.125,-91.04897077609294
94209960.9375,-90.97065895232828
94214843.75,-90.83501367802506
94219726.5625,-90.99393995804263
94224609.375,-90.99744783169987
94229492.1875,-90.94744722828773
94234375.0,-90.95327284699141
94239257.8125,-90.94760801432781
94244140.625,-90.92179654988382
94249023.4375,-90.99400779024228
94253906.25,-90.92557334463447
94258789.0625,-90.88277829286443
94263671.875,-90.7806430051316
94268554.6875,-90.95987858106159
94273437.5,-90.97271101478864
94278320.3125,-90.99511866374215
94283203.125,-90.96781189131144
94288085.9375,-90.922737858571
94292968.75,-90.78764740221149
94297851.5625,-91.02006278895078
94302734.375,-90.9355610712291
94307617.1875,-91.00275872631246
94312500.0,-90.98354304054078
94317382.8125,-90.97978398393619
94322265.625,-91.02981916506769
94327148.4375,-90.86155512466323
94332031.25,-90.8306586869544
94336914.0625,-90.93694678846629
94341796.875,-90.85156748495172
94346679.6875,-90.8063894379963
94351562.5,-90.91067834820274
94356445.3125,-90.97671426106581
94361328.125,-90.83636147036009
94366210.9375,-90.85692126709867
94371093.75,-90.90491005918065
94375976.5625,-90.8407791153059
94380859.375,-90.89224196091928
94385742.1875,-90.93304838357773
94390625.0,-90.8873183385765
94395507.8125,-90.90945338838918
94400390.625,-90.93541720258375
94405273.4375,-91.00587818677425
94410156.25,-90.91747956680098
94415039.0625,-90.9678762390316
94419921.875,-90.95650732991442
94424804.6875,-90.87437355283552
94429687.5,-90.92640681404313
94434570.3125,-91.00094211643659
94439453.125,-90.8849724422756
94444335.9375,-90.94674575003313
94449218.75,-90.89425086491491
94454101.5625,-90.92037628678656
94458984.375,-90.85959695965147
94463867.1875,-90.90003081486503
94468750.0,-90.97840786583569
94473632.8125,-91.01239212178729
94478515.625,-90.89378518803923
94483398.4375,-90.94691664094802
94488281.25,-90.94468295343759
94493164.0625,-90.89522778856039
94498046.875,-90.82063893356525
94502929.6875,-90.85725357241029
94507812.5,-90.93293060905432
94512695.3125,-90.86271297895044
94517578.125,-90.8333769722451
94522460.9375,-90.8982812662916
94527343.75,-90.91733509931493
94532226.5625,-90.95267535992696
94537109.375,-90.94423954042895
94541992.1875,-90.8343987415845
94546875.0,-90.87823569759979
94551757.8125,-90.94247398919669
94556640.625,-91.02947291112199
94561523.4375,-90.8797098255971
94566406.25,-90.85856409610486
94571289.0625,-90.8606206918623
94576171.875,-90.92043127538963
94581054.6875,-90.93229694423147
94585937.5,-90.96774857950575
94590820.3125,-90.83354639418269
94595703.125,-90.85532258524782
94600585.9375,-90.85018514772327
94605468.75,-90.88180781539126
94610351.5625,-90.85169691363328
94615234.375,-90.83883708702555
94620117.1875,-90.80930565160341
94625000.0,-90.82080008541956
94629882.8125,-90.80944248874798
94634765.625,-90.79027857304902
94639648.4375,-90.77830753654416
94644531.25,-90.8325671972305
94649414.0625,-90.82185627489912
94654296.875,-90.79596790849493
94659179.6875,-90.81320128859556
94664062.5,-90.78403425913149
94668945.3125,-90.74415725847456
94673828.125,-90.77637937823664
94678710.9375,-90.67330560725307
94683593.75,-90.78968987717454
94688476.5625,-90.79137576031042
94693359.375,-90.88294309571177
94698242.1875,-90.93412632143648
94703125.0,-90.8040976088489
94708007.8125,-90.96802453090925
94712890.625,-90.84662273285332
94717773.4375,-90.91918702902791
94722656.25,-90.80783508962284
94727539.0625,-90.84677629479486
94732421.875,-90.88848152516289
94737304.6875,-90.83445283646842
94742187.5,-90.85113037185084
94747070.3125,-90.7958665471057
94751953.125,-90.95053894932269
94756835.9375,-90.95772327358364
94761718.75,-90.91464649029339
94766601.5625,-90.92006838040658
94771484.375,-90.84745381523948
94776367.1875,-91.00781752091888
94781250.0,-90.8414253279864
94786132.8125,-90.90510535976054
94791015.625,-90.90785937089998
94795898.4375,-90.9756679283833
94800781.25,-90.9177454150711
94805664.0625,-90.85498585496137
94810546.875,-90.90936957095812
94815429.6875,-90.89439505774214
94820312.5,-90.99047530445154
94825195.3125,-90.86118272704141
94830078.125,-91.01591245279445
94834960.9375,-90.94012260925237
94839843.75,-91.01570093043026
94844726.5625,-90.9141100586007
94849609.375,-91.00622172106063
94854492.1875,-90.94114118046062
94859375.0,-90.93071976232906
94864257.8125,-91.0095730077133
94869140.625,-90.97726007463615
94874023.4375,-90.9077293452716
94878906.25,-90.94582814745439
94883789.0625,-91.10089282250223
94888671.875,-90.88010474580045
94893554.6875,-90.94698813412299
94898437.5,-90.90376436623745
94903320.3125,-90.8508774868497
94908203.125,-91.02129253868907
94913085.9375,-90.94343691772369
94917968.75,-91.06245722961003
94922851.5625,-91.02429753971276
94927734.375,-90.84623942168201
94932617.1875,-90.93288445361213
94937500.0,-90.96607233700104
94942382.8125,-90.91954510909949
94947265.625,-91.04927659644548
94952148.4375,-90.88829641675008
94957031.25,-90.93489734163734
94961914.0625,-90.81180265853754
94966796.875,-90.94471505579418
94971679.6875,-91.0564628838087
94976562.5,-90.87202929247255
94981445.3125,-90.9085591465199
94986328.125,-90.83810827492255
94991210.9375,-90.90699930175057
94996093.75,-90.82276427129247
95000976.5625,-90.89992094064914
95005859.375,-90.88565928802007
95010742.1875,-90.77791704520138
95015625.0,-90.83660766909279
95020507.8125,-90.78824069607359
95025390.625,-90.68861569897419
95030273.4375,-90.68999433030004
95035156.25,-90.72495123543914
95040039.0625,-90.40764922027651
95044921.875,-90.00507026559382
95049804.6875,-89.22496064726917
95054687.5,-88.41299020857727
95059570.3125,-87.76595159156247
95064453.125,-86.53448954903365
95069335.9375,-85.93701884835681
95074218.75,-85.25429838164288
95079101.5625,-84.72256380994321
95083984.375,-84.77301240609009
95088867.1875,-84.29816511716129
95093750.0,-83.49117588613649
95098632.8125,-83.52679517808909
95103515.625,-83.70278808784252
95108398.4375,-84.40536843759534
95113281.25,-84.56908029178817
95118164.0625,-84.55820169067556
95123046.875,-83.9434554127769
95127929.6875,-82.87299967091462
95132812.5,-82.7799467503232
95137695.3125,-82.92161377700901
95142578.125,-83.29023465142473
95147460.9375,-83.79721980990729
95152343.75,-84.5991880470645
95157226.5625,-85.41054438938693
95162109.375,-86.56525357569407
95166992.1875,-87.66327276250979
95171875.0,-89.18667712615007
95176757.8125,-90.10914383327619
95181640.625,-90.40140777701475
95186523.4375,-90.61895598247514
95191406.25,-90.73068381595434
95196289.0625,-90.76829395370379
95201171.875,-90.72372792195185
95206054.6875,-90.76508115674687
95210937.5,-90.79296814104262
95215820.3125,-90.89376662155553
95220703.125,-90.81831975774176
95225585.9375,-91.01835421279753
95230468.75,-90.93041534079339
95235351.5625,-90.90735181707231
95240234.375,-90.7852776946564
95245117.1875,-90.90083541152362
95250000.0,-90.93730426084679
95254882.8125,-90.89544569044645
95259765.625,-90.90155972428991
95264648.4375,-90.8537896222953
95269531.25,-90.90923184264395
95274414.0625,-90.94334613660146
95279296.875,-90.92301016750616
95284179.6875,-90.94461187425327
95289062.5,-90.87630128923723
95293945.3125,-90.94810459030757
95298828.125,-90.88878942458916
95303710.9375,-90.77009915755667
95308593.75,-90.93522301374327
95313476.5625,-90.92342211628221
95318359.375,-90.99796677295902
95323242.1875,-90.85711698942842
95328125.0,-90.85680508221682
95333007.8125,-90.89304565463326
95337890.625,-90.98960959263485
95342773.4375,-90.96328235851502
95347656.25,-90.91788374390401
95352539.0625,-90.8372093746865
95357421.875,-90.85427164793126
95362304.6875,-90.8950990735363
95367187.5,-90.80802426856835
95372070.3125,-90.87326267417691
95376953.125,-91.02278443333199
95381835.9375,-90.8741952797991
95386718.75,-90.8878376144992
95391601.5625,-90.7944051837089
95396484.375,-90.91307876625575
95401367.1875,-90.92303179469593
95406250.0,-90.80948316558857
95411132.8125,-90.926405818642
95416015.625,-90.7118188101274
95420898.4375,-90.64137291675192
95425781.25,-90.52866036240408
95430664.0625,-90.38441493770588
95435546.875,-90.63508500172472
95440429.6875,-90.70433754213158
95445312.5,-90.76038137909097
95450195.3125,-90.78267712786129
95455078.125,-90.90571408342831
95459960.9375,-90.76188999272625
95464843.75,-90.75377653363361
95469726.5625,-90.77535154090464
95474609.375,-90.74628996655582
95479492.1875,-90.82026325887259
95484375.0,-90.79066157552296
95489257.8125,-90.74931753413233
95494140.625,-90.75475240122586
95499023.4375,-90.83117145673125
95503906.25,-90.79801619355362
95508789.0625,-90.77569766046972
95513671.875,-90.63675394699214
95518554.6875,-90.78530608827731
95523437.5,-90.6588401402384
95528320.3125,-90.63650023167435
95533203.125,-90.65490930145438
95538085.9375,-90.57627257463258
95542968.75,-90.73579275801947
95547851.5625,-90.62012926049371
95552734.375,-90.56965502359404
95557617.1875,-90.48029692803013
95562500.0,-90.40630877236504
95567382.8125,-90.41931569895468
95572265.625,-90.31756408505242
95577148.4375,-90.25868202402887
95582031.25,-90.16209989252664
95586914.0625,-89.83049015270257
95591796.875,-89.77673356511602
95596679.6875,-89.2718881424874
95601562.5,-88.99749813357161
95606445.3125,-88.14002614404967
95611328.125,-87.10235067595798
95616210.9375,-85.79510503270691
95621093.75,-83.9789429248392
95625976.5625,-82.03332021445127
95630859.375,-78.84056199578211
95635742.1875,-76.83975576292849
95640625.0,-75.17869344732989
95645507.8125,-73.9816341159723
95650390.625,-73.93664660081308
95655273.4375,-73.08305370463259
95660156.25,-72.26352741114232
95665039.0625,-70.82907321193892
95669921.875,-69.6040720502823
95674804.6875,-69.07705101823416
95679687.5,-69.26335388383285
95684570.3125,-69.5280151826995
95689453.125,-69.00250655138086
95694335.9375,-67.96451272725398
95699218.75,-67.08351080296399
95704101.5625,-67.02910685282825
95708984.375,-67.23419908344681
95713867.1875,-67.8819404541812
95718750.0,-68.54180836177443
95723632.8125,-69.0801533391436
95728515.625,-69.74323652287521
95733398.4375,-70.73330742031217
95738281.25,-71.84123912325097
95743164.0625,-72.7717998510939
95748046.875,-74.00888070213884
95752929.6875,-74.887457982895
95757812.5,-75.97475756608054
95762695.3125,-76.98776552966984
95767578.125,-78.35334475632027
95772460.9375,-80.5823033849127
95777343.75,-83.47533030117131
95782226.5625,-84.63274213038471
95787109.375,-85.80932439678267
95791992.1875,-86.99630282684427
95796875.0,-88.11549257180923
95801757.8125,-88.66629814609101
95806640.625,-89.32035429403788
95811523.4375,-89.5549606785446
95816406.25,-89.8762682677445
95821289.0625,-90.15794864983968
95826171.875,-90.34242896700158
95831054.6875,-90.53539840571744
95835937.5,-90.43416506084444
95840820.3125,-90.68806997277659
95845703.125,-90.68261426058075
95850585.9375,-90.65303504574624
95855468.75,-90.73306968945937
95860351.5625,-90.64288773435288
95865234.375,-90.67749755150555
95870117.1875,-90.80426914688442
95875000.0,-90.66427094525054
95879882.8125,-90.65714026026373
95884765.625,-90.79015817464736
95889648.4375,-90.68321022100463
95894531.25,-90.83294901189188
95899414.0625,-90.70167804423687
95904296.875,-90.80460238758016
95909179.6875,-90.78143859169703
95914062.5,-90.7812945447294
95918945.3125,-90.72406302153976
95923828.125,-90.70783849061013
95928710.9375,-90.83272178369197
95933593.75,-90.76832673473322
95938476.5625,-90.8669312792716
95943359.375,-90.79974001292572
95948242.1875,-90.90544552271663
95953125.0,-90.72065694840717
95958007.8125,-90.88937733472576
95962890.625,-90.86478814479199
95967773.4375,-90.78633151826739
95972656.25,-90.88188553134918
95977539.0625,-90.92300921080428
95982421.875,-90.78922847107017
95987304.6875,-90.74947726656711
95992187.5,-90.87042320354604
95997070.3125,-90.60852139267897
96001953.125,-88.74116633830863
96006835.9375,-90.88090433935534
96011718.75,-90.89940686050087
96016601.5625,-90.93458253248608
96021484.375,-90.86262314834892
96026367.1875,-90.82208014515524
96031250.0,-90.72008473524764
96036132.8125,-90.96420759666137
96041015.625,-90.94479991163257
96045898.4375,-90.90858983625787
96050781.25,-90.89508925397749
96055664.0625,-90.84560195628842
96060546.875,-90.97188713735204
96065429.6875,-90.75037818811694
96070312.5,-90.94534642123256
96075195.3125,-90.83958696309577
96080078.125,-90.7498654684936
96084960.9375,-90.96653196109287
96089843.75,-90.89686220258065
96094726.5625,-90.87774778065605
96099609.375,-90.86023507014306
96104492.1875,-90.86627783143916
96109375.0,-90.91705221623698
96114257.8125,-90.84987955820532
96119140.625,-90.8538357765539
96124023.4375,-90.80047221246784
96128906.25,-90.94003252505436
96133789.0625,-90.95665163015258
96138671.875,-90.89011140110958
96143554.6875,-90.88124806543055
96148437.5,-90.96412265900082
96153320.3125,-90.92908165946102
96158203.125,-90.96481844357018
96163085.9375,-90.88776452942301
96167968.75,-90.92264889485813
96172851.5625,-90.79749884725825
96177734.375,-90.93888695687673
96182617.1875,-90.83237090274929
96187500.0,-90.87387775027122
96192382.8125,-90.91294656039156
96197265.625,-90.71953710508257
96202148.4375,-90.56866315790867
96207031.25,-90.32728448699254
96211914.0625,-89.71130700910297
96216796.875,-89.36284055754743
96221679.6875,-88.99835543838577
96226562.5,-88.33210106845107
96231445.3125,-88.02383943218655
96236328.125,-87.71831849272112
96241210.9375,-87.70748230544686
96246093.75,-87.58701421698794
96250976.5625,-87.15853991331704
96255859.375,-86.01427101380207
96260742.1875,-84.34656526571624
96265625.0,-82.82801331409786
96270507.8125,-81.29714035772818
96275390.625,-79.53235541466884
96280273.4375,-77.66120545682472
96285156.25,-75.88602064366066
96290039.0625,-75.18844201094049
96294921.875,-75.25939658773976
96299804.6875,-76.00669408013744
96304687.5,-77.56760537046316
96309570.3125,-78.88494651446857
96314453.125,-80.58702041348877
96319335.9375,-83.3399139386625
96324218.75,-86.78048451396504
96329101.5625,-89.60795477369274
96333984.375,-90.07154819210794
96338867.1875,-89.78526288842085
96343750.0,-90.04330527810401
96348632.8125,-90.15341107613921
96353515.625,-90.48782594013832
96358398.4375,-90.41592302053095
96363281.25,-90.55451150057277
96368164.0625,-90.44361673391663
96373046.875,-90.56105698594615
96377929.6875,-90.46267599841082
96382812.5,-90.50641640335692
96387695.3125,-90.49314655478724
96392578.125,-90.75616154106856
96397460.9375,-90.78442583603848
96402343.75,-90.88573211877392
96407226.5625,-90.85303893911325
96412109.375,-90.87758122738327
96416992.1875,-90.94576256009216
96421875.0,-90.98402281430393
96426757.8125,-90.95029256350375
96431640.625,-91.0247956609631
96436523.4375,-90.91306973027588
96441406.25,-90.96119440459591
96446289.0625,-91.05318152869671
96451171.875,-90.92573591066864
96456054.6875,-90.87032665199277
96460937.5,-90.92779596139133
96465820.3125,-90.89302822732893
96470703.125,-90.95852101444859
96475585.9375,-91.03627420109717
96480468.75,-90.92701528875114
96485351.5625,-90.87727543222354
96490234.375,-91.01979147826319
96495117.1875,-90.99121650586031
96500000.0,-91.07321651311463
96504882.8125,-90.97109753099309
96509765.625,-90.95953665990675
96514648.4375,-91.06257719471847
96519531.25,-90.85409061878622
96524414.0625,-91.03310529171455
96529296.875,-90.91589920868296
96534179.6875,-90.97124685996823
96539062.5,-91.01795138716372
96543945.3125,-90.91816341821834
96548828.125,-90.94355361257149
96553710.9375,-90.93708549333715
96558593.75,-90.88134004031164
96563476.5625,-91.01271473403258
96568359.375,-90.96059948276056
96573242.1875,-90.91956078707548
96578125.0,-90.9376910840781
96583007.8125,-90.90738979015615
96587890.625,-90.88516497874036
96592773.4375,-90.85747644258265
96597656.25,-90.98592996910514
96602539.0625,-90.87729384057636
96607421.875,-90.99480192521105
96612304.6875,-90.71129752348799
96617187.5,-90.90824184868606
96622070.3125,-90.95370630516004
96626953.125,-90.88463590560016
96631835.9375,-90.79280140184667
96636718.75,-90.74931823913596
96641601.5625,-90.84943692754015
96646484.375,-90.81732131954428
96651367.1875,-90.82245055541645
96656250.0,-90.80113626543022
96661132.8125,-90.82321914188861
96666015.625,-90.85135169232532
96670898.4375,-90.81122262730199
96675781.25,-90.85086209974105
96680664.0625,-90.95255878643343
96685546.875,-90.88217756816007
96690429.6875,-90.82877271213559
96695312.5,-90.84947736358976
96700195.3125,-90.87075075983003
96705078.125,-90.7279003284799
96709960.9375,-90.79231006874241
96714843.75,-90.77008543938493
96719726.5625,-90.96395428691179
96724609.375,-90.8417945073833
96729492.1875,-90.86882428334422
96734375.0,-90.897672650998
96739257.8125,-90.8542748225731
96744140.625,-90.80609061049933
96749023.4375,-90.78129126409104
96753906.25,-90.8968812290519
96758789.0625,-90.84615201114462
96763671.875,-90.78268792976263
96768554.6875,-90.90704031602047
96773437.5,-90.86223926798573
96778320.3125,-90.81603992209855
96783203.125,-90.77895292926323
96788085.9375,-90.84443359226529
96792968.75,-90.89050879553992
96797851.5625,-90.86143066779297
96802734.375,-90.85232758089839
96807617.1875,-90.89237012440864
96812500.0,-90.94026671629487
96817382.8125,-90.87832357833003
96822265.625,-90.84032331356548
96827148.4375,-90.95188944227087
96832031.25,-90.84236312759725
96836914.0625,-90.91132707776956
96841796.875,-90.96766347749039
96846679.6875,-90.97156870126545
96851562.5,-90.83536463446171
96856445.3125,-90.96310816274297
96861328.125,-90.94679916658876
96866210.9375,-90.95878105870798
96871093.75,-90.81313763998585
96875976.5625,-90.92003784093225
96880859.375,-90.9789329451097
96885742.1875,-90.87444656026963
96890625.0,-90.78443897186622
96895507.8125,-90.79842634357047
96900390.625,-91.02423724812456
96905273.4375,-90.85305617742767
96910156.25,-90.8183263459097
96915039.0625,-90.93129642133525
96919921.875,-90.92981797147661
96924804.6875,-90.93906643436941
96929687.5,-90.96023520417464
96934570.3125,-90.89248223761166
96939453.125,-91.0187582390746
96944335.9375,-90.9402698895089
96949218.75,-90.82741962886698
96954101.5625,-90.96007364298205
96958984.375,-90.88182447369343
96963867.1875,-90.93621630273492
96968750.0,-90.9037804543035
96973632.8125,-90.94716643348801
96978515.625,-90.87306364332272
96983398.4375,-90.93465337880784
96988281.25,-90.88395786201357
96993164.0625,-90.85919339821334
96998046.875,-90.87425782627403
97002929.6875,-90.99643692297104
97007812.5,-90.899654823378
97012695.3125,-90.92969584798428
97017578.125,-90.87273688817876
97022460.9375,-90.97196368102468
97027343.75,-90.78808898213813
97032226.5625,-90.8691528758691
97037109.375,-90.89925835217176
97041992.1875,-90.85990995284976
97046875.0,-90.90082362401702
97051757.8125,-90.81675357271305
97056640.625,-90.79683228383689
97061523.4375,-90.85711976678652
97066406.25,-90.89258635987275
97071289.0625,-90.75513950919733
97076171.875,-90.96298500356815
97081054.6875,-90.91417512550623
97085937.5,-90.83159667166129
97090820.3125,-90.78316462939736
97095703.125,-90.76978605773195
97100585.9375,-90.91140331672153
97105468.75,-90.96160443573442
97110351.5625,-90.86970489242734
97115234.375,-90.8547748386892
97120117.1875,-90.88042315778532
97125000.0,-90.94936157863901
97129882.8125,-90.79209224939612
97134765.625,-90.74808600218927
97139648.4375,-90.92937021526242
97144531.25,-90.86574442509499
97149414.0625,-90.84529480082477
97154296.875,-90.82297571815818
97159179.6875,-90.9864183045811
97164062.5,-90.96892587940542
97168945.3125,-90.82559134940894
97173828.125,-90.92415461487406
97178710.9375,-90.90037582381225
97183593.75,-90.83980654246602
97188476.5625,-90.87336383153217
97193359.375,-90.99348151246272
97198242.1875,-90.95891404880521
97203125.0,-90.9249378187962
97208007.8125,-91.04886491095618
97212890.625,-91.00469817753844
97217773.4375,-90.8487135760549
97222656.25,-90.91214528667061
97227539.0625,-90.84485103420872
97232421.875,-90.88210308059084
97237304.6875,-90.98809903733911
97242187.5,-90.9674102416536
97247070.3125,-90.96593668920073
97251953.125,-90.95799508421686
97256835.9375,-90.86186667879207
97261718.75,-90.9013149888901
97266601.5625,-91.06443287867859
97271484.375,-90.91771889170079
97276367.1875,-90.9041937540205
97281250.0,-90.98768166790822
97286132.8125,-90.91927461932488
97291015.625,-90.95121708844275
97295898.4375,-90.9941389311025
97300781.25,-90.87959273829316
97305664.0625,-90.96373530866043
97310546.875,-90.99244234562985
97315429.6875,-90.90770989935069
97320312.5,-90.92935447771887
97325195.3125,-90.76978765341377
97330078.125,-91.03318450958884
97334960.9375,-90.93281978487192
97339843.75,-90.92783983087702
97344726.5625,-90.86677940030961
97349609.375,-90.91068854440505
97354492.1875,-91.02493805726738
97359375.0,-90.85072555960363
97364257.8125,-90.98442317935164
97369140.625,-90.96134771204663
97374023.4375,-90.90278625707282
97378906.25,-90.96160679319848
97383789.0625,-90.92347182357844
97388671.875,-90.97233457406196
97393554.6875,-90.88111630789399
97398437.5,-90.87449866467534
97403320.3125,-90.86383930821941
97408203.125,-90.94077295162296
97413085.9375,-90.92488074147937
97417968.75,-90.91403339227071
97422851.5625,-90.84149071666096
97427734.375,-90.92619312262215
97432617.1875,-90.93165261149309
97437500.0,-90.88980384844649
97442382.8125,-90.88703834946074
97447265.625,-90.9116645733389
97452148.4375,-90.88279984943296
97457031.25,-90.8182298545889
97461914.0625,-90.81307027685972
97466796.875,-90.84474396841446
97471679.6875,-90.91553179611117
97476562.5,-90.96296397165736
97481445.3125,-90.74610575532378
97486328.125,-90.78270341978705
97491210.9375,-90.912474054504
97496093.75,-90.9145663307155
97500976.5625,-90.80673197596693
97505859.375,-90.72729589918058
97510742.1875,-90.70473147000507
97515625.0,-90.79145100722644
97520507.8125,-90.82417126558903
97525390.625,-90.82617260074164
97530273.4375,-90.76424017208066
97535156.25,-90.75885884426225
97540039.0625,-90.95440295754321
97544921.875,-90.98418105924046
97549804.6875,-90.89246315018181
97554687.5,-90.90913187977532
97559570.3125,-90.98292106826602
97564453.125,-90.86757241819416
97569335.9375,-90.86501222647058
97574218.75,-90.89832036901535
97579101.5625,-91.02229737915903
97583984.375,-90.89299784110563
97588867.1875,-91.03006453166608
97593750.0,-90.94840840815141
97598632.8125,-91.03914482684684
97603515.625,-90.96498964289222
97608398.4375,-91.02767233796544
97613281.25,-90.9811173557861
97618164.0625,-90.93151726273982
97623046.875,-90.933552516758
97627929.6875,-91.01544037683826
97632812.5,-91.04539321115533
97637695.3125,-91.07933038782573
97642578.125,-90.93071882707218
97647460.9375,-91.14044107847062
97652343.75,-91.09141724331775
97657226.5625,-91.1313463556807
97662109.375,-90.90565911957009
97666992.1875,-91.00766302623742
97671875.0,-90.94522671187099
97676757.8125,-90.99364427803664
97681640.625,-91.026595603423
97686523.4375,-91.03045208243324
97691406.25,-90.93300602565506
97696289.0625,-90.97535526375339
97701171.875,-91.10540055580066
97706054.6875,-90.97116121586927
97710937.5,-91.00788453422456
97715820.3125,-91.06077378368855
97720703.125,-90.96949156129921
97725585.9375,-90.96796683518559
97730468.75,-90.92856400545082
97735351.5625,-91.04250830482829
97740234.375,-91.02223203803754
97745117.1875,-90.98356318400712
97750000.0,-90.99407379641863
97754882.8125,-90.95991106795256
97759765.625,-91.0531877316885
97764648.4375,-90.97355557219177
97769531.25,-90.91719953292869
97774414.0625,-90.98768078554946
97779296.875,-91.00816483929484
97784179.6875,-90.99898928235856
97789062.5,-90.93944487533182
97793945.3125,-90.92243149182028
97798828.125,-90.88361295943662
97803710.9375,-91.01788682621859
97808593.75,-90.93198034798712
97813476.5625,-90.92446787100843
97818359.375,-90.82895712788397
97823242.1875,-90.82347019775057
97828125.0,-91.0046383831945
97833007.8125,-90.77999384184119
97837890.625,-90.86670395148013
97842773.4375,-90.87615719043418
97847656.25,-90.8618340976891
97852539.0625,-90.78968287022133
97857421.875,-90.87051077551064
97862304.6875,-90.88696480938182
97867187.5,-90.85200226938838
97872070.3125,-90.83979445097185
97876953.125,-90.5904722267459
97881835.9375,-90.74162919489143
97886718.75,-90.80821267602548
97891601.5625,-90.8854397403625
97896484.375,-90.77785596388662
97901367.1875,-90.86332740936538
97906250.0,-90.85089109576819
97911132.8125,-90.88633421697344
97916015.625,-90.90754725634116
97920898.4375,-90.84939201882767
97925781.25,-90.93412032599846
97930664.0625,-91.02819561571891
97935546.875,-90.83219402976621
97940429.6875,-90.95791426800506
97945312.5,-90.87915659851464
97950195.3125,-90.86005055707176
97955078.125,-90.9146029753843
97959960.9375,-90.7928262674622
97964843.75,-90.904320635065
97969726.5625,-90.98868151021031
97974609.375,-90.87318799697374
97979492.1875,-90.97731262179451
97984375.0,-90.95281378896988
97989257.8125,-90.81435735821705
97994140.625,-90.96340473367198
97999023.4375,-90.82538671536366
98003906.25,-90.93705020083806
98008789.0625,-90.94997656264957
98013671.875,-91.01767353595346
98018554.6875,-90.9156923474446
98023437.5,-90.84307602159362
98028320.3125,-90.95126391087797
98033203.125,-90.96863246209529
98038085.9375,-90.9992754304977
98042968.75,-90.92417178330439
98047851.5625,-90.99067997826813
98052734.375,-90.88527328555605
98057617.1875,-90.93953992682282
98062500.0,-90.96946781699751
98067382.8125,-90.95010429745278
98072265.625,-90.98742819108088
98077148.4375,-90.99812634502732
98082031.25,-90.97730135341527
98086914.0625,-90.89076168801239
98091796.875,-90.95340920462033
98096679.6875,-91.05859643436844
98101562.5,-90.97908261764542
98106445.3125,-91.00936162005578
98111328.125,-90.99623973367409
98116210.9375,-90.92147476250858
98121093.75,-90.95839160658542
98125976.5625,-91.04876398944029
98130859.375,-90.97605869250089
98135742.1875,-91.04038679596843
98140625.0,-91.03322033257149
98145507.8125,-90.99577717872282
98150390.625,-90.99097886708796
98155273.4375,-91.05020461000134
98160156.25,-91.03263209867177
98165039.0625,-91.0872614408689
98169921.875,-91.03018806546123
98174804.6875,-90.99512431572481
98179687.5,-90.83344761837947
98184570.3125,-90.9707883894848
98189453.125,-91.09620419424198
98194335.9375,-91.04318362808388
98199218.75,-90.98533163874643
98204101.5625,-91.01137284627657
98208984.375,-90.97998470534566
98213867.1875,-91.08252631513903
98218750.0,-90.94326093243984
98223632.8125,-90.8231967683061
98228515.625,-90.98282811033397
98233398.4375,-90.91152249880165
98238281.25,-90.96204587074905
98243164.0625,-90.94609663970868
98248046.875,-90.95079166927476
98252929.6875,-90.98992978422353
98257812.5,-90.94030962317021
98262695.3125,-91.02412619637258
98267578.125,-90.89102810301225
98272460.9375,-90.85668375238151
98277343.75,-90.93447024869158
98282226.5625,-90.84408637487792
98287109.375,-90.93980127114449
98291992.1875,-90.9291923562298
98296875.0,-90.91084673936928
98301757.8125,-90.84825606293896
98306640.625,-90.8093286526333
98311523.4375,-90.99301081661935
98316406.25,-90.99357730904865
98321289.0625,-90.86216116289086
98326171.875,-90.89184397201333
98331054.6875,-90.97734436455934
98335937.5,-90.82141901028297
98340820.3125,-90.868207348617
98345703.125,-90.8502155299758
98350585.9375,-90.83213350303919
98355468.75,-90.9870248500109
98360351.5625,-90.9255397385522
98365234.375,-90.83461837524905
98370117.1875,-90.96218152490326
98375000.0,-90.88665530642905
98379882.8125,-90.82576249460394
98384765.625,-90.93269863426721
98389648.4375,-90.77417023133921
98394531.25,-90.81446662813394
98399414.0625,-90.74361359705759
98404296.875,-90.86813729727825
98409179.6875,-91.01240000449855
98414062.5,-90.85365362364516
98418945.3125,-90.79421815362286
98423828.125,-90.8593416515526
98428710.9375,-90.82408076076652
98433593.75,-90.96057247338604
98438476.5625,-90.89972306748857
98443359.375,-90.88565139532759
98448242.1875,-90.86222465565169
98453125.0,-90.94588633362557
98458007.8125,-90.87230721483189
98462890.625,-90.83925771828322
98467773.4375,-90.87915012432589
98472656.25,-90.88193673150434
98477539.0625,-90.94377019251712
98482421.875,-90.8608934179797
98487304.6875,-90.84030455204822
98492187.5,-90.88712214862093
98497070.3125,-90.8081421293144
98501953.125,-90.82471312065121
98506835.9375,-90.87905401897706
98511718.75,-90.87735667761325
98516601.5625,-90.84795435831262
98521484.375,-90.82464620080538
98526367.1875,-90.78823405405802
98531250.0,-90.88281433895537
98536132.8125,-90.81003812563202
98541015.625,-90.81809570936426
98545898.4375,-90.76234343814403
98550781.25,-90.86751424309924
98555664.0625,-90.86068030709424
98560546.875,-90.90619082368605
98565429.6875,-90.86718037660475
98570312.5,-90.95478921187356
98575195.3125,-90.88173704499152
98580078.125,-90.74495198148475
98584960.9375,-90.91893130300696
98589843.75,-90.84441714092878
98594726.5625,-90.82512483247487
98599609.375,-90.89312526145216
98604492.1875,-90.84897117909384
98609375.0,-90.77684201273291
98614257.8125,-90.7859835148989
98619140.625,-90.79568236699487
98624023.4375,-90.71711899064871
98628906.25,-90.81249624433764
98633789.0625,-90.87528976995071
98638671.875,-90.88424936003048
98643554.6875,-90.89905856364803
98648437.5,-90.8387680067691
98653320.3125,-90.88974182877871
98658203.125,-90.72697699187844
98663085.9375,-90.74426619944322
98667968.75,-90.73608241610367
98672851.5625,-90.8490870854454
98677734.375,-90.79125472608371
98682617.1875,-90.8126983138963
98687500.0,-90.84909600995934
98692382.8125,-90.81622605846002
98697265.625,-90.79127609148938
98702148.4375,-90.72197763038301
98707031.25,-90.91064075665633
98711914.0625,-90.94951542641871
98716796.875,-90.85905307488264
98721679.6875,-90.79503584575275
98726562.5,-90.89352003995188
98731445.3125,-90.89395291330271
98736328.125,-90.79105358959626
98741210.9375,-90.84743673724171
98746093.75,-90.82676207621037
98750976.5625,-90.77345893863642
98755859.375,-90.89381614055677
98760742.1875,-90.841302581181
98765625.0,-90.9744119649219
98770507.8125,-90.88205646694053
98775390.625,-90.87019543526858
98780273.4375,-90.89459144596117
98785156.25,-90.95530227778008
98790039.0625,-90.88029158735318
98794921.875,-90.90616361760135
98799804.6875,-90.9403515362161
98804687.5,-90.87293882269202
98809570.3125,-91.01294510893206
98814453.125,-90.92032264047856
98819335.9375,-90.93302404402704
98824218.75,-90.9124997541501
98829101.5625,-91.01492375387215
98833984.375,-90.93934154380739
98838867.1875,-90.87375148669832
98843750.0,-90.9573826339462
98848632.8125,-90.87370071511714
98853515.625,-90.78939434193859
98858398.4375,-90.96002234984667
98863281.25,-91.00519645621529
98868164.0625,-90.94894270239979
98873046.875,-90.85378592058606
98877929.6875,-90.79835178287485
98882812.5,-90.96413687581185
98887695.3125,-90.88714049392374
98892578.125,-90.98102666815316
98897460.9375,-90.93389832374294
98902343.75,-90.98843381199035
98907226.5625,-90.93363833808235
98912109.375,-90.80765627728115
98916992.1875,-90.95535759647672
98921875.0,-90.83642498880897
98926757.8125,-90.95144108735406
98931640.625,-90.7423451127535
98936523.4375,-90.85880120570354
98941406.25,-90.96044604469995
98946289.0625,-90.97187363997568
98951171.875,-90.84945743863099
98956054.6875,-90.88444664016424
98960937.5,-90.955105552112
98965820.3125,-90.87355374306509
98970703.125,-90.95997496613433
98975585.9375,-90.91711614680162
98980468.75,-90.92232839066719
98985351.5625,-90.88442817383785
98990234.375,-90.91360208932349
98995117.1875,-90.69201602016594
99000000.0,-90.8511014202557
99004882.8125,-90.8826224381701
99009765.625,-90.90155498546378
99014648.4375,-90.88381570744164
99019531.25,-90.8676122412594
99024414.0625,-90.87683854957083
99029296.875,-90.90645905131191
99034179.6875,-90.84828222754209
99039062.5,-90.71702413083881
99043945.3125,-90.8812886800865
99048828.125,-90.89976438541254
99053710.9375,-90.7712801763513
99058593.75,-90.86095025412334
99063476.5625,-90.74220109759028
99068359.375,-90.8393811453603
99073242.1875,-90.73625861206648
99078125.0,-90.82643382087099
99083007.8125,-90.84406743084816
99087890.625,-90.7930598035004
99092773.4375,-90.83164277238177
99097656.25,-90.86581235717301
99102539.0625,-90.85563835420777
99107421.875,-90.91166593932073
99112304.6875,-90.91616000823765
99117187.5,-90.80035005388606
99122070.3125,-90.75409286364186
99126953.125,-90.74490435985388
99131835.9375,-90.92471102745012
99136718.75,-90.83829426312337
99141601.5625,-90.85482529162073
99146484.375,-90.77524388073005
99151367.1875,-90.83647269385864
99156250.0,-90.78041114499368
99161132.8125,-90.87727433837648
99166015.625,-90.8313992904971
99170898.4375,-90.82891540518864
99175781.25,-90.81596064779487
99180664.0625,-90.82993941604494
99185546.875,-90.9463854890098
99190429.6875,-90.84941883375402
99195312.5,-90.92468285339356
99200195.3125,-90.9252383711839
99205078.125,-90.89158294535227
99209960.9375,-90.87181616781302
99214843.75,-90.85796126642106
99219726.5625,-90.97465861499529
99224609.375,-90.95201152056961
99229492.1875,-90.90886783315116
99234375.0,-90.94907540690701
99239257.8125,-90.9457507211562
99244140.625,-90.84638847696777
99249023.4375,-90.89061999872465
99253906.25,-90.94701612737285
99258789.0625,-90.86622792863298
99263671.875,-90.78734334408023
99268554.6875,-90.70038579937844
99273437.5,-90.84692444256115
99278320.3125,-90.73583629218655
99283203.125,-90.68305484714546
99288085.9375,-90.57832588666784
99292968.75,-90.7172793527044
99297851.5625,-90.62398167812867
99302734.375,-90.78691922874881
99307617.1875,-90.61490497470282
99312500.0,-90.6705369450815
99317382.8125,-90.74995476325742
99322265.625,-90.73069329371728
99327148.4375,-90.66720163473408
99332031.25,-90.78242042744716
99336914.0625,-90.76919366222569
99341796.875,-90.76915061999978
99346679.6875,-90.78191908778109
99351562.5,-90.72791855466042
99356445.3125,-90.67463197685245
99361328.125,-90.7651691451239
99366210.9375,-90.92999142965951
99371093.75,-90.75775393905559
99375976.5625,-90.78259121334284
99380859.375,-90.86536931437195
99385742.1875,-90.74013749137424
99390625.0,-90.67978808720886
99395507.8125,-90.69479371162333
99400390.625,-90.7166031487015
99405273.4375,-90.7418494739756
99410156.25,-90.72351149547069
99415039.0625,-90.64978849227163
99419921.875,-90.5812776772479
99424804.6875,-90.5104556444333
99429687.5,-90.64220799176528
99434570.3125,-90.54071815796516
99439453.125,-90.68900379333104
99444335.9375,-90.67387319811138
99449218.75,-90.53966672997939
99454101.5625,-90.63459500115826
99458984.375,-90.5180691816629
99463867.1875,-90.65080221320531
99468750.0,-90.70379174806385
99473632.8125,-90.5141561569352
99478515.625,-90.57560741755486
99483398.4375,-90.42754191959563
99488281.25,-90.52649489112935
99493164.0625,-90.5003928157652
99498046.875,-90.50369775818214
99502929.6875,-90.57169695446356
99507812.5,-90.60586098710439
99512695.3125,-90.50491676719304
99517578.125,-90.46425595831298
99522460.9375,-90.42604926127484
99527343.75,-90.43603632239197
99532226.5625,-90.41970310145035
99537109.375,-90.58334949661074
99541992.1875,-90.42750826702641
99546875.0,-90.44049928469624
99551757.8125,-90.50421026969528
99556640.625,-90.39034961052755
99561523.4375,-90.33167239142912
99566406.25,-90.35639945388257
99571289.0625,-90.23645127765829
99576171.875,-90.17369303595797
99581054.6875,-90.2446657494151
99585937.5,-90.03462001938908
99590820.3125,-89.88653245562341
99595703.125,-89.65018026932543
99600585.9375,-89.47306268057133
99605468.75,-89.0297799855239
99610351.5625,-89.00542392160901
99615234.375,-88.52127134863804
99620117.1875,-85.81484282134835
99625000.0,-83.51045170929169
99629882.8125,-83.64372371312362
99634765.625,-82.0447667093224
99639648.4375,-77.1533242631611
99644531.25,-74.83063898486475
99649414.0625,-75.05329057153142
99654296.875,-75.2083143920915
99659179.6875,-74.17693376967705
99664062.5,-73.39820249300118
99668945.3125,-72.40144653654639
99673828.125,-71.41760763087225
99678710.9375,-70.237179058571
99683593.75,-69.38135626720978
99688476.5625,-68.14902469979916
99693359.375,-66.51395935645158
99698242.1875,-63.80930552405646
99703125.0,-63.65949362337067
99708007.8125,-65.32765060009274
99712890.625,-66.2308908703906
99717773.4375,-66.60708628413323
99722656.25,-67.59988128655564
99727539.0625,-68.50931483992827
99732421.875,-69.56956003421286
99737304.6875,-71.07752712295124
99742187.5,-73.01112232933556
99747070.3125,-74.68133816469287
99751953.125,-76.30277818985846
99756835.9375,-75.49472546090624
99761718.75,-77.27063335790751
99766601.5625,-83.6094915849269
99771484.375,-85.12243890459641
99776367.1875,-83.79943702657633
99781250.0,-84.91645725300916
99786132.8125,-88.35653085651043
99791015.625,-88.83816852716802
99795898.4375,-88.90117211346865
99800781.25,-89.23263947520238
99805664.0625,-89.57433332935014
99810546.875,-89.8265614104391
99815429.6875,-89.89662485563935
99820312.5,-90.16017890808408
99825195.3125,-90.32703525418228
99830078.125,-90.42262392324884
99834960.9375,-90.42117347378553
99839843.75,-90.35699404031232
99844726.5625,-90.4800873188901
99849609.375,-90.6379275400144
99854492.1875,-90.4766098508253
99859375.0,-90.627162180543
99864257.8125,-90.6276925653253
99869140.625,-90.6204227013634
99874023.4375,-90.67613254668521
99878906.25,-90.59657656516003
99883789.0625,-90.67906128996796
99888671.875,-90.7216755424538
99893554.6875,-90.57187943186617
99898437.5,-90.72243218124999
99903320.3125,-90.5781300409082
99908203.125,-90.75259825609231
99913085.9375,-90.71857354930748
99917968.75,-90.6915275663531
99922851.5625,-90.67469246070382
99927734.375,-90.62611794610197
99932617.1875,-90.6420706873295
99937500.0,-90.75895828091882
99942382.8125,-90.79499639583432
99947265.625,-90.63932514877993
99952148.4375,-90.68885255926057
99957031.25,-90.73448278363153
99961914.0625,-90.75598409150072
99966796.875,-90.71247065940426
99971679.6875,-90.71579878533208
99976562.5,-90.69472573037692
99981445.3125,-90.76630710616493
99986328.125,-90.80638245139195
99991210.9375,-90.86527683382963
99996093.75,-90.68264610124712
100000976.5625,-90.18558350122728
100005859.375,-90.75365907743969
100010742.1875,-90.77631957324292
100015625.0,-90.8750905148666
100020507.8125,-90.78518192282505
100025390.625,-90.8925474248459
100030273.4375,-90.8872105641708
100035156.25,-90.84103467202138
100040039.0625,-90.76998607582826
100044921.875,-90.81354314387482
100049804.6875,-90.8475189048647
100054687.5,-90.9093013072519
100059570.3125,-90.88252018193995
100064453.125,-90.77290740594651
100069335.9375,-90.80747060309005
100074218.75,-90.76308942523809
100079101.5625,-90.77818817409275
100083984.375,-90.92689252429889
100088867.1875,-90.83208041745075
100093750.0,-90.88020623188376
100098632.8125,-90.84987236753426
100103515.625,-90.79309084155597
100108398.4375,-90.87245095885851
100113281.25,-90.79150720063706
100118164.0625,-90.95650824691239
100123046.875,-90.85074323183707
100127929.6875,-90.8966509751919
100132812.5,-90.87058291902801
100137695.3125,-90.82572323355348
100142578.125,-90.78767858657153
100147460.9375,-90.95937926754814
100152343.75,-90.93916212055424
100157226.5625,-90.84477302109042
100162109.375,-90.8812821256648
100166992.1875,-90.93500269332023
100171875.0,-91.01057480022521
100176757.8125,-90.90630381180594
100181640.625,-90.84884518436903
100186523.4375,-90.73003102261947
100191406.25,-90.88844809856062
100196289.0625,-90.92307118165601
100201171.875,-90.91409690045245
100206054.6875,-90.90619645322971
100210937.5,-90.96608670586733
100215820.3125,-90.94713394062859
100220703.125,-90.9020198562624
100225585.9375,-90.87802318312077
100230468.75,-90.80036555883777
100235351.5625,-90.87439734783885
100240234.375,-90.88729759534402
100245117.1875,-90.9656786683033
100250000.0,-90.87129087411401
100254882.8125,-90.98142463663325
100259765.625,-91.01451516290359
100264648.4375,-90.94934811318288
100269531.25,-90.98817756791212
100274414.0625,-90.81849285442186
100279296.875,-90.83118462565875
100284179.6875,-90.9208154056164
100289062.5,-90.99718137390337
100293945.3125,-90.8378949754383
100298828.125,-91.02735241980233
100303710.9375,-90.95846902719879
100308593.75,-91.00868922141228
100313476.5625,-90.90129557830156
100318359.375,-90.8884246325022
100323242.1875,-90.91959793027314
100328125.0,-91.00924690596946
100333007.8125,-90.90966415906271
100337890.625,-90.92772578437962
100342773.4375,-90.97079267964006
100347656.25,-91.08734579418427
100352539.0625,-91.02005759909767
100357421.875,-90.88439214861
100362304.6875,-90.99669856566709
100367187.5,-91.13811690013983
100372070.3125,-90.94474509144067
100376953.125,-91.00447980722006
100381835.9375,-91.01955977314384
100386718.75,-91.09679939189598
100391601.5625,-91.02103781815634
100396484.375,-90.92019462088001
100401367.1875,-91.02371036952115
100406250.0,-91.08738749558472
100411132.8125,-91.06469528537448
100416015.625,-91.07350782393732
100420898.4375,-91.01629612369993
100425781.25,-91.02018236678762
100430664.0625,-91.0135107940688
100435546.875,-90.94502788346264
100440429.6875,-91.06683053277604
100445312.5,-91.0895409483449
100450195.3125,-91.08458663509253
100455078.125,-91.00978251340726
100459960.9375,-91.0908175613452
100464843.75,-90.96935920888166
100469726.5625,-90.92289503632625
100474609.375,-90.9194078411767
100479492.1875,-91.0031342775448
100484375.0,-91.06741883385996
100489257.8125,-91.03429176088105
100494140.625,-90.98778508115802
100499023.4375,-91.0128106898946
100503906.25,-90.98366624188375
100508789.0625,-90.98300726378514
100513671.875,-91.00274384460877
100518554.6875,-91.05075360828027
100523437.5,-90.92984792089925
100528320.3125,-90.91579887096
100533203.125,-91.02196496070471
100538085.9375,-90.95305355823777
100542968.75,-90.99706895688252
100547851.5625,-91.03038672046722
100552734.375,-90.84683570295039
100557617.1875,-90.79921223682004
100562500.0,-90.8936689598766
100567382.8125,-91.08817946923747
100572265.625,-90.89368230435238
100577148.4375,-90.79312724900598
100582031.25,-90.95486207907899
100586914.0625,-90.88332819870496
100591796.875,-90.91785147984811
100596679.6875,-90.855436713731
100601562.5,-90.97667783129583
100606445.3125,-90.8701911193561
100611328.125,-90.93595349828428
100616210.9375,-90.93003632718447
100621093.75,-90.84771648953682
100625976.5625,-90.99233786711602
100630859.375,-90.80177014747042
100635742.1875,-90.76127091279494
100640625.0,-90.88554752134763
100645507.8125,-90.99411063021887
100650390.625,-90.8085259609519
100655273.4375,-90.81162216777867
100660156.25,-90.8498431772257
100665039.0625,-90.86874249351382
100669921.875,-90.81123416397051
100674804.6875,-90.81705117548896
100679687.5,-90.90693846059108
100684570.3125,-90.84542525105627
100689453.125,-90.83345709027245
100694335.9375,-90.93911727124637
100699218.75,-90.83077223980393
100704101.5625,-90.84392523858423
100708984.375,-90.65296811753299
100713867.1875,-90.79136667834615
100718750.0,-90.70744943238125
100723632.8125,-90.89617116389527
100728515.625,-90.87808650044065
100733398.4375,-90.74231591963917
100738281.25,-90.90060115207689
100743164.0625,-90.89121498899829
100748046.875,-90.83900817224668
100752929.6875,-90.87480073049392
100757812.5,-90.88046562465306
100762695.3125,-90.8607289746092
100767578.125,-90.92036968646437
100772460.9375,-90.8699779660462
100777343.75,-90.76220684985276
100782226.5625,-90.83596575997097
100787109.375,-90.762855582145
100791992.1875,-90.81488929355356
100796875.0,-90.89086379198392
100801757.8125,-90.7670591831199
100806640.625,-90.81161253985084
100811523.4375,-90.81747904827549
100816406.25,-90.77824187339999
100821289.0625,-90.83225853723204
100826171.875,-90.78016500027448
100831054.6875,-90.82445920436075
100835937.5,-90.92618967011694
100840820.3125,-90.7886404467541
100845703.125,-90.89083775516787
100850585.9375,-90.82761505075314
100855468.75,-90.81908820308146
100860351.5625,-90.83103604450281
100865234.375,-90.89561220987684
100870117.1875,-90.813644703129
100875000.0,-90.91854303836584
100879882.8125,-90.84536144461345
100884765.625,-90.94036354186733
100889648.4375,-90.84157869127966
100894531.25,-90.93851114804121
100899414.0625,-90.82831884908384
100904296.875,-90.82389951575064
100909179.6875,-90.88231664281642
100914062.5,-90.78900397528241
100918945.3125,-90.77712082474866
100923828.125,-90.7653493118506
100928710.9375,-90.98221682675276
100933593.75,-90.7049223197169
100938476.5625,-90.90999671824471
100943359.375,-90.80084582663878
100948242.1875,-90.81326446099447
100953125.0,-90.7569864306208
100958007.8125,-90.82737285125023
100962890.625,-90.84103712607234
100967773.4375,-90.77699613998809
100972656.25,-90.87407735477242
100977539.0625,-90.74214793627974
100982421.875,-90.777149456225
100987304.6875,-90.80501195371124
100992187.5,-90.88191710700815
100997070.3125,-90.74575819582239
101001953.125,-90.43445297329251
101006835.9375,-90.81671044879567
101011718.75,-90.82089168442482
101016601.5625,-90.66148603859884
101021484.375,-90.71253247965294
101026367.1875,-90.88795643311582
101031250.0,-90.7161457244394
101036132.8125,-90.74640445235696
101041015.625,-90.6735122050107
101045898.4375,-90.73736538734624
101050781.25,-90.62210836870369
101055664.0625,-90.50892359872236
101060546.875,-90.50588422718357
101065429.6875,-90.39576387079552
101070312.5,-89.94206311113567
101075195.3125,-89.46390872881352
101080078.125,-89.39424931639539
101084960.9375,-89.6296466435656
101089843.75,-89.50471969066174
101094726.5625,-88.8900268304759
101099609.375,-88.41220192062858
101104492.1875,-87.65496803530067
101109375.0,-86.99000269132279
101114257.8125,-86.34792067229083
101119140.625,-85.47193980131038
101124023.4375,-84.54042308078019
101128906.25,-83.77550181056048
101133789.0625,-82.44245792910138
101138671.875,-81.07484221946703
101143554.6875,-79.50579441008668
101148437.5,-78.57378892831525
101153320.3125,-77.65823787695044
101158203.125,-76.73434038431682
101163085.9375,-75.94394697196907
101167968.75,-75.36213453314375
101172851.5625,-74.88717886491392
101177734.375,-74.41612823581943
101182617.1875,-74.67326793852993
101187500.0,-74.66375180400095
101192382.8125,-74.99998498061842
101197265.625,-75.44309899605301
101202148.4375,-76.26694116528148
101207031.25,-76.78380747210548
101211914.0625,-77.86527369003483
101216796.875,-78.62061426036126
101221679.6875,-79.11656099724394
101226562.5,-79.29631553033397
101231445.3125,-79.78307021227832
101236328.125,-80.44190581178793
101241210.9375,-81.0036607174095
101246093.75,-81.7470588830389
101250976.5625,-82.28351647517263
101255859.375,-82.99348964421449
101260742.1875,-84.43368199885225
101265625.0,-86.21235719295663
101270507.8125,-87.02506928750697
101275390.625,-87.93541605138805
101280273.4375,-88.08262005667845
101285156.25,-88.21815258801985
101290039.0625,-88.14108561529667
101294921.875,-88.08851678747988
101299804.6875,-88.34915429691637
101304687.5,-88.67912191323498
101309570.3125,-88.97968312556483
101314453.125,-89.32759108777492
101319335.9375,-89.67566174307393
101324218.75,-89.86430562353979
101329101.5625,-90.33638622043472
101333984.375,-90.57185267031508
101338867.1875,-90.72195873597241
101343750.0,-90.73477996051304
101348632.8125,-90.96367107313566
101353515.625,-90.85064680100004
101358398.4375,-90.76466618794944
101363281.25,-90.75673716287267
101368164.0625,-90.83794684014819
101373046.875,-90.8551522157934
101377929.6875,-90.77116484682853
101382812.5,-90.87742663065467
101387695.3125,-90.67165935078538
101392578.125,-90.88105194555618
101397460.9375,-90.90322881441426
101402343.75,-90.6548931663904
101407226.5625,-90.75534254721177
101412109.375,-90.70471803446355
101416992.1875,-90.70831040695157
101421875.0,-90.73957909953936
101426757.8125,-90.70752175819518
101431640.625,-90.74211375108527
101436523.4375,-90.63995753827152
101441406.25,-90.72418790117962
101446289.0625,-90.57270518694324
101451171.875,-90.56028377385829
101456054.6875,-90.57478396646297
101460937.5,-90.60077878347607
101465820.3125,-90.63179311669873
101470703.125,-90.40735933826033
101475585.9375,-90.31424063682357
101480468.75,-90.30988165902042
101485351.5625,-90.01481836660204
101490234.375,-89.76237259250092
101495117.1875,-88.90874239880873
101500000.0,-39.50056019644804
101504882.8125,-88.89225492212069
101509765.625,-89.72375163980197
101514648.4375,-90.14607484464472
101519531.25,-90.27413804762767
101524414.0625,-90.24962421123487
101529296.875,-90.40641903697573
101534179.6875,-90.62245881037717
101539062.5,-90.5461429696083
101543945.3125,-90.4879751508002
101548828.125,-90.54290868944923
101553710.9375,-90.6153634704965
101558593.75,-90.42463641453855
101563476.5625,-90.56973277120761
101568359.375,-90.6023031355162
101573242.1875,-90.66039813824264
101578125.0,-90.74332381594184
101583007.8125,-90.70670872112055
101587890.625,-90.87299771990192
101592773.4375,-90.70147965888631
101597656.25,-90.78561441958533
101602539.0625,-90.42872253563726
101607421.875,-90.53926279483957
101612304.6875,-90.53710546008938
101617187.5,-90.44663718672405
101622070.3125,-88.6054076715578
101626953.125,-89.17206530462676
101631835.9375,-88.97832500984956
101636718.75,-89.294375194932
101641601.5625,-89.36999404797967
101646484.375,-89.28842196231363
101651367.1875,-88.74928943273869
101656250.0,-87.76097796166022
101661132.8125,-86.83613119723438
101666015.625,-85.89158968763076
101670898.4375,-84.66462549683047
101675781.25,-82.87956606218398
101680664.0625,-81.04062446818227
101685546.875,-78.56133913315159
101690429.6875,-77.22664405311576
101695312.5,-76.27497093471783
101700195.3125,-75.02093313370511
101705078.125,-74.59445584194751
101709960.9375,-74.94717324348431
101714843.75,-75.98824157650341
101719726.5625,-78.03969799974203
101724609.375,-79.66677230664632
101729492.1875,-80.62797564498433
101734375.0,-81.9274328094015
101739257.8125,-82.30147362134136
101744140.625,-82.65427457340269
101749023.4375,-83.13932149032541
101753906.25,-84.15576151172684
101758789.0625,-84.94299346878503
101763671.875,-86.50930910542743
101768554.6875,-87.4152150130684
101773437.5,-87.67007820634322
101778320.3125,-89.12176082076621
101783203.125,-90.21222702332898
101788085.9375,-90.32212191704241
101792968.75,-90.48745541266189
101797851.5625,-90.6247157144532
101802734.375,-90.67763245765704
101807617.1875,-90.65100127228575
101812500.0,-90.59943304463806
101817382.8125,-90.7513873067806
101822265.625,-90.77703596856921
101827148.4375,-90.76300010602364
101832031.25,-90.64894652916993
101836914.0625,-90.70057941101612
101841796.875,-90.78973798196043
101846679.6875,-90.80088947111656
101851562.5,-90.81795687977251
101856445.3125,-90.68361300818293
101861328.125,-90.72671321078835
101866210.9375,-90.86985833959804
101871093.75,-90.57953354176828
101875976.5625,-90.69948371270289
101880859.375,-90.77903687299542
101885742.1875,-90.727405039572
101890625.0,-90.75265068271696
101895507.8125,-90.70114238905472
101900390.625,-90.81548154159418
101905273.4375,-90.69636434293031
101910156.25,-90.80143956659788
101915039.0625,-90.84605595289668
101919921.875,-90.75473953531147
101924804.6875,-90.76349683455061
101929687.5,-90.75520681755947
101934570.3125,-90.77315668258899
101939453.125,-90.78371446403841
101944335.9375,-90.63331836195289
101949218.75,-90.83460683315255
101954101.5625,-90.70620363029951
101958984.375,-90.79892135057844
101963867.1875,-90.9021687732733
101968750.0,-90.69981721550454
101973632.8125,-90.78894357367696
101978515.625,-90.86803589244991
101983398.4375,-90.96318838648895
101988281.25,-90.79855350595363
101993164.0625,-90.81669114047179
101998046.875,-90.660400726392
102002929.6875,-90.75895948433003
102007812.5,-90.89934555440439
102012695.3125,-90.75908472128302
102017578.125,-90.86016021400809
102022460.9375,-90.88606122859983
102027343.75,-90.7965088443402
102032226.5625,-90.80702972166017
102037109.375,-90.78629726845656
102041992.1875,-90.76951809452123
102046875.0,-90.79388209135232
102051757.8125,-90.8292610024518
102056640.625,-90.84618389839113
102061523.4375,-90.82103912720763
102066406.25,-90.83590168071476
102071289.0625,-90.75622385494452
102076171.875,-90.91266899542015
102081054.6875,-90.76833696475006
102085937.5,-90.82611414891502
102090820.3125,-90.97674375181919
102095703.125,-90.87601335358619
102100585.9375,-90.90629052619846
102105468.75,-90.92273623103674
102110351.5625,-90.82433468581397
102115234.375,-90.9100087230467
102120117.1875,-90.9544125543872
102125000.0,-90.88744886132366
102129882.8125,-91.05237572668861
102134765.625,-90.90082784752713
102139648.4375,-90.90713023762277
102144531.25,-90.90386977096028
102149414.0625,-91.03779623007367
102154296.875,-90.99560881954562
102159179.6875,-90.9615786682352
102164062.5,-90.87643630942733
102168945.3125,-90.88185917894234
102173828.125,-90.8115016255725
102178710.9375,-91.05238046933209
102183593.75,-90.96444035275422
102188476.5625,-90.91392299933258
102193359.375,-90.73528373152345
102198242.1875,-90.88309891688147
102203125.0,-90.87991544545335
102208007.8125,-90.96551391492028
102212890.625,-90.99212063442695
102217773.4375,-90.8523772853911
102222656.25,-90.85252540624526
102227539.0625,-90.92811199237374
102232421.875,-90.9406827652756
102237304.6875,-90.97744614025353
102242187.5,-90.74830287325784
102247070.3125,-90.83910977770788
102251953.125,-90.85833518220164
102256835.9375,-90.81041197662009
102261718.75,-90.8781530246913
102266601.5625,-90.90785912214452
102271484.375,-90.9677071473879
102276367.1875,-90.90301111810462
102281250.0,-90.83742959655456
102286132.8125,-90.93074992137352
102291015.625,-90.73743385517196
102295898.4375,-90.93388137214046
102300781.25,-90.88206760951832
102305664.0625,-90.8476418272767
102310546.875,-90.82957118879929
102315429.6875,-90.79569455259531
102320312.5,-90.8716681141695
102325195.3125,-90.91930941113202
102330078.125,-90.8676119421581
102334960.9375,-90.76696284782616
102339843.75,-90.87353303712808
102344726.5625,-90.81786522530234
102349609.375,-90.94987887821847
102354492.1875,-90.86725064555398
102359375.0,-90.93502250497974
102364257.8125,-90.85449576266996
102369140.625,-90.85439234353291
102374023.4375,-90.80326797462911
102378906.25,-90.81377970051199
102383789.0625,-90.85874400465087
102388671.875,-90.79153471647834
102393554.6875,-90.9109859272289
102398437.5,-90.75550792874014
102403320.3125,-90.89233279998098
102408203.125,-90.9799557369698
102413085.9375,-90.77256822612938
102417968.75,-90.85078639121164
102422851.5625,-90.77095370007572
102427734.375,-90.79689073532737
102432617.1875,-90.7267416550786
102437500.0,-90.7173465287485
102442382.8125,-90.86876978785884
102447265.625,-90.82196026107243
102452148.4375,-90.9219423836455
102457031.25,-90.97516839680446
102461914.0625,-90.82416944746913
102466796.875,-90.75998381821236
102471679.6875,-90.84324822167372
102476562.5,-90.916761857193
102481445.3125,-90.85832824407606
102486328.125,-90.84585224478786
102491210.9375,-90.93176381241881
102496093.75,-90.87191231058864
102500976.5625,-90.88752076342107
102505859.375,-90.87528425824433
102510742.1875,-90.76295957475196
102515625.0,-90.86177229047883
102520507.8125,-90.90829801453498
102525390.625,-90.83212220695424
102530273.4375,-90.83021896460835
102535156.25,-90.95602229131649
102540039.0625,-90.85550756138053
102544921.875,-90.82474743543708
102549804.6875,-90.90932335721078
102554687.5,-90.91682424924957
102559570.3125,-90.94833193120581
102564453.125,-90.82589249123424
102569335.9375,-90.86092797570649
102574218.75,-90.75813668769086
102579101.5625,-90.7677866444013
102583984.375,-90.81797540547652
102588867.1875,-90.79832510747624
102593750.0,-90.90915925570238
102598632.8125,-90.9030881151914
102603515.625,-90.89108232557317
102608398.4375,-90.89935246596039
102613281.25,-91.002034446827
102618164.0625,-90.89037940683906
102623046.875,-90.80954355245791
102627929.6875,-90.88608317947393
102632812.5,-90.92771407849506
102637695.3125,-90.88886821414152
102642578.125,-90.8640263661801
102647460.9375,-90.95008590177298
102652343.75,-90.86548492640264
102657226.5625,-90.88318235855317
102662109.375,-91.00280676377133
102666992.1875,-90.82466900687183
102671875.0,-90.61611577396323
102676757.8125,-90.81218303275398
102681640.625,-91.00194795934019
102686523.4375,-90.79672913454402
102691406.25,-90.85224189474144
102696289.0625,-90.8985322935767
102701171.875,-90.84927516196228
102706054.6875,-90.91623794617757
102710937.5,-90.87356330385748
102715820.3125,-90.85774923078498
102720703.125,-90.80193110286805
102725585.9375,-90.90772703717573
102730468.75,-91.02211675248486
102735351.5625,-90.92347519219553
102740234.375,-90.72421627830761
102745117.1875,-90.88122936168165
102750000.0,-90.88038989027527
102754882.8125,-90.88045395555241
102759765.625,-90.88839370313875
102764648.4375,-90.77876710920643
102769531.25,-90.7874330108096
102774414.0625,-90.88819368253263
102779296.875,-90.88451872710124
102784179.6875,-90.92541060498922
102789062.5,-90.88790852756802
102793945.3125,-90.81924091643035
102798828.125,-90.88066475908897
102803710.9375,-91.05574559560355
102808593.75,-90.94159983511878
102813476.5625,-90.80005353812626
102818359.375,-90.84029140222722
102823242.1875,-90.99107765269235
102828125.0,-90.9944901428691
102833007.8125,-90.96783633759293
102837890.625,-90.88491502032787
102842773.4375,-90.97265934576546
102847656.25,-90.95051885648505
102852539.0625,-90.99286396371568
102857421.875,-91.04654041180424
102862304.6875,-90.90361626704362
102867187.5,-90.8776291517373
102872070.3125,-90.9761832608103
102876953.125,-90.94153735377716
102881835.9375,-90.96738781054594
102886718.75,-90.90145352358144
102891601.5625,-91.10714979445763
102896484.375,-91.07435077997505
102901367.1875,-90.84113766874032
102906250.0,-90.94499393577362
102911132.8125,-90.89635920119872
102916015.625,-91.01568675852542
102920898.4375,-90.95909293096827
102925781.25,-91.00693454259988
102930664.0625,-91.029367610659
102935546.875,-91.06027383459696
102940429.6875,-91.03325502213875
102945312.5,-91.00466580467264
102950195.3125,-91.09529938278564
102955078.125,-90.93022345347279
102959960.9375,-91.01802257500447
102964843.75,-91.02315947026662
102969726.5625,-90.96554764351191
102974609.375,-91.03914447718918
102979492.1875,-91.07341424651597
102984375.0,-91.03516128969329
102989257.8125,-90.95384593036738
102994140.625,-91.04560596234066
102999023.4375,-90.89567369136171
103003906.25,-90.90829727677212
103008789.0625,-90.91745294337574
103013671.875,-90.97245665141858
103018554.6875,-91.03389827562853
103023437.5,-91.00473828429034
103028320.3125,-91.06948973265165
103033203.125,-90.9836471170822
103038085.9375,-91.03379488819638
103042968.75,-90.97440795993259
103047851.5625,-91.07367118048182
103052734.375,-90.81150004549534
103057617.1875,-90.9814645598604
103062500.0,-90.9433268178787
103067382.8125,-90.90467000706661
103072265.625,-90.99159372578214
103077148.4375,-90.99525962868384
103082031.25,-90.96691986886367
103086914.0625,-90.88840282445153
103091796.875,-90.9260005697358
103096679.6875,-91.04527938086835
103101562.5,-90.8865564691344
103106445.3125,-91.00711855804215
103111328.125,-91.0116094956125
103116210.9375,-90.90931688865015
103121093.75,-91.00254855895301
103125976.5625,-91.10090004600889
103130859.375,-91.02204090149337
103135742.1875,-91.04378672038845
103140625.0,-90.99569427326611
103145507.8125,-91.03010604383519
103150390.625,-90.97033252730728
103155273.4375,-91.06776095930636
103160156.25,-91.00314646254623
103165039.0625,-91.0435838158736
103169921.875,-91.10592648020156
103174804.6875,-91.05760267390704
103179687.5,-90.9279342451961
103184570.3125,-91.02773571969155
103189453.125,-91.02864440603699
103194335.9375,-90.99509307502356
103199218.75,-91.00688074337108
103204101.5625,-91.03638514495833
103208984.375,-91.07326706667794
103213867.1875,-91.04131232514274
103218750.0,-91.05086975813327
103223632.8125,-91.01526935570479
103228515.625,-91.04366149207044
103233398.4375,-91.15512485787366
103238281.25,-91.00805943004329
103243164.0625,-90.91211003177659
103248046.875,-90.95864058843372
103252929.6875,-91.14614730829513
103257812.5,-91.07825613845827
103262695.3125,-91.01263316688636
103267578.125,-90.98488989263763
103272460.9375,-90.97467608706842
103277343.75,-90.9267458510123
103282226.5625,-90.97509644194767
103287109.375,-90.9804719357623
103291992.1875,-90.85893725242823
103296875.0,-90.94356976096722
103301757.8125,-90.7857574090987
103306640.625,-90.92901619705285
103311523.4375,-90.84855151487605
103316406.25,-90.90121038033021
103321289.0625,-90.80559124761254
103326171.875,-90.9549541264578
103331054.6875,-90.70004447837539
103335937.5,-90.83741342404971
103340820.3125,-90.7635339446359
103345703.125,-90.94595359451142
103350585.9375,-90.90627269311216
103355468.75,-90.81992125924685
103360351.5625,-90.89423648233051
103365234.375,-90.87155233994784
103370117.1875,-90.90412139799594
103375000.0,-90.72133498142134
103379882.8125,-90.80650639929925
103384765.625,-90.76353110725213
103389648.4375,-90.66749764517505
103394531.25,-90.73252608495721
103399414.0625,-90.7393667776928
103404296.875,-90.8420600748135
103409179.6875,-90.78122968922929
103414062.5,-90.83307687275888
103418945.3125,-90.75396815899705
103423828.125,-90.74800231890339
103428710.9375,-90.7217058022957
103433593.75,-90.62197604545284
103438476.5625,-90.66092287289567
103443359.375,-90.71180915693412
103448242.1875,-90.64277433088
103453125.0,-90.61005504236311
103458007.8125,-90.6348545731725
103462890.625,-90.58565597671674
103467773.4375,-90.6714829488831
103472656.25,-90.53182955210411
103477539.0625,-90.6056005609901
103482421.875,-90.41219410175924
103487304.6875,-90.52054497732126
103492187.5,-90.46536900151497
103497070.3125,-90.55009400223048
103501953.125,-90.56676613768121
103506835.9375,-90.41185793531952
103511718.75,-90.47501351662618
103516601.5625,-90.5373294068134
103521484.375,-90.55681039587083
103526367.1875,-90.48786666839288
103531250.0,-90.21383689364714
103536132.8125,-90.43810000380114
103541015.625,-90.37025013540048
103545898.4375,-90.3719881223295
103550781.25,-90.34240066800263
103555664.0625,-90.28870937973812
103560546.875,-90.10322589778653
103565429.6875,-89.91924382969032
103570312.5,-89.7825372741354
103575195.3125,-89.53710775635628
103580078.125,-89.10831537800169
103584960.9375,-88.63696876651983
103589843.75,-87.95720476959869
103594726.5625,-86.95863457595328
103599609.375,-84.53277271922025
103604492.1875,-80.88639263154258
103609375.0,-79.18550583710905
103614257.8125,-78.21946247355118
103619140.625,-76.70701870475577
103624023.4375,-75.00659762705408
103628906.25,-73.70515163991496
103633789.0625,-72.95861241591007
103638671.875,-72.34913093380842
103643554.6875,-71.32452824824472
103648437.5,-70.24478591748365
103653320.3125,-69.31725858732929
103658203.125,-68.56747622745607
103663085.9375,-67.97729686047762
103667968.75,-67.57259339363424
103672851.5625,-67.14598378510973
103677734.375,-66.49180756892409
103682617.1875,-65.83782583357555
103687500.0,-65.50042728593715
103692382.8125,-65.08563157956667
103697265.625,-65.35673107209274
103702148.4375,-65.22104453030713
103707031.25,-65.3721737114868
103711914.0625,-65.73520017023378
103716796.875,-65.93491200553137
103721679.6875,-66.3163605571244
103726562.5,-66.95779208951527
103731445.3125,-67.60991321112971
103736328.125,-68.19323840506786
103741210.9375,-69.06134416279804
103746093.75,-69.91532790665377
103750976.5625,-71.00409478634771
103755859.375,-71.89836889682744
103760742.1875,-72.1150166652663
103765625.0,-72.65692920716046
103770507.8125,-73.79446505051217
103775390.625,-75.35472588886364
103780273.4375,-76.99168447275719
103785156.25,-78.41948916441194
103790039.0625,-78.30771215847267
103794921.875,-77.78115643052945
103799804.6875,-81.8419869743762
103804687.5,-86.47518148274355
103809570.3125,-87.52617045674361
103814453.125,-88.12359291552275
103819335.9375,-88.9609184822931
103824218.75,-89.6381054562047
103829101.5625,-89.76077788751726
103833984.375,-89.81892186492263
103838867.1875,-90.12500441278948
103843750.0,-90.16291437258428
103848632.8125,-90.28673423978523
103853515.625,-90.45470209132955
103858398.4375,-90.3863994640443
103863281.25,-90.4521807057468
103868164.0625,-90.48803982940572
103873046.875,-90.45821487636312
103877929.6875,-90.6209474757616
103882812.5,-90.6368687816846
103887695.3125,-90.45582968343018
103892578.125,-90.48973358980746
103897460.9375,-90.62845857497902
103902343.75,-90.55255054224483
103907226.5625,-90.67013420105252
103912109.375,-90.49080217247956
103916992.1875,-90.60250396058538
103921875.0,-90.6263731035481
103926757.8125,-90.73620257922923
103931640.625,-90.77668468356853
103936523.4375,-90.66750133080808
103941406.25,-90.68652524740719
103946289.0625,-90.76246863632315
103951171.875,-90.67138707749416
103956054.6875,-90.78324975486731
103960937.5,-90.36044469383373
103965820.3125,-90.66595072836714
103970703.125,-90.77981072709821
103975585.9375,-90.72991969720027
103980468.75,-90.83217482323556
103985351.5625,-90.74868470440816
103990234.375,-90.8242058940146
103995117.1875,-90.79314871023797
104000000.0,-90.66773278729664
104004882.8125,-90.70543371916565
104009765.625,-90.60628675575288
104014648.4375,-90.8619161711726
104019531.25,-90.79213125720574
104024414.0625,-90.94677593296217
104029296.875,-90.78138082078769
104034179.6875,-90.8225479913732
104039062.5,-90.79348698053809
104043945.3125,-90.70809644468173
104048828.125,-90.94753016763127
104053710.9375,-90.78236203038446
104058593.75,-90.65073664420882
104063476.5625,-90.92591252863173
104068359.375,-90.8374937401083
104073242.1875,-90.84497508298998
104078125.0,-90.94973209349502
104083007.8125,-90.91247717802852
104087890.625,-90.92269671512582
104092773.4375,-90.82008785966138
104097656.25,-90.86899911952784
104102539.0625,-90.79356043193795
104107421.875,-90.772675031803
104112304.6875,-90.82708129288142
104117187.5,-90.87212466715505
104122070.3125,-90.90629851002245
104126953.125,-90.94651208508128
104131835.9375,-90.96328367078797
104136718.75,-90.86266928084794
104141601.5625,-90.86177977629742
104146484.375,-90.78956798467891
104151367.1875,-90.77571446467729
104156250.0,-90.83641633307874
104161132.8125,-90.8943514980069
104166015.625,-90.93608099932527
104170898.4375,-90.89622871941904
104175781.25,-91.03003038775657
104180664.0625,-91.03202730814499
104185546.875,-91.02185738839017
104190429.6875,-90.97594614629702
104195312.5,-90.90725522321154
104200195.3125,-90.87178132510078
104205078.125,-90.93522670752446
104209960.9375,-91.0880571121981
104214843.75,-90.96006008576754
104219726.5625,-90.87955337860026
104224609.375,-91.05660712652141
104229492.1875,-90.99186412713723
104234375.0,-90.87628094078815
104239257.8125,-91.00326336210469
104244140.625,-90.92749970815782
104249023.4375,-90.80665311189352
104253906.25,-91.05887629969047
104258789.0625,-90.98034473317196
104263671.875,-90.96370229185607
104268554.6875,-91.00348337227254
104273437.5,-90.8892357805343
104278320.3125,-90.94248400890115
104283203.125,-90.92990931534311
104288085.9375,-91.00517970092025
104292968.75,-90.89435819566728
104297851.5625,-90.89995891612926
104302734.375,-90.86383707271415
104307617.1875,-90.96733721108546
104312500.0,-90.86531295285374
104317382.8125,-90.89271649420948
104322265.625,-90.90529197137607
104327148.4375,-90.91607051855812
104332031.25,-90.84358562029826
104336914.0625,-90.91996798243446
104341796.875,-90.56154294668423
104346679.6875,-90.83299488493634
104351562.5,-90.84082459882859
104356445.3125,-90.95840852429168
104361328.125,-90.9485311731357
104366210.9375,-90.94639824603084
104371093.75,-90.78889802277496
104375976.5625,-90.87488270402727
104380859.375,-90.97464139603653
104385742.1875,-90.91715341037991
104390625.0,-90.51196067433744
104395507.8125,-90.78333573705518
104400390.625,-90.93161493309327
104405273.4375,-90.92065017925
104410156.25,-90.94252266704225
104415039.0625,-91.00098110111023
104419921.875,-91.00260061803257
104424804.6875,-90.90299427351434
104429687.5,-90.9139242570482
104434570.3125,-90.7872763672654
104439453.125,-90.77935246596186
104444335.9375,-90.94868278931636
104449218.75,-90.95874471828299
104454101.5625,-90.90103678375675
104458984.375,-90.98026913448575
104463867.1875,-90.87475849394113
104468750.0,-90.84021310546365
104473632.8125,-90.86553248486265
104478515.625,-90.89919515528447
104483398.4375,-90.86016407762787
104488281.25,-90.61179685018362
104493164.0625,-90.97820491551653
104498046.875,-90.9104797382654
104502929.6875,-90.98614513218129
104507812.5,-91.04523523176405
104512695.3125,-90.93486177185997
104517578.125,-90.90989476679391
104522460.9375,-90.95530749428102
104527343.75,-90.90519693818041
104532226.5625,-90.70642555273545
104537109.375,-90.81523777914677
104541992.1875,-90.98858860514733
104546875.0,-90.88844597149478
104551757.8125,-91.0058529355261
104556640.625,-90.94054872907535
104561523.4375,-90.8910931683842
104566406.25,-90.96072376733221
104571289.0625,-90.99575058570514
104576171.875,-90.93551936156186
104581054.6875,-90.64653557119712
104585937.5,-90.84246428641617
104590820.3125,-90.80543053406402
104595703.125,-90.83387451017933
104600585.9375,-90.78661234670133
104605468.75,-90.93819597324395
104610351.5625,-90.86104253995848
104615234.375,-90.84070962049151
104620117.1875,-90.78084650663419
104625000.0,-90.88380439705591
104629882.8125,-90.42135677401882
104634765.625,-90.8194699678742
104639648.4375,-90.78414455981562
104644531.25,-90.8154616376984
104649414.0625,-90.88797517075278
104654296.875,-90.95841602406585
104659179.6875,-90.8484586664949
104664062.5,-90.79970846182431
104668945.3125,-90.81483147937575
104673828.125,-90.78363095802999
104678710.9375,-90.57070878847145
104683593.75,-90.85047442704445
104688476.5625,-90.80684260111394
104693359.375,-90.80422923144798
104698242.1875,-90.7886429050242
104703125.0,-90.81691902736424
104708007.8125,-90.78088230600065
104712890.625,-90.8693409351423
104717773.4375,-90.83607394165355
104722656.25,-90.87321797742482
104727539.0625,-90.68838767950047
104732421.875,-90.77782490455746
104737304.6875,-90.76169277794921
104742187.5,-90.8092191289154
104747070.3125,-90.7099938759753
104751953.125,-90.8003257786749
104756835.9375,-90.9424393618271
104761718.75,-90.87611769762267
104766601.5625,-90.77652727990244
104771484.375,-90.72768037334095
104776367.1875,-90.72560018235032
104781250.0,-90.94378651786371
104786132.8125,-90.94081057904418
104791015.625,-90.7636671288405
104795898.4375,-90.79142353699277
104800781.25,-90.79910849897243
104805664.0625,-90.89712840688657
104810546.875,-90.9746054268324
104815429.6875,-90.86263485960444
104820312.5,-90.56726125398859
104825195.3125,-90.86806632900658
104830078.125,-90.90748874784472
104834960.9375,-90.89682332800828
104839843.75,-90.99999407927518
104844726.5625,-90.96444595544773
104849609.375,-90.94126957748932
104854492.1875,-90.87411959339124
104859375.0,-90.84151517269743
104864257.8125,-90.77973779022074
104869140.625,-90.72811462857129
104874023.4375,-90.82928554222917
104878906.25,-90.91967307700142
104883789.0625,-90.75035663524665
104888671.875,-90.96929807490633
104893554.6875,-90.82374305440649
104898437.5,-90.82566852095047
104903320.3125,-90.85254124771905
104908203.125,-90.80026292089786
104913085.9375,-90.66017858225058
104917968.75,-90.78287068116506
104922851.5625,-90.90557353227064
104927734.375,-90.93059434350661
104932617.1875,-90.8981373187255
104937500.0,-90.8346330867573
104942382.8125,-90.81193559952067
104947265.625,-90.91473202780429
104952148.4375,-90.96417708487718
104957031.25,-90.8706174760629
104961914.0625,-90.76585530443114
104966796.875,-90.80303530311522
104971679.6875,-90.79834283235274
104976562.5,-90.9261049404198
104981445.3125,-90.74934370312837
104986328.125,-90.76872956463649
104991210.9375,-90.86102356191259
104996093.75,-90.81935824876285
105000976.5625,-90.90481506073911
105005859.375,-90.91804465434404
105010742.1875,-90.55904627355463
105015625.0,-90.82984239739125
105020507.8125,-90.84774234412782
105025390.625,-90.82628757433312
105030273.4375,-90.87715756196425
105035156.25,-90.84055948976481
105040039.0625,-90.88028053146948
105044921.875,-90.82408022156511
105049804.6875,-90.83875923545304
105054687.5,-90.76218057852165
105059570.3125,-90.57576274288235
105064453.125,-90.83681838750513
105069335.9375,-90.81871737947344
105074218.75,-90.89653387045823
105079101.5625,-90.91830020251496
105083984.375,-90.78125517966868
105088867.1875,-90.78190953893656
105093750.0,-90.73940580456704
105098632.8125,-90.86232568761125
105103515.625,-90.8892749559991
105108398.4375,-90.44757407456689
105113281.25,-90.83384041096278
105118164.0625,-90.69914538954197
105123046.875,-90.68774716807292
105127929.6875,-90.55194161495228
105132812.5,-90.55037150695276
105137695.3125,-90.43776453505558
105142578.125,-90.46736252247268
105147460.9375,-90.47889592826414
105152343.75,-90.24319575783528
105157226.5625,-89.86326275549095
105162109.375,-90.33282021461335
105166992.1875,-90.3672217956458
105171875.0,-90.36305545000192
105176757.8125,-90.4684878370316
105181640.625,-90.71603562536245
105186523.4375,-90.71709778197811
105191406.25,-90.65396172348869
105196289.0625,-90.7410570375514
105201171.875,-90.85894443712897
105206054.6875,-90.66365185503949
105210937.5,-90.58888042428251
105215820.3125,-90.4793659580026
105220703.125,-90.42604012778125
105225585.9375,-90.38664860406311
105230468.75,-90.23406196984848
105235351.5625,-90.08912948409326
105240234.375,-90.28858793687093
105245117.1875,-90.50339386517217
105250000.0,-89.56944201546821
105254882.8125,-90.5663817519875
105259765.625,-90.61648949947883
105264648.4375,-90.80426782656755
105269531.25,-90.84432773660728
105274414.0625,-90.84594344041304
105279296.875,-90.87944552786033
105284179.6875,-90.96972984267046
105289062.5,-90.8656613025648
105293945.3125,-90.88741544138131
105298828.125,-90.48892682257184
105303710.9375,-90.93138928535171
105308593.75,-90.93112603207314
105313476.5625,-90.99455434933458
105318359.375,-90.94219178804371
105323242.1875,-90.90417567061661
105328125.0,-90.93245872223468
105333007.8125,-90.92309654191052
105337890.625,-91.03160102908669
105342773.4375,-90.8512238872473
105347656.25,-90.54754494840702
105352539.0625,-90.80908230758294
105357421.875,-91.01186713676213
105362304.6875,-90.96819218536001
105367187.5,-90.97334890911725
105372070.3125,-91.06605821827341
105376953.125,-90.89062257207141
105381835.9375,-90.87191771447553
105386718.75,-90.97867861987342
105391601.5625,-90.72315832289209
105396484.375,-90.56439430807569
105401367.1875,-90.85181175112274
105406250.0,-90.83936024123543
105411132.8125,-90.88191809315109
105416015.625,-90.7738825272665
105420898.4375,-90.8272353802173
105425781.25,-90.7118457430019
105430664.0625,-90.82527252396142
105435546.875,-90.75132804038861
105440429.6875,-90.7314974390635
105445312.5,-90.66310709508309
105450195.3125,-90.72176750745842
105455078.125,-90.81433471957678
105459960.9375,-90.83794976932336
105464843.75,-90.82464038291735
105469726.5625,-90.75537636720122
105474609.375,-90.73064048588375
105479492.1875,-90.73775557374037
105484375.0,-90.78684290016503
105489257.8125,-90.56968271778163
105494140.625,-90.66819671513667
105499023.4375,-90.55506025038139
105503906.25,-90.82256115351561
105508789.0625,-90.68965302418502
105513671.875,-90.73181483575468
105518554.6875,-90.85795889556269
105523437.5,-90.78925655523764
105528320.3125,-90.66628970882039
105533203.125,-90.61233850151748
105538085.9375,-90.56429047312571
105542968.75,-90.59451478387624
105547851.5625,-90.7367991332128
105552734.375,-90.74502632191323
105557617.1875,-90.68230736606725
105562500.0,-90.53681112151628
105567382.8125,-90.59706246734885
105572265.625,-90.45055083125689
105577148.4375,-90.26218697878699
105582031.25,-90.09947672204146
105586914.0625,-89.89123037152828
105591796.875,-89.94688901058444
105596679.6875,-89.73899862831311
105601562.5,-89.34818622976505
105606445.3125,-88.72284432199311
105611328.125,-87.90131407768362
105616210.9375,-86.48833690413497
105621093.75,-84.61254090133284
105625976.5625,-82.64165449225007
105630859.375,-81.2298629283504
105635742.1875,-79.77938213810037
105640625.0,-76.81780357230912
105645507.8125,-75.5371864719832
105650390.625,-74.12438291347061
105655273.4375,-73.6049088963158
105660156.25,-71.81870539975438
105665039.0625,-71.09807141077317
105669921.875,-70.45766651555769
105674804.6875,-69.79408607229632
105679687.5,-68.2753110836558
105684570.3125,-67.9335891703225
105689453.125,-68.73043699656685
105694335.9375,-68.77826753450944
105699218.75,-67.22048645034246
105704101.5625,-70.54716626398971
105708984.375,-77.58293017375482
105713867.1875,-80.68611610575539
105718750.0,-80.08570972728927
105723632.8125,-79.59124814864188
105728515.625,-79.05730151799779
105733398.4375,-78.55925266496027
105738281.25,-77.6040469986591
105743164.0625,-77.00244345387276
105748046.875,-77.17065326870886
105752929.6875,-77.21167424504907
105757812.5,-78.22400719707278
105762695.3125,-79.32097758044131
105767578.125,-80.25988929436744
105772460.9375,-79.96781966812577
105777343.75,-80.68758336603955
105782226.5625,-82.05388407718331
105787109.375,-85.4949666967128
105791992.1875,-86.90315247791403
105796875.0,-87.91882033552895
105801757.8125,-88.71233840811854
105806640.625,-89.80574919335092
105811523.4375,-90.13898941808668
105816406.25,-90.40979453816826
105821289.0625,-90.41464101368067
105826171.875,-90.2224710959236
105831054.6875,-90.59442742678823
105835937.5,-90.6069664768219
105840820.3125,-90.77048798376538
105845703.125,-90.90199884143902
105850585.9375,-90.78032575967194
105855468.75,-90.72127482934633
105860351.5625,-90.744364644303
105865234.375,-90.76998969332325
105870117.1875,-90.61758690944242
105875000.0,-90.57610555829368
105879882.8125,-90.86637200813112
105884765.625,-90.75506832933121
105889648.4375,-90.98983388107186
105894531.25,-91.00447517219737
105899414.0625,-90.91849185475905
105904296.875,-90.7793048051148
105909179.6875,-90.9637925327248
105914062.5,-90.82463608866374
105918945.3125,-90.49930251975647
105923828.125,-90.76723785321462
105928710.9375,-90.98045194585308
105933593.75,-90.91801167182078
105938476.5625,-90.9242703108319
105943359.375,-90.78547207592214
105948242.1875,-90.88063826587404
105953125.0,-90.87326142865913
105958007.8125,-90.82811530604164
105962890.625,-90.87469201786581
105967773.4375,-90.31963849104199
105972656.25,-90.95585144074138
105977539.0625,-90.78524520331445
105982421.875,-90.89949735952891
105987304.6875,-90.95920294390791
105992187.5,-90.93120484890176
105997070.3125,-90.9732426820726
106001953.125,-90.89854671512018
106006835.9375,-90.90984969827537
106011718.75,-90.94739353181043
106016601.5625,-90.53193549211329
106021484.375,-91.01706032350114
106026367.1875,-91.02092878619112
106031250.0,-90.9761375945991
106036132.8125,-90.94972252312661
106041015.625,-91.01732156049542
106045898.4375,-90.94189977138089
106050781.25,-90.9263396348361
106055664.0625,-90.98799032310606
106060546.875,-90.92087776948136
106065429.6875,-90.37985142214546
106070312.5,-90.96326167949624
106075195.3125,-90.88337175059229
106080078.125,-91.02722895485539
106084960.9375,-91.01876029729289
106089843.75,-91.06765887088469
106094726.5625,-90.97754380782473
106099609.375,-91.1320213914882
106104492.1875,-90.9037991654071
106109375.0,-90.71880266729622
106114257.8125,-91.06881510242064
106119140.625,-91.02529429776038
106124023.4375,-90.97997950846522
106128906.25,-90.98052727043475
106133789.0625,-91.01202238917622
106138671.875,-91.05424188586619
106143554.6875,-90.99224925938759
106148437.5,-91.04392387199161
106153320.3125,-91.00773556998459
106158203.125,-90.84826884947782
106163085.9375,-90.9916177596254
106167968.75,-91.01662086237192
106172851.5625,-91.02779298710831
106177734.375,-91.03017286077443
106182617.1875,-90.89496468034429
106187500.0,-91.11505744094455
106192382.8125,-90.95609574124151
106197265.625,-90.96355147715039
106202148.4375,-90.99675643819023
106207031.25,-90.65317084955569
106211914.0625,-90.95793162414515
106216796.875,-90.87979456364275
106221679.6875,-91.02641287767867
106226562.5,-91.02344369390624
106231445.3125,-90.88114084792923
106236328.125,-90.94631432842431
106241210.9375,-90.93000800628752
106246093.75,-91.03586190553139
106250976.5625,-90.84371327293783
106255859.375,-90.76078796820687
106260742.1875,-90.89558705282465
106265625.0,-90.92417720748438
106270507.8125,-90.97107589971833
106275390.625,-90.91307659252689
106280273.4375,-91.00721653427019
106285156.25,-90.89600745496273
106290039.0625,-90.9081297531813
106294921.875,-90.91121303635734
106299804.6875,-90.82694746813434
106304687.5,-90.91921276433072
106309570.3125,-90.8682256480084
106314453.125,-90.95646073932056
106319335.9375,-91.00101143607486
106324218.75,-91.00803290621639
106329101.5625,-90.93320152364208
106333984.375,-90.98853208647552
106338867.1875,-90.93873606277248
106343750.0,-91.03547105220716
106348632.8125,-90.78369685913603
106353515.625,-91.02642538900207
106358398.4375,-90.91577068168766
106363281.25,-90.9605897637116
106368164.0625,-90.92179449293974
106373046.875,-90.85475511113023
106377929.6875,-90.96198398403027
106382812.5,-90.85299506164787
106387695.3125,-90.89202479595596
106392578.125,-90.95304354311145
106397460.9375,-90.64064963624861
106402343.75,-90.86567113711098
106407226.5625,-91.0012064871118
106412109.375,-90.95287158029203
106416992.1875,-91.05470350915257
106421875.0,-90.91316788238953
106426757.8125,-91.04601504893526
106431640.625,-90.96418617790673
106436523.4375,-91.0393101823839
106441406.25,-90.96345102859064
106446289.0625,-90.60370075319281
106451171.875,-90.95736498583935
106456054.6875,-90.9393492568388
106460937.5,-91.10104341103701
106465820.3125,-90.96388234897182
106470703.125,-90.95920223787238
106475585.9375,-91.06190244758452
106480468.75,-91.06978936032917
106485351.5625,-91.09021666768871
106490234.375,-90.93737962904399
106495117.1875,-90.69634314994508
106500000.0,-88.7790097346585
106504882.8125,-90.97971970219479
106509765.625,-91.06795892546342
106514648.4375,-91.02891541724352
106519531.25,-90.98247159867657
106524414.0625,-91.05598734969743
106529296.875,-91.10259355544582
106534179.6875,-91.10688378965227
106539062.5,-90.98196235130072
106543945.3125,-90.9103037749754
106548828.125,-90.99161540316808
106553710.9375,-90.99020561317846
106558593.75,-91.0625740806579
106563476.5625,-90.96489989057602
106568359.375,-91.01437153033697
106573242.1875,-91.04096672996005
106578125.0,-91.04045018610935
106583007.8125,-90.98355747301488
106587890.625,-90.7000025057227
106592773.4375,-90.91988937034765
106597656.25,-90.9331894399659
106602539.0625,-90.92270682503005
106607421.875,-90.90357644206526
106612304.6875,-91.01409887207305
106617187.5,-91.01211423055412
106622070.3125,-91.0086540399439
106626953.125,-90.90726278663146
106631835.9375,-90.87275679511865
106636718.75,-90.69521374539795
106641601.5625,-90.9221310028874
106646484.375,-90.91150178274032
106651367.1875,-90.92430871796392
106656250.0,-90.83856009468855
106661132.8125,-90.93621870301953
106666015.625,-90.8885273250763
106670898.4375,-90.87233934594354
106675781.25,-90.86953021760462
106680664.0625,-90.74386780379007
106685546.875,-90.53529241718007
106690429.6875,-90.8275544700534
106695312.5,-90.95944493691312
106700195.3125,-90.9092702598357
106705078.125,-90.8456814056805
106709960.9375,-90.78294782493995
106714843.75,-90.76740479891288
106719726.5625,-90.74366796957304
106724609.375,-90.91353671629213
106729492.1875,-90.74835953655813
106734375.0,-90.80566029187594
106739257.8125,-90.93407774936432
106744140.625,-90.82132178681331
106749023.4375,-90.92061449529714
106753906.25,-90.97210780269748
106758789.0625,-90.91631931105556
106763671.875,-90.9486238171884
106768554.6875,-91.01042198365718
106773437.5,-90.76810672919262
106778320.3125,-90.84455184786725
106783203.125,-90.85578817361187
106788085.9375,-90.90337225700321
106792968.75,-90.96893787469267
106797851.5625,-90.84220746735656
106802734.375,-90.95436423823557
106807617.1875,-90.96049089425458
106812500.0,-90.98047632199015
106817382.8125,-91.00068385375778
106822265.625,-90.81199111072709
106827148.4375,-90.80790637880537
106832031.25,-90.96338518145313
106836914.0625,-90.99412906025088
106841796.875,-90.93751888732336
106846679.6875,-90.85350284832327
106851562.5,-90.97114499906232
106856445.3125,-90.95776577668121
106861328.125,-90.93784237249099
106866210.9375,-90.98179218928558
106871093.75,-90.9247573374461
106875976.5625,-90.71611841208599
106880859.375,-90.9159779097507
106885742.1875,-90.93731432905699
106890625.0,-90.9733807896342
106895507.8125,-90.95036718962876
106900390.625,-90.92901271503234
106905273.4375,-91.12132254397187
106910156.25,-90.91644949319357
106915039.0625,-91.10210171162271
106919921.875,-91.02029364892758
106924804.6875,-90.2808969479587
106929687.5,-90.9695553130502
106934570.3125,-91.09437064940553
106939453.125,-91.0677458591885
106944335.9375,-91.04780521885627
106949218.75,-91.24907250790022
106954101.5625,-91.00778214750645
106958984.375,-91.09536680598262
106963867.1875,-90.94087468683145
106968750.0,-90.96519081020296
106973632.8125,-90.83594327248039
106978515.625,-91.00528866173858
106983398.4375,-90.93646210840967
106988281.25,-91.02455854585989
106993164.0625,-90.98878365947007
106998046.875,-90.90298964704522
107002929.6875,-90.9051563523301
107007812.5,-91.00096946407083
107012695.3125,-91.02192257012169
107017578.125,-90.66679531281306
107022460.9375,-90.94975283369754
107027343.75,-90.81696931570383
107032226.5625,-90.98886375462337
107037109.375,-90.8848139283206
107041992.1875,-90.94326545794678
107046875.0,-90.88780949129551
107051757.8125,-91.00244340615893
107056640.625,-90.91629778136942
107061523.4375,-90.92522750433088
107066406.25,-90.60467406449413
107071289.0625,-90.82427077281665
107076171.875,-90.7937458013198
107081054.6875,-90.231309522441
107085937.5,-90.38459795434423
107090820.3125,-90.46524152133722
107095703.125,-90.29509234607809
107100585.9375,-89.66779801784915
107105468.75,-90.08390923209726
107110351.5625,-90.44410430655304
107115234.375,-90.38317060986313
107120117.1875,-90.84200620249081
107125000.0,-90.83856971217844
107129882.8125,-90.7443619339113
107134765.625,-90.751410302311
107139648.4375,-90.85170211643532
107144531.25,-90.884460787243
107149414.0625,-90.81705818763913
107154296.875,-90.89665052916712
107159179.6875,-90.9324558344799
107164062.5,-90.68031273203829
107168945.3125,-91.0213665052159
107173828.125,-90.9381535457552
107178710.9375,-91.14096521231596
107183593.75,-91.0876504186862
107188476.5625,-91.04939418603794
107193359.375,-91.04406900833277
107198242.1875,-91.08280265973059
107203125.0,-91.00869389156907
107208007.8125,-90.84246764610762
107212890.625,-90.79064872685808
107217773.4375,-91.04157327529731
107222656.25,-90.89187489790879
107227539.0625,-90.96087584740769
107232421.875,-90.99325651469772
107237304.6875,-90.98908245386218
107242187.5,-90.8494653163971
107247070.3125,-90.8820291259909
107251953.125,-90.7026384995425
107256835.9375,-90.62888352724818
107261718.75,-90.67133094357169
107266601.5625,-90.7898545104118
107271484.375,-90.60607935252267
107276367.1875,-90.5422472577697
107281250.0,-90.60451560818709
107286132.8125,-90.3894501370379
107291015.625,-90.25833923123557
107295898.4375,-90.0492130060635
107300781.25,-89.93960860346391
107305664.0625,-89.72085573352987
107310546.875,-90.04287177101054
107315429.6875,-90.14446021782433
107320312.5,-90.23729451314415
107325195.3125,-90.32979024647105
107330078.125,-90.58447568890978
107334960.9375,-90.70640564375225
107339843.75,-90.79496568536842
107344726.5625,-90.97902776141814
107349609.375,-90.7793357077644
107354492.1875,-90.77890533009855
107359375.0,-90.97524244683743
107364257.8125,-90.95094938953142
107369140.625,-90.988614213076
107374023.4375,-90.9227779528592
107378906.25,-91.01289230182735
107383789.0625,-90.9504911313532
107388671.875,-90.9340058513117
107393554.6875,-91.00290975354636
107398437.5,-90.90679417608729
107403320.3125,-90.77298084964806
107408203.125,-90.87005213908301
107413085.9375,-90.93339581261316
107417968.75,-90.85312580951592
107422851.5625,-91.04384053182068
107427734.375,-90.75734290623507
107432617.1875,-90.9294722604896
107437500.0,-91.00440022556333
107442382.8125,-90.91195564397418
107447265.625,-90.81390010405724
107452148.4375,-90.84811819713678
107457031.25,-90.77576579730251
107461914.0625,-90.87729488740243
107466796.875,-90.82908090928726
107471679.6875,-90.91949381952395
107476562.5,-90.966889658389
107481445.3125,-90.96897114750465
107486328.125,-90.98610276482725
107491210.9375,-90.85017254635008
107496093.75,-90.91275493742657
107500976.5625,-90.79590706130779
107505859.375,-90.93159754561958
107510742.1875,-90.99864939450808
107515625.0,-90.86800880845092
107520507.8125,-90.81949688465954
107525390.625,-90.93565412693164
107530273.4375,-90.99143619465781
107535156.25,-90.88664236852449
107540039.0625,-90.87595256813881
107544921.875,-90.86072812727275
107549804.6875,-90.84487503597092
107554687.5,-90.96909098412539
107559570.3125,-90.84687184696608
107564453.125,-91.0339657062112
107569335.9375,-91.02816439227877
107574218.75,-91.06304214772462
107579101.5625,-90.89123477850501
107583984.375,-90.97221144973685
107588867.1875,-90.9059750629171
107593750.0,-90.6954087492077
107598632.8125,-90.87664813384822
107603515.625,-90.99782361853926
107608398.4375,-90.89012927886006
107613281.25,-90.95095320981261
107618164.0625,-90.93647938691655
107623046.875,-90.99588955976569
107627929.6875,-90.92442397398386
107632812.5,-91.02509375917282
107637695.3125,-91.00222137626668
107642578.125,-90.84344188436373
107647460.9375,-90.96889627185044
107652343.75,-90.95365538119938
107657226.5625,-91.07099487090315
107662109.375,-90.93020167439252
107666992.1875,-91.04974640586227
107671875.0,-91.00199331205974
107676757.8125,-90.88952187376344
107681640.625,-91.05788562641723
107686523.4375,-90.7651665751288
107691406.25,-91.00009578991009
107696289.0625,-91.01172132102232
107701171.875,-90.97866826728142
107706054.6875,-90.98729172727792
107710937.5,-90.89441525348195
107715820.3125,-90.98899989079422
107720703.125,-91.03548684500939
107725585.9375,-91.04059766442737
107730468.75,-91.00785349886104
107735351.5625,-90.32120854098667
107740234.375,-91.00066924232414
107745117.1875,-91.00026594635119
107750000.0,-90.9008029017395
107754882.8125,-90.91182091163546
107759765.625,-90.88166688025098
107764648.4375,-90.87400226172593
107769531.25,-90.86923290319459
107774414.0625,-90.90046636160983
107779296.875,-90.82789324659845
107784179.6875,-90.71847567113724
107789062.5,-90.862938509825
107793945.3125,-90.97651927081569
107798828.125,-90.94255199280633
107803710.9375,-90.87990718142618
107808593.75,-90.88721776227669
107813476.5625,-90.94896932899024
107818359.375,-90.79662869468183
107823242.1875,-90.94417074061505
107828125.0,-90.89439505685823
107833007.8125,-90.39599803064405
107837890.625,-90.68791486376125
107842773.4375,-90.71695697118759
107847656.25,-90.78536897017062
107852539.0625,-90.75198359749905
107857421.875,-90.83364140310482
107862304.6875,-90.81142741718256
107867187.5,-90.56322664710225
107872070.3125,-90.76014872166749
107876953.125,-90.70303525563972
107881835.9375,-90.72970810023537
107886718.75,-90.75997893092119
107891601.5625,-90.76623781361471
107896484.375,-90.68465914950264
107901367.1875,-90.79687500095181
107906250.0,-90.72242998278358
107911132.8125,-90.71050767582946
107916015.625,-90.72998508552851
107920898.4375,-90.76270110413083
107925781.25,-90.6514949664519
107930664.0625,-90.78022389763862
107935546.875,-90.77112202433472
107940429.6875,-90.6849290183454
107945312.5,-90.70156120162093
107950195.3125,-90.87146202601164
107955078.125,-90.84164697670022
107959960.9375,-90.86120113561142
107964843.75,-90.87683244614192
107969726.5625,-90.69309906165276
107974609.375,-90.82806589196358
107979492.1875,-90.88012855605598
107984375.0,-90.81927784380963
107989257.8125,-90.83433886043
107994140.625,-90.92929744719623
107999023.4375,-90.77223487862321
108003906.25,-90.84074566267768
108008789.0625,-90.86467939327429
108013671.875,-90.87014543914626
108018554.6875,-90.97488809837131
108023437.5,-90.81491347846978
108028320.3125,-90.9671890962612
108033203.125,-90.92192255554079
108038085.9375,-90.84235313453607
108042968.75,-90.81503873361174
108047851.5625,-91.08533862175625
108052734.375,-90.93281993068265
108057617.1875,-91.01477797862194
108062500.0,-90.95006417604242
108067382.8125,-90.8742866657648
108072265.625,-90.95302316268311
108077148.4375,-90.89061157128648
108082031.25,-91.0145641337493
108086914.0625,-91.00673715807085
108091796.875,-90.93897103033561
108096679.6875,-90.9961818637563
108101562.5,-90.94970672525784
108106445.3125,-91.02988895566665
108111328.125,-90.89210817945767
108116210.9375,-90.96055210642194
108121093.75,-90.90381862740057
108125976.5625,-90.96181932340423
108130859.375,-91.04405141427918
108135742.1875,-91.07806538128884
108140625.0,-91.0441813735599
108145507.8125,-90.96197320480886
108150390.625,-90.85359407229436
108155273.4375,-90.9027036629538
108160156.25,-91.03273735140544
108165039.0625,-90.92931417798596
108169921.875,-90.93800952574551
108174804.6875,-90.98474710549158
108179687.5,-91.04363186829181
108184570.3125,-91.03805996922765
108189453.125,-90.98093330553553
108194335.9375,-90.96078140744834
108199218.75,-90.9337404098346
108204101.5625,-91.00562175897207
108208984.375,-90.90105018212907
108213867.1875,-90.68820152643252
108218750.0,-91.01738517903655
108223632.8125,-90.94253743708686
108228515.625,-90.92119913767783
108233398.4375,-91.03960874923538
108238281.25,-90.96032502605522
108243164.0625,-90.97334176209142
108248046.875,-90.86096995671443
108252929.6875,-90.92105602081614
108257812.5,-90.86851823947373
108262695.3125,-90.84150856961782
108267578.125,-90.9604301496706
108272460.9375,-90.96004549781728
108277343.75,-90.95434818593978
108282226.5625,-90.93910803461407
108287109.375,-90.978945330811
108291992.1875,-90.99255429332084
108296875.0,-90.88104137032221
108301757.8125,-90.89256456156625
108306640.625,-90.8582635324477
108311523.4375,-90.80774410110371
108316406.25,-90.83155961092308
108321289.0625,-91.02673123907894
108326171.875,-90.83566438944916
108331054.6875,-90.84047955884967
108335937.5,-90.87559776803033
108340820.3125,-90.95693395322206
108345703.125,-90.93401460486933
108350585.9375,-90.89569681524387
108355468.75,-90.7409452645
108360351.5625,-91.0019273045626
108365234.375,-90.96983254068303
108370117.1875,-90.7720995953068
108375000.0,-90.97637409880431
108379882.8125,-90.92705193236048
108384765.625,-90.9740736385555
108389648.4375,-90.8941774358581
108394531.25,-90.92788940141907
108399414.0625,-90.99555349189149
108404296.875,-90.66106570385566
108409179.6875,-90.86232077882576
108414062.5,-90.96528199873927
108418945.3125,-90.82982972392955
108423828.125,-90.91079475930769
108428710.9375,-91.00599719275951
108433593.75,-90.97754136083813
108438476.5625,-91.02545601580024
108443359.375,-90.99922949730558
108448242.1875,-91.0124765157642
108453125.0,-90.8932414439767
108458007.8125,-90.90529018144656
108462890.625,-90.83084384313818
108467773.4375,-91.00421969191063
108472656.25,-91.0149154450616
108477539.0625,-91.03742310145873
108482421.875,-91.05567357592773
108487304.6875,-90.96151335563223
108492187.5,-90.94311725477826
108497070.3125,-90.99841152948113
108501953.125,-90.8567588612919
108506835.9375,-90.9595277290326
108511718.75,-91.02266329398805
108516601.5625,-90.9893334061488
108521484.375,-90.93007315766098
108526367.1875,-90.95576605948776
108531250.0,-90.90149734687805
108536132.8125,-90.99819873463528
108541015.625,-91.04987220227406
108545898.4375,-91.03107931655856
108550781.25,-91.03955167987053
108555664.0625,-91.06546734929339
108560546.875,-91.01388884125993
108565429.6875,-91.02347247275009
108570312.5,-91.03811354413432
108575195.3125,-91.02554837661694
108580078.125,-90.97484981873743
108584960.9375,-90.9094845167769
108589843.75,-91.10008495912231
108594726.5625,-90.81699283270513
108599609.375,-91.07410174254065
108604492.1875,-91.00568081092433
108609375.0,-90.96626199883963
108614257.8125,-91.02765858141697
108619140.625,-90.85933708160763
108624023.4375,-91.13351364045144
108628906.25,-91.12928527627889
108633789.0625,-90.9724034095785
108638671.875,-90.91548821292636
108643554.6875,-90.85138526965923
108648437.5,-90.96473852479733
108653320.3125,-91.013345398469
108658203.125,-91.07005262049478
108663085.9375,-91.00083042185531
108667968.75,-90.96719285050466
108672851.5625,-91.01833723009196
108677734.375,-90.9854089786096
108682617.1875,-91.03198258353805
108687500.0,-90.94732611677227
108692382.8125,-90.9809615141175
108697265.625,-91.00723538803382
108702148.4375,-90.99045833153414
108707031.25,-91.0693819742155
108711914.0625,-90.95669593485948
108716796.875,-91.04852639971543
108721679.6875,-91.04129048546906
108726562.5,-90.9783499286259
108731445.3125,-91.03258287221857
108736328.125,-90.91814639717231
108741210.9375,-90.95929983011979
108746093.75,-90.97593652725769
108750976.5625,-91.12449243419684
108755859.375,-90.9906763060265
108760742.1875,-91.06526243327747
108765625.0,-91.08744594741836
108770507.8125,-90.89415345322683
108775390.625,-91.05562942353893
108780273.4375,-91.07735995966442
108785156.25,-90.8890060404544
108790039.0625,-91.00677524771751
108794921.875,-91.13236707903863
108799804.6875,-91.03545637125274
108804687.5,-90.8719327515335
108809570.3125,-90.99068404345212
108814453.125,-90.99078440794034
108819335.9375,-91.01376667218258
108824218.75,-91.1099214512617
108829101.5625,-90.97650855760111
108833984.375,-90.86278146576498
108838867.1875,-90.98206449928088
108843750.0,-91.07454995487569
108848632.8125,-91.14009014331106
108853515.625,-91.0682899248607
108858398.4375,-91.00514438135116
108863281.25,-91.05516300853938
108868164.0625,-91.15259921011071
108873046.875,-91.05621451929781
108877929.6875,-91.08011627860853
108882812.5,-91.0041371786084
108887695.3125,-91.04091769311776
108892578.125,-90.95555669701122
108897460.9375,-91.0473645372472
108902343.75,-91.12877176762157
108907226.5625,-91.11263994823202
108912109.375,-90.94873878496705
108916992.1875,-90.91196754605815
108921875.0,-90.96330030249652
108926757.8125,-91.07977137421494
108931640.625,-90.89903271508663
108936523.4375,-91.13574893319469
108941406.25,-90.93797417661568
108946289.0625,-91.03069262004195
108951171.875,-91.08692232553477
108956054.6875,-91.04360523800585
108960937.5,-91.10356438296668
108965820.3125,-90.96900027166294
108970703.125,-91.0885148048124
108975585.9375,-90.91251395958395
108980468.75,-91.03232208397483
108985351.5625,-91.12679482375523
108990234.375,-90.92128191933514
108995117.1875,-90.97888430583242
109000000.0,-90.9446188049973
109004882.8125,-90.94497943398682
109009765.625,-91.04239750635432
109014648.4375,-91.04606042915202
109019531.25,-91.00280765773701
109024414.0625,-90.80878535822032
109029296.875,-90.92634300382156
109034179.6875,-90.98780345464294
109039062.5,-91.04247891058247
109043945.3125,-90.96322365803238
109048828.125,-90.9254321473345
109053710.9375,-90.99823008766657
109058593.75,-90.95253210994795
109063476.5625,-90.94968485249001
109068359.375,-91.01007809398655
109073242.1875,-90.89555830571351
109078125.0,-90.94656357929
109083007.8125,-90.94826685677438
109087890.625,-91.00163503151836
109092773.4375,-90.99088547769196
109097656.25,-90.96284252847735
109102539.0625,-90.99485246293926
109107421.875,-90.94245388027471
109112304.6875,-90.9663698549144
109117187.5,-90.96667483601749
109122070.3125,-90.8501679351586
109126953.125,-90.91973177042883
109131835.9375,-90.8990160569918
109136718.75,-90.97319132177486
109141601.5625,-90.92332028127623
109146484.375,-90.99182590518717
109151367.1875,-91.09556719899325
109156250.0,-91.05955971450706
109161132.8125,-90.92965182821908
109166015.625,-91.02605689525876
109170898.4375,-91.04222425938792
109175781.25,-91.05645514617134
109180664.0625,-90.99643045305112
109185546.875,-91.05980802783702
109190429.6875,-90.95887165835694
109195312.5,-91.0955824477573
109200195.3125,-91.08428230930502
109205078.125,-90.88859133466755
109209960.9375,-91.15789241001724
109214843.75,-91.04675235601334
109219726.5625,-91.18618228320841
109224609.375,-91.0656734040661
109229492.1875,-91.07130998805707
109234375.0,-91.12368982163648
109239257.8125,-91.1566524781235
109244140.625,-91.13393495561124
109249023.4375,-91.09523440755817
109253906.25,-91.08306702943247
109258789.0625,-91.05751778819373
109263671.875,-91.01839326203188
109268554.6875,-91.03978994855208
109273437.5,-91.0707742396244
109278320.3125,-91.0564159575874
109283203.125,-91.13358845034878
109288085.9375,-91.12054899794322
109292968.75,-91.19690705938717
109297851.5625,-91.17317188915177
109302734.375,-91.16469030111304
109307617.1875,-91.07998044331987
109312500.0,-91.13980706135547
109317382.8125,-91.01391288685508
109322265.625,-91.08489521068879
109327148.4375,-91.18273438397091
109332031.25,-91.00112316742002
109336914.0625,-91.14523952107879
109341796.875,-91.08457355879833
109346679.6875,-90.98349849114965
109351562.5,-91.0405284273109
109356445.3125,-91.04868104900214
109361328.125,-90.83910525768798
109366210.9375,-91.02746533482468
109371093.75,-91.02014662956225
109375976.5625,-91.07623632361776
109380859.375,-91.04525573330835
109385742.1875,-91.08364841380674
109390625.0,-91.08675127001482
109395507.8125,-90.98239242514865
109400390.625,-91.13780851131872
109405273.4375,-90.92485983385171
109410156.25,-91.03373017029597
109415039.0625,-91.01654153335826
109419921.875,-90.93017534669866
109424804.6875,-91.07956708168234
109429687.5,-90.9729245704367
109434570.3125,-90.98668210113237
109439453.125,-90.93410981930074
109444335.9375,-90.95545819774216
109449218.75,-90.91076259704889
109454101.5625,-90.89027402220643
109458984.375,-90.94424197586304
109463867.1875,-90.95499618667677
109468750.0,-90.94236053909586
109473632.8125,-90.98306064753586
109478515.625,-90.9715441968408
109483398.4375,-90.98357245753417
109488281.25,-90.90903786696626
109493164.0625,-90.93166987624852
109498046.875,-90.88027878787892
109502929.6875,-90.79253340662106
109507812.5,-90.93311751368472
109512695.3125,-90.90040265241129
109517578.125,-90.90397762835386
109522460.9375,-91.0544926794683
109527343.75,-91.03455479493056
109532226.5625,-90.98367339760532
109537109.375,-91.05067689510409
109541992.1875,-90.9584432392181
109546875.0,-91.01202606448084
109551757.8125,-90.8812205864692
109556640.625,-90.93592230264187
109561523.4375,-91.0445612349431
109566406.25,-91.04192547059617
109571289.0625,-91.11163935480201
109576171.875,-90.97501090807208
109581054.6875,-91.04787546388363
109585937.5,-90.93101104814576
109590820.3125,-90.9553379868509
109595703.125,-91.09816132571495
109600585.9375,-90.88573481199069
109605468.75,-91.07465048155223
109610351.5625,-91.06735765833653
109615234.375,-90.94867640440134
109620117.1875,-91.0903641046257
109625000.0,-91.05550201587906
109629882.8125,-90.90664743079176
109634765.625,-90.96944107300331
109639648.4375,-90.90665053153901
109644531.25,-90.84382549625565
109649414.0625,-90.96950713287927
109654296.875,-90.87849763423338
109659179.6875,-90.60025958662999
109664062.5,-90.53351172535037
109668945.3125,-90.72265043774419
109673828.125,-90.71790200799634
109678710.9375,-90.66175977025748
109683593.75,-90.88857630341272
109688476.5625,-90.78480748868503
109693359.375,-90.62942636261783
109698242.1875,-90.4277046370157
109703125.0,-89.93360042083393
109708007.8125,-89.5242288579698
109712890.625,-89.06490872198188
109717773.4375,-88.66707831129304
109722656.25,-88.8640388549542
109727539.0625,-89.1404398264751
109732421.875,-89.4429438205012
109737304.6875,-89.85666721742408
109742187.5,-90.17798175555629
109747070.3125,-90.52651114521217
109751953.125,-90.67917031876806
109756835.9375,-90.92350038709256
109761718.75,-90.87772772399299
109766601.5625,-90.97475730858147
109771484.375,-91.09223231431724
109776367.1875,-90.89902457281818
109781250.0,-91.13998286585354
109786132.8125,-91.07891342694782
109791015.625,-91.00561104668887
109795898.4375,-91.18356127737098
109800781.25,-91.08582849421785
109805664.0625,-91.15497173986674
109810546.875,-91.12160818607555
109815429.6875,-91.02503343810852
109820312.5,-91.06399383668014
109825195.3125,-91.07986188958523
109830078.125,-91.1160263442074
109834960.9375,-91.00483457010819
109839843.75,-91.0898428135992
109844726.5625,-91.06825093328649
109849609.375,-91.03567467487119
109854492.1875,-91.00090676576161
109859375.0,-91.01549955898327
109864257.8125,-91.10331752893018
109869140.625,-91.01934629787718
109874023.4375,-90.99331748845736
109878906.25,-90.96505663202197
109883789.0625,-91.0732093757299
109888671.875,-91.15085474713274
109893554.6875,-91.09687032194932
109898437.5,-91.09579570671238
109903320.3125,-91.03655762358957
109908203.125,-90.86190636997304
109913085.9375,-90.95297660771902
109917968.75,-91.04830803670771
109922851.5625,-90.89085627381627
109927734.375,-90.98573465411664
109932617.1875,-90.93140903495032
109937500.0,-91.02481100912217
109942382.8125,-90.95309287631889
109947265.625,-91.09437848942224
109952148.4375,-90.98169810847281
109957031.25,-90.99553589181423
109961914.0625,-90.98330667035614
109966796.875,-90.94886312414795
109971679.6875,-91.00754970400772
109976562.5,-91.01093339055328
109981445.3125,-90.97531099836016
109986328.125,-91.00067841303718
109991210.9375,-90.98777180346508
109996093.75,-91.01565483677106
110000976.5625,-90.67742419814354
110005859.375,-90.93202968100653
110010742.1875,-91.01840045590058
110015625.0,-91.0060956217757
110020507.8125,-90.99924008302591
110025390.625,-90.8650621633428
110030273.4375,-90.9641289097774
110035156.25,-91.03780485587649
110040039.0625,-90.99662683703156
110044921.875,-91.09774997457566
110049804.6875,-90.99421791281384
110054687.5,-90.97911655017293
110059570.3125,-91.11668845301574
110064453.125,-91.13552169273413
110069335.9375,-91.03202985711641
110074218.75,-91.19561089375114
110079101.5625,-91.07881325662723
110083984.375,-91.140001733503
110088867.1875,-90.95324075465118
110093750.0,-91.16114492299275
110098632.8125,-91.01079412524743
110103515.625,-91.06597795165126
110108398.4375,-90.95121231208375
110113281.25,-91.06837726197472
110118164.0625,-91.10572731412833
110123046.875,-91.0467508765175
110127929.6875,-91.05822244352123
110132812.5,-91.10568880900013
110137695.3125,-90.97503712724483
110142578.125,-90.96740518486237
110147460.9375,-90.95572661628506
110152343.75,-90.95165569152007
110157226.5625,-90.89536507451785
110162109.375,-91.04155345502323
110166992.1875,-90.99481426351423
110171875.0,-90.94975267029702
110176757.8125,-90.98346908210726
110181640.625,-91.10245962729269
110186523.4375,-91.0510097292362
110191406.25,-91.05716331967261
110196289.0625,-91.0804188015696
110201171.875,-90.97240721736426
110206054.6875,-91.03641567531648
110210937.5,-91.0415855123268
110215820.3125,-90.97840814184917
110220703.125,-91.01972808209115
110225585.9375,-90.94813264931139
110230468.75,-91.05801295972879
110235351.5625,-91.08006804690541
110240234.375,-90.94130956577908
110245117.1875,-90.96794195668366
110250000.0,-91.00293781244031
110254882.8125,-90.91457103130605
110259765.625,-90.9611671441154
110264648.4375,-91.00115649397824
110269531.25,-90.85917757688762
110274414.0625,-90.97764526136118
110279296.875,-90.90700812482868
110284179.6875,-90.88118584715579
110289062.5,-91.01810391169923
110293945.3125,-90.93907310904711
110298828.125,-90.7939618240049
110303710.9375,-90.76572230658667
110308593.75,-90.80978237220774
110313476.5625,-90.94593204941052
110318359.375,-90.99378852720412
110323242.1875,-91.03804419414655
110328125.0,-91.03695566678971
110333007.8125,-90.95138291379953
110337890.625,-90.97894727105981
110342773.4375,-91.01890274026769
110347656.25,-91.07070804222866
110352539.0625,-90.99343177806605
110357421.875,-90.99913732271088
110362304.6875,-90.99145431721217
110367187.5,-90.82352545030969
110372070.3125,-91.05701917454726
110376953.125,-90.97967653249728
110381835.9375,-91.04827803719493
110386718.75,-91.08106584122618
110391601.5625,-91.05260564882738
110396484.375,-90.94966390899381
110401367.1875,-90.99071103770206
110406250.0,-91.0805382822846
110411132.8125,-91.08122668788576
110416015.625,-91.04747505350971
110420898.4375,-91.10536551358015
110425781.25,-91.07382548716424
110430664.0625,-91.08903304091947
110435546.875,-90.99813586515111
110440429.6875,-91.07871909088675
110445312.5,-91.0270493382713
110450195.3125,-90.97014866670227
110455078.125,-91.09608209178828
110459960.9375,-91.07876931804844
110464843.75,-90.99294557796466
110469726.5625,-90.9636255938062
110474609.375,-91.05852473778955
110479492.1875,-91.05597804141462
110484375.0,-90.99799438129293
110489257.8125,-91.08241425676698
110494140.625,-90.9502535859429
110499023.4375,-91.04094893470244
110503906.25,-90.978290639715
110508789.0625,-91.11667548079998
110513671.875,-91.05399111740871
110518554.6875,-91.01529163682775
110523437.5,-91.00237446197633
110528320.3125,-90.9872293319157
110533203.125,-91.00705844480314
110538085.9375,-91.02943032257656
110542968.75,-90.99465840952283
110547851.5625,-91.00306157640492
110552734.375,-90.92807608557007
110557617.1875,-90.97701695697427
110562500.0,-91.02619006039367
110567382.8125,-90.9970866115568
110572265.625,-90.97672313779515
110577148.4375,-90.95370839085507
110582031.25,-90.91851528328988
110586914.0625,-90.98514077661076
110591796.875,-90.96711483426583
110596679.6875,-90.91844992403165
110601562.5,-91.03117201979987
110606445.3125,-90.96718889757861
110611328.125,-90.9547719307132
110616210.9375,-90.94175954968341
110621093.75,-90.92697912940443
110625976.5625,-90.85208919338314
110630859.375,-91.0460560520772
110635742.1875,-90.86280557865047
110640625.0,-91.02503135248793
110645507.8125,-90.8774586577905
110650390.625,-90.82988953349457
110655273.4375,-90.9196276136382
110660156.25,-90.93666422511387
110665039.0625,-90.77330756980035
110669921.875,-91.01394170106101
110674804.6875,-90.75741666835111
110679687.5,-90.87456128706333
110684570.3125,-90.92527667771179
110689453.125,-90.93316969996525
110694335.9375,-90.97514436711026
110699218.75,-90.99376385043772
110704101.5625,-90.94079380152976
110708984.375,-90.93066840115262
110713867.1875,-90.94471914983697
110718750.0,-90.90849290970016
110723632.8125,-90.82388011892397
110728515.625,-91.04706402583707
110733398.4375,-90.95452899355604
110738281.25,-90.98528225306092
110743164.0625,-90.99945632921799
110748046.875,-90.88983774386139
110752929.6875,-90.91433019206829
110757812.5,-91.0049261394455
110762695.3125,-90.96303927753505
110767578.125,-91.06787734246404
110772460.9375,-90.96427663943518
110777343.75,-91.01222188392083
110782226.5625,-90.90831201768376
110787109.375,-90.97056694504249
110791992.1875,-90.92409356240512
110796875.0,-91.05292876584261
110801757.8125,-91.02378628025778
110806640.625,-90.97396757534733
110811523.4375,-90.92227038675466
110816406.25,-90.99837702424477
110821289.0625,-90.98458482075463
110826171.875,-91.00692374766533
110831054.6875,-90.98992955777754
110835937.5,-91.12769040608339
110840820.3125,-91.0810798248396
110845703.125,-91.1370010154501
110850585.9375,-91.06523334915283
110855468.75,-91.0902639921527
110860351.5625,-91.07568460195913
110865234.375,-90.97926697237978
110870117.1875,-90.99039879559211
110875000.0,-91.12826203205842
110879882.8125,-91.08308785289924
110884765.625,-91.12789320908581
110889648.4375,-91.11392729340156
110894531.25,-91.10950767211659
110899414.0625,-91.06520389362657
110904296.875,-91.08769302814824
110909179.6875,-91.01723051737522
110914062.5,-91.10256084088513
110918945.3125,-91.06079695458666
110923828.125,-91.16308794218463
110928710.9375,-91.01648535632984
110933593.75,-91.22120992225143
110938476.5625,-91.12755151392224
110943359.375,-91.11452641969555
110948242.1875,-91.10519586968795
110953125.0,-91.11524803676693
110958007.8125,-91.09172882289369
110962890.625,-91.16851001426522
110967773.4375,-91.12396887518375
110972656.25,-91.00666365783545
110977539.0625,-91.09976796525268
110982421.875,-90.95938858022438
110987304.6875,-91.0962881763947
110992187.5,-91.11827899127775
110997070.3125,-91.09735742390941
111001953.125,-90.9974710813463
111006835.9375,-91.05383613722063
111011718.75,-91.05507087472643
111016601.5625,-91.06463524117962
111021484.375,-91.0595213969448
111026367.1875,-91.04828358758567
111031250.0,-91.02442314008752
111036132.8125,-91.02509832057135
111041015.625,-90.95888063140143
111045898.4375,-91.06271306498715
111050781.25,-91.04902050668434
111055664.0625,-91.15964881652562
111060546.875,-91.04792695007814
111065429.6875,-90.97183156415605
111070312.5,-90.92993342232134
111075195.3125,-91.03197801468073
111080078.125,-90.82479022986684
111084960.9375,-91.05029719356165
111089843.75,-91.0095466925554
111094726.5625,-91.013703655666
111099609.375,-91.03841715944574
111104492.1875,-91.03768574387695
111109375.0,-90.9617302392598
111114257.8125,-90.94137372006497
111119140.625,-91.02411148154485
111124023.4375,-91.02265980156159
111128906.25,-90.94668536002052
111133789.0625,-90.97198268829038
111138671.875,-90.8926094088259
111143554.6875,-90.99296401993226
111148437.5,-91.00474521983818
111153320.3125,-90.9875118567304
111158203.125,-91.00752420015988
111163085.9375,-91.00612951595019
111167968.75,-90.96954872452642
111172851.5625,-91.01262218660139
111177734.375,-91.07009233965445
111182617.1875,-91.06193117453529
111187500.0,-91.11045253710549
111192382.8125,-90.99022238908472
111197265.625,-91.10871258027876
111202148.4375,-91.00909171433418
111207031.25,-90.99188951784438
111211914.0625,-91.13503604942144
111216796.875,-91.0640739153464
111221679.6875,-91.1545001097729
111226562.5,-91.06386044984663
111231445.3125,-90.90622342126045
111236328.125,-90.94997228027094
111241210.9375,-90.96345344676922
111246093.75,-91.03471893306579
111250976.5625,-91.0803668747948
111255859.375,-91.06594139733892
111260742.1875,-91.08999921602086
111265625.0,-91.119634302225
111270507.8125,-91.03935794526163
111275390.625,-90.99021039182415
111280273.4375,-91.02947849020924
111285156.25,-91.11593653935151
111290039.0625,-90.97721337857229
111294921.875,-90.9806512728571
111299804.6875,-91.07697870305034
111304687.5,-91.11977224064432
111309570.3125,-91.0599222007699
111314453.125,-91.11446262036597
111319335.9375,-91.10304902731195
111324218.75,-91.10337492823962
111329101.5625,-91.14590465581153
111333984.375,-91.12022971563272
111338867.1875,-91.03925135624476
111343750.0,-91.05608061086335
111348632.8125,-91.06635428881901
111353515.625,-91.12104208914258
111358398.4375,-91.03762674850296
111363281.25,-91.02883774775376
111368164.0625,-91.21090437049517
111373046.875,-91.12167962585136
111377929.6875,-91.08436228140462
111382812.5,-91.13115400237072
111387695.3125,-91.060994591205
111392578.125,-91.11436985262392
111397460.9375,-91.06737136211643
111402343.75,-91.03063436023061
111407226.5625,-91.04211679111614
111412109.375,-91.24512983828009
111416992.1875,-91.13640741164926
111421875.0,-91.16454778884813
111426757.8125,-91.03918384123506
111431640.625,-91.07896805065857
111436523.4375,-91.01373362250337
111441406.25,-91.04483341012784
111446289.0625,-91.14554986463264
111451171.875,-91.02586085132975
111456054.6875,-90.96153735921115
111460937.5,-91.0827884293465
111465820.3125,-91.0663046923076
111470703.125,-91.00847421101494
111475585.9375,-90.99269163797632
111480468.75,-90.99301626385969
111485351.5625,-90.96487270254065
111490234.375,-90.95340297795451
111495117.1875,-91.12602415276893
